{"02723-assumar.jpg": "a close up of a vase on a wall", "39948-2oldtesx.jpg": "a painting of a woman standing next to a painting", "38884-main01.jpg": "a large white building with a painting on the wall", "17467-1altar1.jpg": "an old photo of a man sitting on the ground", "21653-alexand.jpg": "a group of people riding on the backs of horses", "43599-031virtu.jpg": "a woman is standing on the floor with a umbrella", "10308-04luthe1.jpg": "a woman wearing a hat and a hat", "19907-05edward.jpg": "a small child wearing a red hat with a sign", "18897-semirami.jpg": "a couple of women standing next to each other", "43124-lepanto.jpg": "a picture of a building in the distance", "42283-0701velb.jpg": "a man wearing a black jacket with a tie", "44530-federi08.jpg": "a painting of a man sitting next to a woman", "04117-l_evenin.jpg": "a herd of animals walking across a river", "14924-3ponta06.jpg": "a woman standing in front of a wall", "10501-birds.jpg": "a group of birds standing next to each other", "24610-moneylen.jpg": "a couple of men sitting on top of a table", "44342-bayhunte.jpg": "a statue of a man standing next to a horse", "17547-05portra.jpg": "a man wearing a hat and a black hat", "34629-capricci.jpg": "a statue of a man riding on the back of a horse", "07310-polyptyc.jpg": "a large group of people standing next to each other", "16400-joachi5.jpg": "a painting of a man and a woman flying a bird", "05563-22predel.jpg": "a statue of a man sitting on top of a table", "36093-camillu1.jpg": "a large group of horses in a museum", "14542-st_john.jpg": "a woman sitting on a table in the dark", "27077-mealoyst.jpg": "a couple of women standing next to each other", "16070-joachi1.jpg": "a group of people standing next to each other", "17278-selfpo05.jpg": "a man wearing a hat and a hat", "36657-madonna.jpg": "a man sitting on a table next to a man", "43024-madonna.jpg": "a man and woman sitting on a bench", "34317-maruce17.jpg": "a group of people playing in a circus", "44760-christ_x.jpg": "a statue of a man jumping in the air", "28666-1london4.jpg": "a picture of a waterfall in the ocean", "06259-03eleono.jpg": "a group of people sitting on top of a bed", "34092-4renoi09.jpg": "a picture of a house in the woods", "32932-3vision.jpg": "a group of people standing in front of a building", "32549-panel1.jpg": "a man standing in front of a painting of a woman", "43179-self_por.jpg": "a woman in a black jacket and a hat", "07879-landscap.jpg": "a herd of animals walking down a street", "12481-09dresd1.jpg": "a statue of a man holding a guitar", "44289-rome.jpg": "a large body of water with many boats in it", "08410-p_friar.jpg": "a man in a brown jacket holding a tie", "11693-3adorati.jpg": "a group of people standing next to horses", "32760-04oddi.jpg": "a group of people standing around a statue", "10337-1couple3.jpg": "a man with a hat and a hat on", "32766-04oddi2.jpg": "a group of people standing around a building", "20040-032mocki.jpg": "a black and white photo of a man and a woman", "13804-platonic.jpg": "a group of statues and statues in a museum", "17459-carlyle.jpg": "a man with a beard and a beard", "24429-chapel_l.jpg": "a group of people standing in front of a building", "17782-601goya.jpg": "a statue of a man sitting next to a wall", "34326-3giustin.jpg": "a painting of a <unk> on the side of a building", "18179-p_woman.jpg": "a man is sitting in front of a mirror", "08277-portrait.jpg": "a man sitting on a chair in a room", "25855-05mednya.jpg": "a body of water next to a body of water", "40439-virgin1.jpg": "a statue of a woman standing next to a statue", "19431-banquet.jpg": "a display of fruits and vegetables on a table", "32127-cattlepa.jpg": "a man riding on the back of a herd of cattle", "13637-14ferenc.jpg": "a table with a table and a table with an umbrella", "22156-courtyar.jpg": "a group of people standing in front of a building", "12052-physicia.jpg": "a woman taking a picture of herself in a mirror", "06261-05eleono.jpg": "a group of people sitting in a room", "03418-09hounds.jpg": "a close up of a dog laying on a bed", "15516-shepher.jpg": "a group of people standing next to each other", "22954-21tickle.jpg": "a couple of women sitting on top of a couch", "22751-countess.jpg": "a woman in a dress and a dog", "03686-ludwig10.jpg": "a man wearing a hat and a hat", "27102-militiam.jpg": "a man in a suit is holding a bag", "21497-certosa1.jpg": "an old building with a clock on the wall", "38871-09udine.jpg": "a statue of a man standing next to a statue", "05689-revealin.jpg": "a group of people that are in a room", "43191-sisera.jpg": "a woman in a red dress holding a camera", "05278-5parhell.jpg": "a painting of a woman standing next to a statue", "36421-earhly.jpg": "a couple of men and a dog in a forest", "05646-allegor2.jpg": "a couple of kids that are sitting in a pool", "32767-04oddi3.jpg": "a group of people standing next to each other", "44200-narni.jpg": "a couple of people standing next to a tree", "18426-2107grec.jpg": "a group of people standing next to each other", "02988-potiphar.jpg": "a couple of men sitting on a couch", "13151-kanzler.jpg": "a close up of a person wearing a hat", "26544-07_0bay7.jpg": "a painting of a man in a room", "12371-allegory.jpg": "a woman in a bikini holding a wine glass", "05742-selfpor2.jpg": "a woman in a white dress and a white dress", "31970-09portra.jpg": "a person sitting on a chair with a dog", "17079-orchar00.jpg": "a painting of a vase with flowers in it", "30682-basket.jpg": "a bunch of flowers in a basket", "41417-21month1.jpg": "a building with a painting on the wall", "13679-retable.jpg": "a large clock mounted to the side of a building", "41411-18chape1.jpg": "a painting of a man standing next to a statue", "04546-virgin_c.jpg": "a large statue of a woman in a costume", "05397-studio2.jpg": "a group of people standing around a room", "43498-eruption.jpg": "a group of people standing on top of a body of water", "38082-mediport.jpg": "a group of people in boats in the water", "00893-20east.jpg": "a group of people standing next to each other", "09443-francis.jpg": "a wall with a bunch of people in it", "42625-28astro0.jpg": "a woman sitting at a table in a room", "44609-caldogn2.jpg": "a room with a painting on the wall", "18582-04mock.jpg": "a group of people sitting on a bench", "03077-1illasi4.jpg": "a large painting of people on a ledge", "15640-gentlema.jpg": "a statue of a man holding an umbrella", "25929-angel1.jpg": "a close up of a person with a blanket", "24828-adorati.jpg": "a group of people standing next to each other", "26349-player.jpg": "a woman holding a pair of scissors next to a woman", "10133-13religi.jpg": "a group of people standing on top of a stage", "43182-vonfries.jpg": "a man is taking a picture of himself", "43400-formosa1.jpg": "a man in a red robe standing next to a woman", "25287-08vac.jpg": "a painting of a woman standing next to a statue", "19753-roaddyke.jpg": "a herd of cattle walking down a dirt road", "08291-polyptyc.jpg": "a clock that is on top of a wall", "19252-helen.jpg": "a group of people standing in front of a statue", "06951-bombardm.jpg": "a view of a city at night time", "18539-3seasons.jpg": "a group of people walking a dog on a beach", "18719-guard099.jpg": "a group of people standing around a building", "41094-03head.jpg": "a statue of a man with a mask on his head", "21537-virginch.jpg": "a woman sitting on a chair with a baby", "30975-augustin.jpg": "a woman sitting on a bed with a dog", "11523-crypt2.jpg": "a statue of a man sitting on a stone wall", "00417-4saints1.jpg": "a group of people standing in front of a building", "18755-guard297.jpg": "a large building with a clock on it", "39284-6cassia3.jpg": "a black and white photo of people in a room", "41508-caldogn2.jpg": "a group of people standing in front of a tree", "00206-venus1.jpg": "a group of people in a room playing a game", "13278-willem2.jpg": "a group of people standing in front of a building", "44264-protestb.jpg": "a group of people standing in front of a building", "16860-1dome1.jpg": "a large clock mounted to the side of a building", "26678-00_5bn2.jpg": "a couple of animals that are laying in a room", "32807-36lamuta.jpg": "a woman in a red dress is sitting on a couch", "39607-33luke.jpg": "a man with his head in a mirror", "12478-07virgin.jpg": "a woman sitting in a chair next to a baby", "24060-2sposi10.jpg": "a picture of a man holding a baby", "29294-303muril.jpg": "a woman and a dog are sitting on a bench", "08763-lyingin2.jpg": "a group of people sitting on top of a couch", "18245-0606grec.jpg": "a woman wearing a red and white dress shirt and tie", "36812-martyrdo.jpg": "a group of men standing next to each other", "13616-2fenyes.jpg": "a man sitting on the ground next to a fire hydrant", "23166-05monaco.jpg": "a painting of a woman sitting next to a painting", "42440-whatwont.jpg": "a brown and white dog standing next to a building", "00588-08lasts1.jpg": "a group of people sitting in front of a building", "43209-martyrdo.jpg": "a painting of a woman and a dog", "21127-shipwrec.jpg": "a group of people riding on the back of a boat", "20899-stillie.jpg": "a couple of animals that are laying down", "09297-vanitas3.jpg": "a table topped with books and a book", "28910-virgin_c.jpg": "a woman holding a baby in her arms", "10932-adorati0.jpg": "a group of people sitting on a boat", "20646-aranjuez.jpg": "a large group of people and horses on a beach", "20487-crucifix.jpg": "a statue of a man standing next to a wall", "29991-huntstag.jpg": "a couple of animals that are in the grass", "14225-mad_chil.jpg": "a couple of women standing next to each other", "09707-11stonin.jpg": "a group of people standing around a statue", "19354-maryscot.jpg": "a group of people sitting on top of a bed", "09100-calvary.jpg": "a large group of people sitting next to each other", "19796-marriage.jpg": "a group of people sitting in a room", "23925-coastal.jpg": "a group of people standing on top of a sandy beach", "44056-7sforza1.jpg": "a group of people standing in front of a painting", "07609-63sleepi.jpg": "a man laying on a bed next to a man", "14464-310fried.jpg": "a couple of people standing next to a tree", "14513-lazarus.jpg": "a group of people standing next to each other", "06197-sl_nymph.jpg": "a man laying in bed next to a man", "22158-young_dr.jpg": "a man sitting on a bench with a pair of scissors", "43257-michelan.jpg": "a group of people standing next to each other", "14174-06happy.jpg": "a woman sitting on a couch in a room", "17004-nuenen19.jpg": "a black and white photo of a man in a black jacket", "33546-67portra.jpg": "a woman in a dress holding a piece of food", "19445-stillbre.jpg": "a bunch of food sitting on top of a table", "36082-1view3.jpg": "a room that has a painting on it", "11705-berzseny.jpg": "a woman wearing a tie and a tie", "03306-predell3.jpg": "a group of women standing next to each other", "33658-05misc.jpg": "a black and white photo of a person sitting in a church", "05371-bouquet1.jpg": "a vase of flowers sitting on a shelf", "35741-waterfax.jpg": "a mountain range with a mountain in the background", "41313-021cruci.jpg": "a painting of a man standing next to a red wall", "29897-ferry.jpg": "a group of people on a boat in the water", "34444-neptune.jpg": "a statue of two people standing next to each other", "32858-parnas.jpg": "a group of people standing next to each other", "16818-1troia2.jpg": "a living room with a painting on the wall", "08487-02early.jpg": "a statue of a man holding a baseball glove", "40020-brothe03.jpg": "a man is standing next to a man", "39632-4magdale.jpg": "a woman holding a cigarette in her hand", "29777-virgin_c.jpg": "a group of people sitting on top of a boat", "30730-huquier.jpg": "a woman in a brown shirt and white shirt", "36438-latona.jpg": "a large body of water next to a river", "18488-selfporx.jpg": "a woman wearing a blue shirt and blue tie", "15994-lazarus.jpg": "a group of people standing next to each other", "11390-kitchen.jpg": "a wooden table topped with pots and pans", "22215-madonna.jpg": "a group of people sitting on a couch", "41103-05tripti.jpg": "a group of people sitting next to each other", "13318-18annunc.jpg": "a man standing in front of a building", "25212-crucifix.jpg": "a group of people riding horses in a parade", "32318-16autumn.jpg": "a group of people standing next to a forest", "31699-paris081.jpg": "a group of people standing in front of a building", "11526-italiana.jpg": "a herd of cattle laying on top of a grass covered field", "04749-moses.jpg": "a group of people that are sitting on a couch", "44565-10monza.jpg": "a statue of a man standing in front of a building", "39015-1hall3.jpg": "a large clock that is in a room", "08420-figures.jpg": "a group of people sitting around a tree", "30013-flora.jpg": "a woman in blue shirt sitting on a tree", "18742-guard207.jpg": "a river filled with lots of small boats", "23344-08madon.jpg": "a group of people that are sitting on a couch", "35357-stillif2.jpg": "a plate of fruit and vegetables on a table", "09510-fall_tit.jpg": "a group of men standing next to each other", "36954-models4.jpg": "a brown and white horse standing in front of a wall", "11470-stillifg.jpg": "a couple of animals that are standing next to each other", "21530-v_genoa.jpg": "a scenic view of the mountains in the distance", "19425-stillflo.jpg": "a tree filled with lots of red flowers", "43075-terni.jpg": "a group of people walking along a rocky cliff", "10608-piping.jpg": "a man and a dog are sitting on a rock", "12282-verso21.jpg": "a group of people standing next to each other", "33403-04passio.jpg": "an image of a person with a large object", "12199-maest_01.jpg": "a picture of a painting on the wall", "34172-tarleton.jpg": "a man sitting on top of a horse next to a woman", "06777-bathsheb.jpg": "a woman in a dress sitting on a bench", "08719-idlehour.jpg": "a group of people sitting on top of a lush green hillside", "33649-08landsc.jpg": "a group of people standing around a sandy beach", "33229-eberhard.jpg": "a couple of men standing next to each other", "09111-launch.jpg": "a bunch of boats that are in the water", "42180-virgin_c.jpg": "a large wooden clock with a picture on it", "09294-vanitas0.jpg": "a table that has a bunch of items on it", "29441-oldwoman.jpg": "a close up of a person in a dark room", "19639-horses3.jpg": "a couple of horses standing next to a building", "26522-2entombm.jpg": "a group of people standing next to each other", "12962-carignan.jpg": "a statue of a woman and a horse", "21414-potocki.jpg": "a couple of women standing next to each other", "29470-frozen.jpg": "a group of people standing around a river", "20367-09ingres.jpg": "a shirtless man in his underwear in a room", "12110-port_wom.jpg": "a woman is holding a pair of scissors", "37170-casino.jpg": "a black and white photo of a building with a church in the background", "11959-orsett10.jpg": "a painting of a man and a dog on a table", "18235-0505grec.jpg": "a statue of a man and a dog", "32974-07sedia2.jpg": "a picture of a woman and two children", "24833-virgin_2.jpg": "a painting of a man holding a <unk>", "13209-dowager.jpg": "a woman in a dress standing in a room", "06107-watercar.jpg": "a woman sitting on top of a pile of rocks", "38438-06szinye.jpg": "a group of people that are sitting in the grass", "37848-dianacte.jpg": "a group of people standing next to a tree", "39609-35jerome.jpg": "a man with a beard and a beard and a dog", "17830-blac622.jpg": "a group of people riding on the back of a motorcycle", "24126-scene8.jpg": "a group of people standing next to each other", "24585-healing.jpg": "a group of people that are sitting on a couch", "34136-s_jerome.jpg": "a man sitting on a table holding a book", "03719-gentlema.jpg": "an older man and a woman at a table", "21329-pompadou.jpg": "a woman sitting on a bed in a room", "09097-virgin.jpg": "a woman sitting on a couch holding a baby", "11684-humility.jpg": "a group of people sitting next to each other", "37707-martyrdo.jpg": "a group of people that are playing a game", "30723-acisgala.jpg": "a group of people sitting on top of a body of water", "38446-14szinye.jpg": "a person standing in the middle of a field", "14327-scene04.jpg": "a statue of a woman standing next to a statue", "22555-0view0.jpg": "a large glass vase with statues on it", "16598-loggetta.jpg": "a wall that has a bunch of birds on it", "03768-036madon.jpg": "a man is sitting on a wooden bench", "17807-711goya.jpg": "a group of people sitting around a building", "22767-blindman.jpg": "a group of people standing next to each other", "16668-1miniatv.jpg": "a group of people standing next to a statue", "02620-05arella.jpg": "a painting of flowers in a room filled with flowers", "41392-11cruciy.jpg": "a group of people standing next to each other", "07836-4stonin.jpg": "a group of people standing next to each other", "30905-temptati.jpg": "a painting of a man standing next to a tree", "25074-s_anne3.jpg": "a couple of women standing next to each other", "05484-10barnab.jpg": "a group of people standing next to each other", "26766-1lastjud.jpg": "a group of people standing next to each other", "20729-cleopatr.jpg": "a group of people sitting on a couch with a dog", "22425-tavern.jpg": "a group of people sitting around a table", "43378-saints.jpg": "a painting of a man standing next to a statue", "21567-christca.jpg": "a group of people standing next to each other", "17124-arles46.jpg": "a man standing next to a tree in a park", "17706-11goya.jpg": "a close up of a person wearing a suit and tie", "18265-0804grec.jpg": "a black and white photo of a man and a dog", "11465-selfport.jpg": "a man is sitting on the ground with two dogs", "36707-larderst.jpg": "a woman sitting next to a group of birds", "06752-man3sons.jpg": "a man and a woman standing next to each other", "31261-silenus.jpg": "a group of people sitting on top of a table", "43755-00gather.jpg": "a black and white photo of a group of people", "05946-journey.jpg": "a group of people standing next to each other", "11136-1870s_01.jpg": "a man and a woman sitting at a table", "17994-03chapel.jpg": "a stuffed animal sitting on top of a blue wall", "30532-fete_cha.jpg": "a group of people standing around a christmas tree", "41166-x_portra.jpg": "a man wearing a hat and a tie", "19468-stillife.jpg": "a bunch of fruits and vegetables on a table", "38862-hurdygur.jpg": "a couple of people sitting next to each other", "34190-jerome.jpg": "a dog laying on top of a red blanket", "36788-wharf.jpg": "a group of people sitting around a building", "06260-04eleono.jpg": "a group of people sitting in a room", "30810-assumpt.jpg": "a group of people standing next to each other", "23986-1mark.jpg": "a man wearing a hat talking on a cell phone", "39337-000inter.jpg": "a large cathedral with a large ceiling and ceiling", "09001-01ulysse.jpg": "a large group of people standing next to a river", "38983-04labia.jpg": "a large stone building with statues and statues", "10090-18altar.jpg": "a statue of a man and a woman holding a baseball bat", "24000-zeno04.jpg": "a group of people standing next to each other", "15793-village1.jpg": "a group of people standing in front of a building", "15202-calvary.jpg": "a group of people standing next to each other", "19112-17no2boy.jpg": "a couple of people standing next to each other", "00725-2mira.jpg": "a group of people sitting next to each other", "37402-park.jpg": "a woman standing in a forest with an umbrella", "05447-20adorat.jpg": "a group of people standing next to each other", "00179-cardioti.jpg": "a statue of a man holding a statue of a dog", "11585-evangeli.jpg": "a man holding a bird and a bird", "20258-singeri5.jpg": "a group of people standing around in a room", "08127-legnano.jpg": "a group of people riding on the backs of elephants", "21416-yusupov.jpg": "a man sitting on the ground next to a dog", "17555-13portra.jpg": "an old photo of a woman and a child", "33956-oratorio.jpg": "a group of people standing next to each other", "08508-1lands08.jpg": "a large green tree surrounded by trees", "44570-15monza.jpg": "a group of people standing next to each other", "25912-stimelon.jpg": "a table topped with lots of fruits and vegetables", "23311-16virgin.jpg": "a group of people sitting on top of a couch", "31035-odalisqu.jpg": "a man laying on a couch with a dog", "34667-provenc2.jpg": "a large stone building with a castle in the background", "04000-danae.jpg": "a group of people laying on a bed", "26196-eroticse.jpg": "a building that has a painting on it", "40399-extensiv.jpg": "a group of people standing on top of a dirt road", "11645-2scene3.jpg": "a picture of a man standing on top of a building", "23992-5euphemi.jpg": "a woman is standing next to a statue", "34420-sacrific.jpg": "a couple of dogs that are laying down", "32158-port_yw.jpg": "a close up of a person wearing a hat", "25339-peleus_t.jpg": "a group of people standing in a room", "38762-deesis1.jpg": "a statue of a man sitting on a wall", "16565-0view.jpg": "a large clock on the side of a building", "13583-magenta.jpg": "a group of people riding on the backs of horses", "37122-2m_child.jpg": "a group of people sitting on top of an elephant", "06021-3triumph.jpg": "a group of people standing next to each other", "10167-1salome1.jpg": "a man and a woman sitting next to each other", "11122-early13.jpg": "a man in a black hat sitting in a chair", "09795-triumph1.jpg": "a group of people standing next to each other", "24596-st_anne6.jpg": "a picture of people standing in front of a mirror", "08736-cascade1.jpg": "a statue of a bear standing next to a tree", "04748-marriage.jpg": "a picture of a group of people and a dog", "44410-miravan.jpg": "a group of people sitting in a room", "18362-1513grec.jpg": "a man in a yellow shirt is holding a tie", "34655-louvre1.jpg": "a group of people standing in front of a stone building", "28486-winter3.jpg": "a group of people walking down a dirt road", "23580-port_boy.jpg": "a woman in a dress and a dog", "06917-flowers.jpg": "a bouquet of flowers in a vase on a table", "14051-saugisti.jpg": "a statue of a man wearing a tie and tie", "19106-15singin.jpg": "a man wearing a hat and holding a guitar", "35442-73religi.jpg": "a group of people that are on horses", "11388-palace_c.jpg": "a group of people standing in front of a building", "09858-courb119.jpg": "a banana peel is laying on the ground", "23844-3manet03.jpg": "a statue of a man in a white dress", "06333-19other.jpg": "a statue of a horse in a forest", "34733-scipio.jpg": "a group of people that are sitting on the ground", "22348-jacobjos.jpg": "a group of people that are sitting on a couch", "34151-colonel.jpg": "a woman in a red jacket is riding a horse", "19205-72portwo.jpg": "a woman wearing a hat holding a purse", "19218-78preach.jpg": "a close up of a person wearing a suit and tie", "30403-galeazzo.jpg": "a man in a red hat sitting on a table", "07405-sibyl.jpg": "a woman in a white shirt and a white shirt", "25151-anthony2.jpg": "a group of people standing next to a brick building", "07586-53mercy0.jpg": "a group of people standing around a statue", "42054-victory.jpg": "a picture of a building with a clock on it", "03539-blindsin.jpg": "a man and a woman standing next to each other", "41697-09deathv.jpg": "a group of people sitting on a bench", "37923-selfport.jpg": "a man sitting on a couch holding a surfboard", "16731-sleeping.jpg": "a man laying on a bed next to a pile of rocks", "17239-6still2.jpg": "a close up of a vase with flowers in it", "32101-brazland.jpg": "a group of people standing in the middle of a field", "22981-obscura.jpg": "a woman and a child sitting in a car", "04793-port_man.jpg": "a man in a suit sitting in front of a wall", "21486-margaret.jpg": "a group of people laying on top of a bed", "41967-s_jerome.jpg": "a woman in a red jacket holding a bag", "43819-musicia1.jpg": "a group of people standing next to each other", "22353-old_man2.jpg": "a close up of a person with a <unk>", "39943-1deesis2.jpg": "a decorative clock on a wall in a room", "26126-34prayer.jpg": "a close up of a person with a pair of scissors", "16950-2portina.jpg": "a picture of a woman in a dress", "12065-youngmot.jpg": "a black and white photo of a man in a room", "37872-baptist.jpg": "a group of people standing next to each other", "06264-07eleono.jpg": "a group of people sitting on top of a building", "07541-34thomas.jpg": "a couple of men standing next to each other", "06019-2judith.jpg": "a man and a woman standing next to each other", "32267-19gather.jpg": "a group of people standing around a group of people", "14902-early04.jpg": "a dog is laying down on a rock", "24797-3mero_r.jpg": "a man sitting in a wooden chair holding a <unk>", "35761-rest_fli.jpg": "a painting of a man and woman sitting on a bed", "36710-stilfrui.jpg": "a table filled with lots of fruits and vegetables", "30836-maddalen.jpg": "a close up of a person with a laptop", "35416-371relig.jpg": "a group of people that are sitting on a couch", "00028-culmingh.jpg": "a woman laying on the floor next to a dog", "14004-portgirl.jpg": "a woman is standing in front of a mirror", "04579-playlute.jpg": "a man in a red hat holding a baseball bat", "21570-mordecai.jpg": "a group of people standing next to each other", "34130-reneanjo.jpg": "a group of people that are standing in a room", "38104-stillify.jpg": "a table topped with a plate of bread and bread", "12287-verso24.jpg": "a painting of a woman sitting next to a wall", "04398-prophet2.jpg": "a statue of a man with a hat and a hat", "08501-1lands01.jpg": "a dirt road with a mountain in the background", "02954-rocca1.jpg": "a building with a painting on the wall", "22783-mercury.jpg": "a group of people and cows in a field", "37786-1south.jpg": "a large room with many people and statues", "33415-38newtes.jpg": "a couple of people sitting in the middle of a forest", "33472-06mythom.jpg": "a woman sitting on a couch next to a tree", "24509-medal1.jpg": "a close up of a person in a mirror", "04601-medici6.jpg": "a couple of dogs that are laying down", "03065-dianaact.jpg": "a group of people standing next to each other", "07318-paris1.jpg": "a couple of boats floating on top of a river", "21478-allegory.jpg": "a woman is standing next to a statue of a man", "09400-canova.jpg": "a man standing next to a statue of a woman", "33960-sl_putto.jpg": "a close up of a person laying on a bed", "07196-canal312.jpg": "a large building with people walking around it", "02831-panorami.jpg": "a large group of people standing in the middle of a beach", "19129-29nohad.jpg": "a group of people sitting around a table", "26277-12menzel.jpg": "a group of people walking down a street", "28690-andromed.jpg": "a statue of a man sitting on top of a statue", "35612-14landsc.jpg": "a group of people standing around a group of people", "11479-tabley.jpg": "a group of people in boats on a river", "11060-volkonsk.jpg": "a statue of a man standing next to a wall", "37703-aeneas.jpg": "a group of people standing around a man", "03465-1william.jpg": "a building with a statue of people standing around", "28823-woman.jpg": "a woman in a dress and a hat", "17469-1altar3.jpg": "a statue of a man sitting on top of a tree", "03295-5francis.jpg": "a woman is standing next to a tree", "23390-1thud.jpg": "a herd of horses standing on top of a dirt field", "11151-1870s_15.jpg": "a group of people standing in a room", "12151-crossing.jpg": "a group of people riding on the back of a horse", "07798-064virgi.jpg": "a group of people standing next to a building", "34827-flowers.jpg": "a bouquet of flowers in a vase on a table", "42121-05vecchi.jpg": "a wall with a painting on the wall", "21852-morning2.jpg": "a young girl is playing with a toy", "15195-selfport.jpg": "a woman in a red coat is talking on a cell phone", "13046-lamentat.jpg": "a group of people laying on a bed", "33982-potiphar.jpg": "a couple of people standing next to each other", "17057-paris07.jpg": "a person standing on a bridge near a lamp post", "32514-crucifi2.jpg": "a young man is doing a trick on a skateboard", "22499-5annunci.jpg": "a statue of a woman sitting next to a teddy bear", "19685-westerk.jpg": "a large building with a building in the background", "17814-718goya.jpg": "a group of people sitting on top of elephants", "43249-kermesse.jpg": "a large group of people standing in front of a building", "30881-f_opere.jpg": "a man wearing a black hat and a tie", "06011-port_man.jpg": "a man in black jacket holding a sandwich", "23606-girl_dog.jpg": "a woman holding a brown and white dog", "38911-021apoll.jpg": "a group of people standing next to a waterfall", "42673-old_man.jpg": "a man in a black jacket and a black hat", "43476-mancini1.jpg": "a woman in a dress and a dress", "06539-garland.jpg": "a painting of some flowers in a room", "11011-405david.jpg": "a group of people standing in front of a building", "13091-lastsupp.jpg": "a group of people sitting around a table", "00581-05pazzi.jpg": "a large group of people standing next to each other", "16792-3east3.jpg": "a painting of a woman and a woman on a bench", "40753-01icon6.jpg": "a painting of a man standing next to a building", "40055-1redhea5.jpg": "a painting of a woman in a painting of a painting", "35637-05sketch.jpg": "a group of people standing next to each other", "15232-50mere.jpg": "a woman in a dress standing next to a statue", "31853-corbian.jpg": "a group of people sitting around a table", "17802-706goya.jpg": "a couple of people that are holding an umbrella", "05414-italian.jpg": "a group of people in a field with horses", "24106-92virgin.jpg": "a baby is laying down on the ground", "26009-07noport.jpg": "a woman wearing a suit and a tie", "37806-manett07.jpg": "a close up of a person with a cat", "07055-conversi.jpg": "a group of people in a room with elephants", "14734-basket.jpg": "a bunch of fruits and vegetables sitting on a table", "16394-chris22.jpg": "a group of people standing next to a painting", "44345-ladygroo.jpg": "a woman is standing next to a horse", "39226-stillif3.jpg": "a painting of a couple of birds eating food", "06653-carnival.jpg": "a large group of people standing around a building", "30632-dormitio.jpg": "a large group of people sitting at a table", "41495-2scene01.jpg": "a group of people sitting on a bench", "44277-8rome.jpg": "a group of people walking across a sandy beach", "18095-5martyrd.jpg": "a group of people standing in front of a painting", "08870-15adora.jpg": "a group of people standing next to each other", "16871-4south2.jpg": "a group of people standing next to each other", "15240-8patrie.jpg": "a group of people standing next to each other", "04498-zrough_s.jpg": "a boat that is sitting in the water", "00213-phaeton6.jpg": "a man sitting on a bed in front of a painting", "07035-louis16.jpg": "a statue of a woman in a dress", "23999-zeno03.jpg": "a large building with a clock on top of it", "14088-selfport.jpg": "a picture of a man and a clock", "30497-harbour.jpg": "a sailboat on the beach with people in the background", "30613-2mira11.jpg": "a group of people standing in a room", "11650-3doctor2.jpg": "a statue of a man holding a sign on a wall", "44458-hilly_la.jpg": "a couple of men standing next to a forest", "20701-portyoun.jpg": "a young woman is sitting on a chair", "38728-poggio3.jpg": "a group of people standing next to a stone wall", "27126-v_grace.jpg": "a large clock mounted to the side of a building", "33293-port_bur.jpg": "a man in a black jacket and a black jacket", "13503-zodiac07.jpg": "a large clock sitting inside of a room", "10415-18melanc.jpg": "a man in a suit is reading a newspaper", "31262-venus_ma.jpg": "a group of people sitting on top of a beach", "41939-l_summer.jpg": "a group of people sitting on top of a grass covered field", "24476-jerome.jpg": "a man wearing a red hat and a red hat", "40127-poggio.jpg": "a painting of people sitting in a room", "30309-interio2.jpg": "a tall clock tower in a large building", "18556-3arcole.jpg": "a woman sitting on a floor next to a bag", "26400-land_fig.jpg": "a group of animals that are standing in the dirt", "19055-isenheim.jpg": "a large wall with a painting on the wall", "38881-19udine.jpg": "a couple of people sitting on top of a bed", "31382-thusneld.jpg": "a group of people standing next to each other", "05201-13reverse.jpg": "a small white teddy bear sitting in a mirror", "28756-1castald.jpg": "a man with a beard and a beard", "31447-2arithm1.jpg": "a large cathedral with a large ornate clock", "08942-mars_ign.jpg": "a group of people sitting on top of a wooden floor", "29507-augustin.jpg": "a couple of people standing next to a wooden boat", "12984-henriet3.jpg": "a woman in a white dress is in a room", "09727-madchild.jpg": "a group of people standing next to each other", "26008-06novirg.jpg": "a man and a woman standing next to each other", "42291-0709vela.jpg": "a large group of people standing on top of a sandy beach", "39164-05valmar.jpg": "a group of people standing next to each other", "11950-orsett01.jpg": "the inside of a building with a large painting on the wall", "16650-nativity.jpg": "a woman standing in front of a painting with stuffed animals", "00105-stilmous.jpg": "a black cat laying on top of a table", "30659-jerome.jpg": "a man laying in bed with a stuffed animal"}