{"09445-madonnb.jpg": "a statue of a man sitting on top of a table", "13852-salzburg.jpg": "a view of a mountain with mountains in the background", "13591-family.jpg": "a man and a woman standing next to each other", "11699-5predel2.jpg": "a statue of a man walking on a beach", "22179-selfport.jpg": "a man in a dress and a bow tie", "20182-bacchana.jpg": "a group of people standing in a sandy area", "09516-massacre.jpg": "a group of people in a room with horses", "29414-greville.jpg": "an old photo of a woman sitting on a couch", "25936-0view1.jpg": "a clock mounted to the side of a building", "05580-430zenob.jpg": "a group of people standing in front of a building", "12346-kessel2.jpg": "a woman standing in front of a mirror holding a cell phone", "30008-lazarus.jpg": "a group of people standing next to each other", "20010-northeas.jpg": "a large body of water next to a body of water", "32232-07assump.jpg": "a group of people sitting on a bench in a room", "41892-vendra15.jpg": "a painting of a painting on a wall", "14746-stillif5.jpg": "a bunch of fruit sitting on top of a table", "22594-5madchi4.jpg": "a group of people standing next to each other", "37631-judith_p.jpg": "a group of people standing in front of a building", "03913-206glory.jpg": "a group of people standing next to each other", "26086-24nojov3.jpg": "a woman in a blue shirt is sitting on a boat", "35484-22mythol.jpg": "a group of people standing next to each other", "12392-portlady.jpg": "a picture of a woman sitting in a vase", "19912-10edward.jpg": "a close up of a person wearing a hat", "10263-02cuspi1.jpg": "a man in a red hat is sitting on a chair", "28572-1argen7.jpg": "a painting of a man and a woman standing in the water", "27135-still_7.jpg": "a bunch of fruit sitting on top of a table", "20016-orpheus.jpg": "a group of birds that are on the ground", "03858-137alle1.jpg": "an old photo of a man and woman with a dog", "11663-polet1.jpg": "a group of people standing around a building", "42688-0tempest.jpg": "a large rock with a large rock in the background", "11974-allegr14.jpg": "a picture of a painting on the wall", "06658-panel1.jpg": "a group of people standing around a hut", "27095-exphagar.jpg": "a group of people sitting on a wooden floor", "18036-42vigil.jpg": "a picture of a group of people and a deer", "37392-assumpti.jpg": "a couple of women standing next to each other", "28920-port_gen.jpg": "a man standing next to a wall with a teddy bear", "31235-montefe3.jpg": "a picture of a painting on the wall", "28373-stillif3.jpg": "a wooden table topped with a plate of food", "19185-59noport.jpg": "a man wearing a black hat with a hat on", "27092-ladymirr.jpg": "a woman in a dress holding a tennis racket", "42357-traveler.jpg": "a couple of men standing next to a horse", "44241-dam_fish.jpg": "a group of people standing around a building", "30508-landscap.jpg": "a view of a church with a building in the background", "01126-portrait.jpg": "a statue of a man with a hat on", "35572-19strawh.jpg": "a woman wearing a black hat and a black hat", "36405-prati.jpg": "a man in a suit and tie standing in a room", "30534-fetegal1.jpg": "a group of people that are sitting on the ground", "35729-oakslake.jpg": "a tree in the middle of a river", "14458-304fried.jpg": "a tree in the middle of a field", "14072-stillife.jpg": "a bunch of fruits and vegetables on a table", "09554-corot09.jpg": "a group of birds standing on top of a dirt field", "37916-oudevrij.jpg": "a group of people sitting around a building", "03788-057ferrc.jpg": "a group of people standing around a stone building", "22306-portrai1.jpg": "a woman is reading a book in a dark room", "42811-5braida.jpg": "a group of people standing next to each other", "05202-7deadly.jpg": "a clock mounted to the side of a wall", "35634-03sketch.jpg": "a painting of a <unk> in a room", "24475-giovena1.jpg": "a black and white photo of a woman in a dress", "19344-shower.jpg": "a group of people standing next to a brick building", "32759-03citta.jpg": "a group of people standing around a statue", "31506-michael.jpg": "a picture of a woman wearing a costume", "14986-2ponta01.jpg": "a group of people are sitting on a bed", "31691-paris01.jpg": "a large stone building with a large stone wall", "03547-06villag.jpg": "a woman in a dress sitting on a hill", "17062-paris12.jpg": "a picture of a building and a building", "06074-earring.jpg": "a woman is standing in front of a door", "14772-crivelli.jpg": "a building that has a bunch of birds on it", "10516-madfranc.jpg": "a statue of a man standing next to a clock", "43459-oude3.jpg": "a tall building in front of a building", "13170-virginan.jpg": "a couple of people that are in a room", "44572-st_john.jpg": "a woman sitting in front of a large vase", "29907-shepherd.jpg": "a group of people standing next to each other", "03924-birth1.jpg": "a painting of a woman standing next to a painting", "01073-david2.jpg": "a group of people standing next to a building", "04016-psforza2.jpg": "a statue of a person sitting next to a statue", "25094-epitaph.jpg": "a group of people standing next to each other", "29515-benedic3.jpg": "a group of people standing around each other", "32519-portrait.jpg": "a woman wearing a hat and a hat", "35406-08assum.jpg": "a group of people sitting next to each other", "28507-early16.jpg": "a group of people standing on top of a sandy beach", "19565-p_wildt.jpg": "a man in a leather jacket and a hat", "00597-09chris1.jpg": "a painting of a man sitting on a painting on a wall", "04873-toilet.jpg": "a woman sitting in a chair in a room", "18761-guard303.jpg": "a large cathedral with a large stone building", "21491-standrea.jpg": "a group of people standing next to each other", "31485-salome.jpg": "a woman sitting on a table with a plate", "00346-venus_cu.jpg": "a man laying on top of a green blanket", "20396-madonna.jpg": "a woman in a red dress holding a teddy bear", "09444-madonna.jpg": "a statue of a man and a woman", "13643-20ferenc.jpg": "a person sitting on a table in front of a table", "10136-16religi.jpg": "a group of people standing next to a horse", "26619-07_4sw.jpg": "a man sitting on top of a couch next to a wall", "20100-26hooch.jpg": "a group of people standing outside of a building", "02900-hearing.jpg": "a close up of a person laying on a couch", "33450-14oldtes.jpg": "a woman is standing next to a tree", "44452-cavalry.jpg": "a group of people riding on the backs of horses", "23424-saragoss.jpg": "a group of people riding on the side of a mountain", "20248-stream.jpg": "a body of water next to a body of water", "42537-viewhaar.jpg": "a person standing in a field with a sky background", "13272-lycurgus.jpg": "a group of people standing next to each other", "05586-030trini.jpg": "a statue of a man and a woman in a room", "21635-north.jpg": "a woman in a white dress sitting on a floor", "32743-carrefou.jpg": "a group of people walking on a beach", "31074-3anton04.jpg": "a man standing next to a woman in a room", "32520-virgin.jpg": "a woman holding a baby in a room", "19889-7tybis.jpg": "a man sitting at a table with papers on his head", "14206-bacchus.jpg": "a group of people sitting next to each other", "35439-71religi.jpg": "a group of people that are sitting on a couch", "19860-1lais_co.jpg": "a woman sitting on a table holding a teddy bear", "08105-blueroom.jpg": "a child laying on a bed with a blue blanket", "21277-allegor1.jpg": "a woman sitting on a bench with a horse", "37226-00view.jpg": "a large clock on the side of a building", "35821-ferryboa.jpg": "a boat that is floating in the water", "32134-fourbull.jpg": "a herd of cattle standing on top of a field", "26014-07portr.jpg": "a man wearing a hat and a black hat", "40213-1onsofa.jpg": "a woman is sitting in a living room holding a tie", "21462-amburgh.jpg": "a group of dogs laying on top of a couch", "30334-mystic_m.jpg": "a group of people sitting on a shelf next to a painting", "33413-36newtes.jpg": "a woman sitting in a chair next to a window", "17449-miracle.jpg": "a group of people standing next to each other", "37305-foglia2.jpg": "a large painting of a building and statues", "43771-08cythe2.jpg": "a group of people standing next to each other", "10962-103david.jpg": "a group of people standing around a statue", "26331-hagar.jpg": "a group of people standing next to each other", "37231-saints20.jpg": "a statue of a man standing next to a statue", "14820-cherries.jpg": "a table topped with lots of fruits and vegetables", "21604-bacchana.jpg": "a group of people sitting on top of a tree", "32962-04impan.jpg": "a group of people sitting on a couch", "07597-57salome.jpg": "a man and a woman standing next to each other", "42718-shipwrek.jpg": "a group of people standing on top of a rock", "39155-01valmar.jpg": "a group of people standing next to a building", "17491-01virgin.jpg": "a group of people sitting on top of a building", "40250-5august.jpg": "a painting of a building with a painting on it", "10710-vesuviu.jpg": "a large body of water next to a rocky cliff", "39502-18portwo.jpg": "a close up of a person wearing a shirt", "00201-holy_fam.jpg": "a group of people sitting on top of a bed", "36526-girleati.jpg": "a little girl sitting in front of a candle", "40866-09crucif.jpg": "a group of people standing next to each other", "19878-2family.jpg": "a woman holding a baby in her arms", "14229-rinieri3.jpg": "a painting of a man and a dog on a wall", "44244-intbaroq.jpg": "a large building with a clock on top of it", "25066-doublepo.jpg": "a couple of people that are standing next to each other", "44204-portlady.jpg": "a woman sitting on a couch with a dog", "21330-rousseau.jpg": "a man with a beard and a brown shirt", "34922-03gartex.jpg": "a brick wall with a brick wall and a brick wall", "29124-pantocra.jpg": "a statue of a woman holding a book", "15992-cardinal.jpg": "a statue of a woman in a dress", "24778-marriage.jpg": "a group of people standing next to a building", "27060-maurits.jpg": "a man standing in a room holding a bat", "35602-05landsc.jpg": "a group of people sitting on a beach", "01112-trivulzi.jpg": "a bald man wearing a red shirt and glasses", "12477-06jerome.jpg": "a man is sitting next to a man and a dog", "35911-barberin.jpg": "a group of people sitting on top of a stone wall", "16861-1dome2.jpg": "a gold and gold clock on a table", "33366-portrai2.jpg": "a woman in a red jacket is standing in front of a wall", "42647-34guita.jpg": "a little girl that is holding a guitar", "20691-10jongki.jpg": "a boat that is sitting in the water", "20400-rest_fli.jpg": "a woman holding a teddy bear in a christmas tree", "34325-2colonna.jpg": "a bunch of people that are in a room", "00128-triptic1.jpg": "a group of people riding on the back of a building", "00184-2summer.jpg": "a group of people standing in a room", "43462-p_cleric.jpg": "a man in a suit holding up his hands", "22603-8barbad2.jpg": "a group of people standing in front of a building", "15750-madrid2.jpg": "a gold clock on a wall with a painting on the wall", "00921-02compa1.jpg": "a group of people standing next to each other", "28534-3variou3.jpg": "a person sitting on a bed with a guitar", "00117-egg-danc.jpg": "a group of people sitting around a table", "16069-01view.jpg": "a large ornate clock on the side of a building", "34303-maruce03.jpg": "a group of people standing around a statue", "10065-3omphale.jpg": "a group of people standing next to each other", "40799-virgin_e.jpg": "an old fashion photo of a woman sitting on a building", "15434-selvaggi.jpg": "a person wearing a green shirt and tie", "20747-4evangel.jpg": "a group of people sitting on a bed", "44040-1john.jpg": "an old photo of a man and woman", "05442-13holofe.jpg": "a group of people riding on the back of a horse", "29612-virgchil.jpg": "a statue of a man wearing a costume", "43977-0sevens.jpg": "a group of people standing in a room", "40739-07icon.jpg": "a statue of a man on a horse", "11073-3warpers.jpg": "a couple of women standing next to each other", "25362-annuncia.jpg": "a group of people that are on a couch", "09751-portrait.jpg": "a man sitting in a chair with a hat on", "22507-6allegor.jpg": "a couple of people standing next to each other", "05081-portgent.jpg": "a close up of a person with a beard", "14376-worship.jpg": "a large group of people standing around a crowd", "00953-022annun.jpg": "a woman in a red shirt holding a book", "13771-immacula.jpg": "a woman is sitting on the ground with her hands", "05374-flower_.jpg": "a vase filled with flowers sitting on a table", "10695-grape_cl.jpg": "a close up of a flower on a table", "00948-01grapes.jpg": "a woman sitting on top of a red chair", "23976-3apse2.jpg": "a large vase with a painting on it", "15480-3smarco.jpg": "a group of people standing next to each other", "20576-company3.jpg": "a group of people standing around in a museum", "40050-cabare16.jpg": "a group of people standing next to each other", "14766-demasque.jpg": "a woman standing next to a wall with flowers in it", "29961-pig_kill.jpg": "a group of people standing around a building", "20742-satyr_pa.jpg": "a group of people standing around a wooden table", "07073-1niobid.jpg": "a group of people sitting on top of a couch", "15317-1vault.jpg": "a large clock hanging on a wall in a room", "08725-medea.jpg": "a man and a dog are sitting on the ground", "36423-bouquet.jpg": "a painting of a vase with flowers in it", "43008-03lynx1.jpg": "a man standing next to a red blanket", "21704-4figurex.jpg": "a black and white photo of a group of people", "17419-selfport.jpg": "a man with a beard is looking at something", "39786-11medici.jpg": "a close up of a person wearing a hat", "39227-1martyrd.jpg": "a group of people standing next to a horse", "32170-isabellc.jpg": "a little boy wearing a hat and a hat", "21827-demidoff.jpg": "a man sitting on the ground holding a tie", "04390-christ_c.jpg": "a statue of a man standing next to a clock", "23491-port_man.jpg": "a man sitting at a table with a book", "42715-seastorm.jpg": "a couple of people standing on top of a body of water", "26625-09_5nw.jpg": "a man laying on a ledge with a stuffed animal", "32169-isabellb.jpg": "a woman wearing a scarf and scarf sitting on a purse", "10974-200david.jpg": "a group of people standing around a building", "18874-flagella.jpg": "a group of people standing around a statue", "17702-la_diana.jpg": "a couple of people standing next to a tree", "25156-redeemer.jpg": "a woman in a dress holding a pair of scissors", "08142-horses.jpg": "a group of people standing in front of a building", "42086-04justic.jpg": "a couple of men laying on top of a bed", "13767-gonzaga.jpg": "a group of people sitting on top of a building", "42208-0107vela.jpg": "a man is holding a baby on a stage", "07995-dream1.jpg": "a group of people sitting on a couch", "29768-narcissu.jpg": "a shirtless man in a blue shirt standing next to a dog", "14382-parable.jpg": "a group of people sitting around a living room", "34662-nimes.jpg": "an old church with a stone building and a church", "03869-153pieta.jpg": "a couple of people standing next to each other", "06034-wing2.jpg": "a group of people standing next to each other", "00514-funeral.jpg": "a group of people standing around a building", "32950-06alba.jpg": "a man and a child sitting on a boat", "44290-tivoli.jpg": "a large body of water with a large mountain in the background", "13711-1maddal1.jpg": "a crowd of people standing around a group of horses", "20453-soothsay.jpg": "a group of people standing next to each other", "10168-1salome2.jpg": "a statue of a man wearing a santa hat", "40111-soldier.jpg": "a man wearing a backpack and a backpack", "39615-4isaac.jpg": "a man is jumping in the air with a dog", "30071-3wolfgaf.jpg": "a room with many people in it", "18943-02poly.jpg": "a painting of a man sitting on top of a couch", "24723-7mercy.jpg": "a group of people standing in front of a building", "25135-holy_kin.jpg": "a group of people standing around a table", "29539-neudorfe.jpg": "a couple of men standing next to each other", "12549-5young_w.jpg": "a close up of a person with a beard", "13936-judparis.jpg": "a group of people standing next to each other", "38028-pensive.jpg": "a woman in a hat is sitting in the water", "29504-plague_x.jpg": "a couple of people standing next to each other", "37550-scene31.jpg": "a group of people sitting around a table", "15239-7theresa.jpg": "a man is standing in front of a mirror", "40856-tudor1.jpg": "a group of people standing next to each other", "39526-miltitz.jpg": "a close up of a person sitting on a couch", "07427-saluting.jpg": "a boat that is floating in the water", "41683-05altarp.jpg": "a picture of a woman in a dress", "36734-gentlady.jpg": "a couple of men sitting next to each other", "17972-11madonn.jpg": "a picture of a group of people on a table", "12574-6apostl2.jpg": "a close up of a person with a beard", "38485-onofrio.jpg": "a woman standing in front of a large building", "36814-organ2.jpg": "a man standing in front of a doorway", "39613-4cain.jpg": "a dog that is laying down on a bed", "08616-marriage.jpg": "a group of people standing in front of a building", "40776-17icon.jpg": "a painting of a man and woman on a clock", "30920-mariette.jpg": "a black and white photo of a man in a suit", "17247-auvers07.jpg": "a view of a mountain with a mountain in the background", "21136-garden.jpg": "this is a picture of a building with stairs", "33508-13portra.jpg": "a man standing next to a dark background", "07988-landscap.jpg": "a group of people standing on top of a boat", "08645-01still1.jpg": "a brown and white cat sitting in front of a sink", "04090-saxons.jpg": "a group of people standing next to each other", "10495-st_peter.jpg": "a close up of a person holding a piece of food", "22210-lastjud.jpg": "a group of people standing in front of a window", "40447-calvary.jpg": "a large painting of a man in a museum", "03881-168frag2.jpg": "a close up of a wall with a sign on it", "32320-18apollo.jpg": "a group of people standing next to each other", "17558-16portra.jpg": "a man in a black jacket and a white shirt", "29812-landsca.jpg": "a group of animals that are standing in the grass", "34189-jerom.jpg": "a man with a beard is brushing his hair", "18918-georgian.jpg": "an old picture of a woman and a woman", "36292-susanna.jpg": "a woman sitting on a bed eating a sandwich", "00212-phaeton5.jpg": "a group of people sitting next to each other", "18399-1812grec.jpg": "a close up of a person holding a horse", "09505-bathsheb.jpg": "a group of young men sitting next to each other", "04069-vastato.jpg": "a large ornate clock on the side of a building", "13018-port_man.jpg": "a man in a black jacket and a black jacket", "33633-19sp1660.jpg": "a woman is holding a piece of food", "28621-4bordig2.jpg": "a picture of a building with a mountain in the background", "26668-4wall.jpg": "a large building with statues and statues on it", "16106-mary09.jpg": "a woman standing in front of a building", "42949-3ceilin4.jpg": "a woman sitting in a room next to a painting", "00934-40annunc.jpg": "a painting of a woman sitting on a window sill", "06152-rocky_la.jpg": "a large mountain with a mountain in the background", "43621-deerhunt.jpg": "a group of horses standing next to a tree", "12365-portrait.jpg": "a statue of a man in a leather outfit", "23235-predell1.jpg": "a group of people riding on the backs of horses", "23480-head_boy.jpg": "a close up of a person wearing a blue shirt", "20139-stillife.jpg": "a piece of luggage sitting on top of a shelf", "44058-8ambierl.jpg": "a picture of a man and a statue", "43120-jupiter.jpg": "a couple of people standing next to each other", "39500-16sansov.jpg": "a man holding a knife in his hand", "41909-stillveg.jpg": "a bunch of green plants growing on a table", "08904-cruci_sc.jpg": "a statue of a man holding a statue", "12490-05self26.jpg": "a man wearing a hat and a tie", "09198-gallant.jpg": "a black and white photo of a group of people", "01155-annuncia.jpg": "a painting of a woman standing in front of a mirror", "33571-100portr.jpg": "a woman in a red dress is talking on a phone", "05422-susanna.jpg": "a painting of a man standing next to a man", "29296-304muril.jpg": "a group of people sitting on the ground eating food", "16829-baptist.jpg": "a shirtless man holding a cell phone in his hand", "03971-bello111.jpg": "a large clock tower in the middle of a river", "29195-05munkac.jpg": "a black and white photo of a boy and a child", "20685-04jongki.jpg": "a scenic view of an old town with trees", "09799-port_man.jpg": "a close up of a person wearing a red hat", "40297-103turne.jpg": "a umbrella is laying on a rocky cliff", "13086-eliseus.jpg": "a group of people riding on the back of a horse", "33520-34portra.jpg": "a man with a hat and a hat", "15327-colonna1.jpg": "a large building with a clock on top of it", "20950-contine3.jpg": "a room filled with lots of different pictures", "35085-bears.jpg": "a couple of brown bears standing next to each other", "13143-glorific.jpg": "a group of people sitting on top of a building", "07114-kronor.jpg": "a large building with a castle in the background", "15144-adormag.jpg": "a large building with a large clock on it", "11299-401delac.jpg": "a group of people standing in front of a group of horses", "31808-2explosi.jpg": "the sun is shining in the dark of the city", "10104-31altar2.jpg": "a painting on the side of a building", "08015-charles.jpg": "a woman in a dress and tie standing next to a fireplace", "00101-stillife.jpg": "a bouquet of flowers in a flower arrangement", "37481-market4.jpg": "a group of people sitting around a table with food", "32107-landbraz.jpg": "a person standing in front of a house", "23466-virgin_c.jpg": "a group of people that are sitting down", "23823-2manet02.jpg": "a group of people riding horses down a road", "09592-evangel2.jpg": "a large clock sitting on top of a wall", "18171-conferri.jpg": "a group of people sitting on top of a bed", "07878-ganymede.jpg": "a woman laying on a bed next to a dog", "23811-4olympi1.jpg": "a black and white photo of a man and a woman", "43693-elegant.jpg": "a group of people standing next to a bunch of trees", "21711-landpeas.jpg": "a group of people that are standing in the street", "10987-211david.jpg": "a woman sitting on the floor next to a wall", "04808-cremona6.jpg": "a group of people standing in front of a church", "29239-virginia.jpg": "a group of people sitting around a statue", "00600-0view1.jpg": "a room with wooden walls and a wooden ceiling", "26258-winckel.jpg": "a man wearing a suit and tie standing in a dark room", "05281-8lastjud.jpg": "a large window with a clock on it", "31841-satyrdan.jpg": "a group of people standing next to each other", "03309-predell6.jpg": "a group of people standing next to each other", "15958-00ceili3.jpg": "a large building with statues and statues on it", "39882-fishsel.jpg": "a couple of people standing next to each other", "34729-ot_strada.jpg": "a couple of people standing next to each other", "00923-02compa2.jpg": "a group of people standing under an umbrella", "43870-bridge.jpg": "a view of a bridge over a bridge", "24105-91pieta.jpg": "a couple of people standing next to each other", "07441-onophriu.jpg": "a dog that is standing in front of a wall", "08665-18servan.jpg": "a woman standing in front of a fireplace", "43397-f_virgi4.jpg": "a statue of a man standing next to a statue", "17500-09virgin.jpg": "a couple of women standing next to each other", "24725-scenes.jpg": "a large room with people standing around", "18646-03maggi.jpg": "a group of people standing next to each other", "35291-youngirl.jpg": "a man in a hat is sitting on a couch", "05161-reale1.jpg": "a wall with a painting on the wall and a painting on it", "34472-mother2.jpg": "a statue of a man in a red dress", "35951-3utrech6.jpg": "an old building with a large clock tower", "41292-08flagel.jpg": "a group of people standing next to each other", "17087-orchar08.jpg": "a picture of a tree with trees in the background", "08977-stillife.jpg": "a table topped with lots of fruits and vegetables", "13320-19lannoy.jpg": "a man in a hat holding a baseball bat", "08012-assumpti.jpg": "a woman holding a black dog in her lap", "23558-seascape.jpg": "a group of people standing next to each other", "14608-3musici.jpg": "a man and a woman standing next to each other", "03320-adoratio.jpg": "a group of people sitting in a room", "09824-man_sorr.jpg": "a young man is sitting in front of a fireplace", "19539-adonis.jpg": "a group of people that are sitting on a couch", "41641-martyrjo.jpg": "a group of people sitting in a room", "02773-apple.jpg": "a pair of scissors sitting on top of a table", "10790-trinita2.jpg": "a group of people standing in front of a building", "35146-crossing.jpg": "a large group of people standing in front of a building", "35573-20brandt.jpg": "a woman in a black dress holding a knife", "35292-festoon.jpg": "a bunch of fruits and vegetables on a table", "05162-reale2.jpg": "a wall with a painting on the wall", "35727-grain_fi.jpg": "a scenic view of a field with trees", "20868-stilglas.jpg": "a table topped with oranges and other fruit", "37031-milliner.jpg": "a group of people sitting around a bed", "14308-cecilia.jpg": "a couple of people standing next to each other", "44059-8lamenta.jpg": "a group of people standing next to each other", "38066-old_womb.jpg": "a woman is looking at a cell phone", "08100-dwarf.jpg": "a woman and her dog are sitting on the ground", "28872-09moriso.jpg": "a statue of a man holding an umbrella", "30242-11cappel.jpg": "a man with a beard is holding a bag", "39825-3vasto.jpg": "a group of people standing around each other", "29176-2pilate.jpg": "a group of people standing next to each other", "31686-ponto07.jpg": "a couple of people that are standing in the grass", "00930-30coron.jpg": "a group of people standing next to each other", "15475-2ogniss.jpg": "a group of people sitting around a stone wall", "02819-santo1.jpg": "a painting of a man and a horse statue", "33513-18portra.jpg": "a young man wearing a white shirt and tie", "21176-tavern.jpg": "a couple of people standing next to each other", "20936-caspar2.jpg": "a man standing in front of a wooden table", "14935-6pould05.jpg": "a painting of a man sitting next to a painting", "22287-1foscar1.jpg": "a building with a painting on the wall", "21053-portrait.jpg": "a woman in a dress holding a book", "22315-1steven.jpg": "a group of people sitting on a train", "15561-5preach.jpg": "a group of people sitting next to each other", "30254-judith.jpg": "a woman wearing a shirt and tie sitting down", "19647-fanny_ga.jpg": "a young woman wearing a hat and tie", "39728-5rape_eu.jpg": "a man laying on the ground next to a dog", "09970-decadenc.jpg": "a group of people sitting on top of a building", "37066-5elect1.jpg": "a large group of statues in a museum", "08007-st_peter.jpg": "a man is standing in front of a building", "31838-romanrui.jpg": "a group of animals that are standing in the dirt", "07050-stillife.jpg": "a bunch of fruit sitting on a table", "08048-self-por.jpg": "a close up of a person looking at the camera", "02866-baptism1.jpg": "a picture of a woman in a room", "11551-ducale.jpg": "a large building with a lot of windows", "40230-polypt_2.jpg": "a statue of a man holding a tie", "20158-teatime.jpg": "a group of people sitting around a fire place", "24890-triptyc2.jpg": "a woman standing in front of an umbrella", "06131-extensiv.jpg": "a group of people standing on top of a lush green field", "17980-04scene.jpg": "a group of people standing next to a building", "26242-clement.jpg": "a man in a red hat and a santa hat", "25949-flora2.jpg": "a woman holding a flower in her hand", "18431-2203grec.jpg": "a couple of people standing next to each other", "42015-deadgame.jpg": "a couple of dogs standing next to each other", "12401-franklin.jpg": "a man wearing a red shirt and a red shirt", "08092-tandem.jpg": "a man is riding a bike with a cow on it", "05325-30right.jpg": "a group of people standing in front of a mirror", "42061-poggio.jpg": "a room with a clock mounted on the wall", "18561-7eylau.jpg": "a group of people riding on the backs of horses", "22266-winterlc.jpg": "a group of people standing in the water next to a tree", "37294-40madonn.jpg": "a statue of a woman wearing a red shirt", "11297-318delac.jpg": "a man sitting on a couch with a dog", "32983-05double.jpg": "a close up of a man with a beard", "09879-courb217.jpg": "a man with a beard and a beard", "39336-6prophet.jpg": "a statue of a woman standing next to a statue", "39363-24resur.jpg": "a painting of a man and a man on a rock", "28536-4zaanda1.jpg": "a large castle in the middle of a river", "34901-10austri.jpg": "a painting on the side of a wall", "04711-staghunt.jpg": "a group of people riding on the backs of horses", "25136-holyfami.jpg": "a picture of a woman and a picture", "42310-1001vela.jpg": "a black and white photo of a woman in a dress", "15139-orpheus.jpg": "a woman in a dress sitting on a couch", "18855-donorpre.jpg": "a group of people sitting on top of a stage", "13399-l3johne.jpg": "a statue of a man standing next to a statue", "41295-11middle.jpg": "a man in a dress holding a bottle", "38724-woman.jpg": "a man sitting on a couch holding a pair of scissors", "31779-pair1.jpg": "a large group of people standing in front of a building", "14605-1medici1.jpg": "a group of people sitting on top of a wall", "24238-salute.jpg": "a large building with a large building in the background", "38086-shipping.jpg": "a group of people standing on top of a beach", "07726-balloon1.jpg": "a large group of people standing in a field", "36964-becduhoc.jpg": "a painting of an animal in the grass", "00874-10west.jpg": "a group of people standing next to each other", "44687-stjerome.jpg": "a statue of a man sitting on a rock", "23151-shepherd.jpg": "a group of people standing next to each other", "24110-96samson.jpg": "a statue of a man sitting next to a statue", "04636-birdland.jpg": "a group of birds that are standing in the dirt", "05825-1tripti3.jpg": "a group of people standing next to a large building", "23505-stillife.jpg": "a vase of flowers sitting on a table", "09185-triptych.jpg": "a large mirror with a painting on it", "43566-harbour.jpg": "a large building with a clock on top of it", "17089-1arles01.jpg": "a couple of people sitting on top of a bridge", "35689-greatoak.jpg": "a couple of horses that are standing in the dirt", "15737-annunci.jpg": "a couple of women standing next to each other", "04486-river_la.jpg": "a boat that is sitting in the sand", "11998-appearin.jpg": "a man and woman are working on a laptop", "26739-02_2sp1.jpg": "a couple of people sitting next to each other", "37230-saints10.jpg": "a statue of a man standing next to a statue", "43252-peasants.jpg": "a group of people standing next to each other", "15863-lovegod1.jpg": "a group of people standing around a group of animals", "10448-carlobor.jpg": "a man in a red jacket holding a glove", "20337-flowers.jpg": "a vase filled with flowers on a table", "40040-cabare06.jpg": "a man wearing a black hat and a black hat", "33941-cecilia.jpg": "a woman wearing a backpack and a backpack", "08301-sorrows.jpg": "a statue of a woman sitting in a mirror", "35759-lesson.jpg": "a painting of a woman sitting on a <unk>", "10620-flight.jpg": "a group of people riding horses down a dirt road", "33540-61portra.jpg": "a man wearing a hat with a hat on", "04797-landfarm.jpg": "a group of people standing next to a building", "34706-2_boat.jpg": "a cow that is standing in the water", "29937-cutting.jpg": "a black and white photo of a man wearing a hat", "39009-24labia1.jpg": "a painting of a man on a painting on a wall", "33911-26noremb.jpg": "a black and white photo of a woman in a dress", "00882-20north.jpg": "a group of people standing next to a building", "15887-medici14.jpg": "a group of people sitting on top of a wall", "14036-2michael.jpg": "a statue of a person with a hat on", "05651-chinese1.jpg": "a group of people sitting in front of a building", "14469-402fried.jpg": "an old brick building with a stone wall", "07794-060virgi.jpg": "a group of people standing next to a building", "35109-harbour.jpg": "a group of people standing next to a body of water", "24928-jeremiah.jpg": "a painting of a man and a woman standing in front of a building", "17283-selfpo10.jpg": "a close up of a bird on a tree branch", "14985-1paris06.jpg": "a man sitting in a chair with a dog", "25957-noahark2.jpg": "a bunch of animals that are in a room", "24806-triptic1.jpg": "a statue of a man standing next to a statue", "32768-05portra.jpg": "a young man wearing a black hat", "42846-11assumr.jpg": "a group of people standing next to each other", "03385-stillife.jpg": "a table with an umbrella and a guitar on it", "07880-1camerin.jpg": "a group of people standing in a room", "18880-saul_dav.jpg": "a man and a woman standing next to each other", "21349-viewcivi.jpg": "a group of people standing next to a body of water", "25107-1ursula.jpg": "a picture of a bunch of <unk> on the wall", "38709-bravo.jpg": "a man sitting in a chair holding a glass of wine", "07567-45death0.jpg": "a group of people sitting on a couch under an umbrella", "10825-stvaast3.jpg": "a group of people standing next to each other", "10997-306david.jpg": "a man in a red jacket and a tie", "24543-14olona.jpg": "a stone building with a painting on it", "32296-1sacram3.jpg": "a group of people standing next to each other", "09383-salisbu5.jpg": "a large body of water with a mountain in the background"}