{"14773-marriage.jpg": "a group of people riding on the backs of horses", "00872-1scenes.jpg": "a large building with statues and statues", "22467-tronchix.jpg": "a man wearing a bow tie and a bow tie", "22741-humili.jpg": "a painting of a woman holding a baby", "44226-seasons3.jpg": "a black and white photo of a group of stuffed animals", "20066-052guita.jpg": "a woman is holding a pair of scissors", "08783-lastjudg.jpg": "a painting of a man standing next to a painting", "15165-11quarat.jpg": "a boat with a boat floating on it", "09595-sanpaolm.jpg": "a room with a painting and a painting on the wall", "39521-ascensio.jpg": "a large body of water filled with lots of boats", "17969-08monte3.jpg": "a woman standing next to a wooden fence", "23688-carrying.jpg": "a man wearing a tie and a red tie", "15540-6innoce.jpg": "a large group of people standing in front of a building", "39989-2forest1.jpg": "a statue of a man standing in front of a tree", "36865-pentapt1.jpg": "a painting of a woman sitting next to a clock", "30349-coronati.jpg": "a statue of a man sitting in front of a clock", "14147-06herdsm.jpg": "a group of cows that are standing in the grass", "06750-clapis.jpg": "a man wearing a hat and a black hat", "33438-04oldtes.jpg": "a couple of men standing next to each other", "42354-landscap.jpg": "a couple of people riding horses down a hill", "43000-3finding.jpg": "a group of people standing next to each other", "23538-storm.jpg": "a large body of water next to some rocks", "26332-hunter_g.jpg": "a woman sitting next to a group of dogs", "16577-returnma.jpg": "a painting of a painting of a man and a dog", "13751-jacoblab.jpg": "a group of people standing around a statue", "03440-11saints.jpg": "a group of people standing next to each other", "07159-canal110.jpg": "a group of people on boats in the water", "07958-farnes02.jpg": "a large building with statues on the wall", "15440-1cercin1.jpg": "a statue of a woman standing next to a statue", "23274-03madonn.jpg": "a group of people sitting in a red chair", "21097-scholar.jpg": "a man sitting on a couch looking at a cell phone", "15328-colonna2.jpg": "a painting of a painting on a wall", "18205-0210grec.jpg": "a group of people standing next to a statue", "34181-0taste.jpg": "a man sitting at a table with a bowl of food", "03772-058head.jpg": "a close up of a person with a clock", "05105-2prince.jpg": "a young boy wearing a jacket and holding a tie", "03041-07lamen.jpg": "a group of people sitting on a wooden bench", "37077-8decora4.jpg": "a painting on a wall with a painting on it", "37793-2north3.jpg": "a painting of a woman standing next to a painting", "29620-intbavo1.jpg": "a large building with people walking around it", "15938-singer.jpg": "a man in a white shirt is holding a cigarette", "09242-dominic1.jpg": "a man wearing a suit and tie on a couch", "38017-minerva.jpg": "a group of people standing next to each other", "23843-3manet02.jpg": "a man and a woman are sitting on a bench", "14265-8view.jpg": "a building with a clock on the top of it", "32294-1sacram1.jpg": "a group of people standing in front of trees", "40276-youngman.jpg": "a close up of a person wearing a hat", "18605-2view1c.jpg": "a painting of a woman sitting in front of a window", "14272-3madonna.jpg": "a couple of people sitting next to each other", "21709-cottaged.jpg": "an old photo of a group of people", "14540-pitti2.jpg": "a large building with statues and statues", "30596-pair1.jpg": "a group of people sitting on a bed", "28634-1vario09.jpg": "a picture of a mountain in the ocean", "34666-provenc1.jpg": "a large bridge with people sitting on it", "09513-madonna.jpg": "a woman and a baby sitting on a couch", "35361-02religi.jpg": "a group of people standing next to each other", "04394-holy_fam.jpg": "a woman sitting in a chair next to a child", "17220-copies12.jpg": "a statue of a man sitting on a statue", "41467-mad_sain.jpg": "a couple of people standing next to each other", "39796-19aretin.jpg": "a man that is wearing a suit and tie", "21473-tenpound.jpg": "a group of boats floating on top of a body of water", "05208-2outer.jpg": "a picture of a reflection in a mirror", "08264-velabro.jpg": "a painting of a painting of a man and a painting", "08563-3lands10.jpg": "a close up of a rotten piece of food", "17414-lotdaugh.jpg": "a group of people sitting on the ground", "20076-12freder.jpg": "a man with a beard and a black beard", "17717-204goya.jpg": "a woman sitting on a bench holding a suitcase", "18011-20middle.jpg": "a group of people standing in front of a building", "23312-17coupl.jpg": "a man and a woman sitting next to each other", "18626-3view1l.jpg": "a painting of a man and a dog on a tree", "04789-xantippe.jpg": "a man standing next to a woman in a room", "19246-stillif5.jpg": "a vase sitting on a table next to a glass of wine", "31794-grotto.jpg": "a bird sitting on top of a stone wall", "26273-08menzel.jpg": "a dog that is laying down in a room", "42270-0605vela.jpg": "a woman is smiling while holding a teddy bear", "32794-30selfpo.jpg": "a woman wearing a black hat with a black hat", "43896-scene_sh.jpg": "a painting of a man and woman in a dress", "00766-lastjud1.jpg": "a large group of people standing around a building", "10580-winter.jpg": "a large body of water next to a forest", "31748-11figure.jpg": "a group of people standing next to each other", "25205-resurrec.jpg": "a group of people standing next to each other", "02521-7cook.jpg": "a man holding a pair of scissors over a bowl", "24461-pisa_cen.jpg": "a statue of a woman and a teddy bear", "17225-copies17.jpg": "a group of men standing next to a building", "37190-panels.jpg": "a picture of a woman in a room", "31854-portmonk.jpg": "a man wearing a black hat reading a book", "41649-triptyc1.jpg": "a group of people standing in front of a mirror", "30998-dominica.jpg": "a group of people standing next to each other", "05881-isle2.jpg": "a view of a large rock wall in the water", "19348-wedding1.jpg": "a group of people sitting around a table with plates of food", "07992-bargelli.jpg": "a group of people are sitting on a stage", "13308-11alberg.jpg": "a man wearing a red shirt and a red shirt", "23477-engageme.jpg": "a couple of boats that are sitting in the water", "10209-1paris5.jpg": "a group of women standing next to each other", "30231-03davida.jpg": "a group of people riding on the back of a horse", "29927-peasants.jpg": "a group of people sitting around a stone building", "12244-verso01.jpg": "a building that has a painting on it", "43475-carpegna.jpg": "a woman in a dress and a bow tie", "03033-02egypt.jpg": "a group of people sitting on top of a tree", "29131-abraham.jpg": "a group of people that are standing around", "15743-alacoque.jpg": "a painting of a woman holding a flower", "27193-levantin.jpg": "a group of people standing in front of a large boat", "19699-fruitflo.jpg": "a display case with many different types of fruit", "37934-christen.jpg": "a group of people standing around in a room", "08669-02laundre.jpg": "an old photo of a woman sitting on a bench", "10624-maas.jpg": "a group of boats floating on top of a body of water", "44582-1centra2.jpg": "a group of people riding on the back of horses", "30461-balbi_gm.jpg": "a statue of a man sitting on a couch", "07499-271y_ram.jpg": "a man laying on the floor with a stuffed animal", "20750-apostles.jpg": "a group of people standing next to each other", "00029-philocte.jpg": "a young man laying on a couch next to a wall", "25226-stgregor.jpg": "a man in a red shirt is eating something", "37724-stillife.jpg": "a vase filled with flowers on a table", "18468-epiphany.jpg": "a group of people sitting in a dark room", "17024-antwerp3.jpg": "a man wearing a hat and a scarf", "39908-mystic_m.jpg": "a group of people standing next to each other", "29215-the_fall.jpg": "a statue of a man standing next to a statue", "28622-4bordig3.jpg": "a large body of water surrounded by trees", "23889-5late08.jpg": "a man is wearing a suit and tie", "36148-vault.jpg": "a large building with a painting on the wall", "07767-40betrot.jpg": "a group of people standing in front of a building", "24404-stgeorge.jpg": "a statue of a dog sitting on top of a horse", "10521-saints1.jpg": "a man standing next to a painting on a wall", "32646-2mercury.jpg": "a herd of animals standing on top of a lush green hillside", "24820-selfport.jpg": "a man and a woman are sitting at a table", "32538-goldfinc.jpg": "a teddy bear sitting in front of a mirror", "30724-aeneas_f.jpg": "a group of people riding on the backs of elephants", "18350-1501grec.jpg": "a group of people sitting on top of a bed", "42843-10garden.jpg": "a woman sitting on the back of a bed", "14672-madonna.jpg": "a painting of a woman standing next to a clock", "42786-2wall3.jpg": "a statue of a man standing next to a statue", "15891-certosa2.jpg": "a group of people sitting in a painting on a wall", "13340-u2cain.jpg": "a couple of women laying on top of a wooden table", "31108-2proce14.jpg": "a group of people standing next to each other", "03396-lamenta.jpg": "a man sitting on top of a brown elephant", "22293-allegorx.jpg": "a group of people in a room with a tree", "36751-calvary.jpg": "a group of people riding horses in a parade", "09369-haywain0.jpg": "a boat pulling a cart down a river", "14911-early13.jpg": "a group of people sitting on the side of a hill", "14481-411fried.jpg": "the sun is setting on the side of the road", "37133-6selfpor.jpg": "a couple of men standing next to each other", "14337-mad_chil.jpg": "a group of people sitting on top of a bed", "14325-scene01.jpg": "a painting of a <unk> in a museum", "14604-venison.jpg": "a bunch of animals that are on a couch", "38386-brittany.jpg": "a large body of water next to a body of water", "27151-danae.jpg": "a group of people sitting on a bed", "32180-mariemed.jpg": "a woman in a dress and a dress", "40916-07wing2.jpg": "a group of people riding on the backs of horses", "20997-alvarez.jpg": "a man with a beard is brushing his teeth", "29775-holyfami.jpg": "a man holding a guitar and a baby", "22669-5tripty2.jpg": "a statue of a person wearing a costume", "44524-federi01.jpg": "a couple of people standing next to a building", "26166-08notri1.jpg": "a group of people riding horses in a parade", "04072-marymagd.jpg": "a woman in a red jacket holding a pair of scissors", "41701-12stilli.jpg": "a bunch of apples sitting on top of a table", "08051-young_c.jpg": "a close up of a person wearing a shirt", "07328-angel.jpg": "a woman sitting on the back of a horse", "38700-flutepl.jpg": "a man in a red shirt holding a baseball bat", "18370-1605grec.jpg": "a statue of a man sitting on a table", "17951-winter.jpg": "a group of people standing on top of a sandy beach", "29906-adormagi.jpg": "a group of people standing in front of a building", "19319-river_la.jpg": "a big tree that is on a rocky hill", "37718-bouquet.jpg": "a vase of flowers sitting on top of a table", "30782-agostinp.jpg": "a couple of women standing on top of a bed", "44612-mystic_m.jpg": "a group of people sitting on top of a couch", "16502-7penteco.jpg": "a group of people standing in front of a building", "38014-varallo.jpg": "a group of women standing next to each other", "33896-11noremb.jpg": "a woman wearing a black dress and glasses", "21227-2bergen.jpg": "a man is sitting on a boat in the water", "24380-city_god.jpg": "a boat that is floating in the water", "26147-37noares.jpg": "a group of people standing in a room", "03645-skating.jpg": "a group of people walking down a street", "32308-06nymphs.jpg": "a group of people sitting around a tree", "06428-01januar.jpg": "a group of animals standing in the snow", "23103-01crucif.jpg": "a statue of a man standing next to a statue", "19427-stillife.jpg": "a table filled with lots of fruits and vegetables", "03830-116madon.jpg": "a woman sitting on a bed holding a baby", "14633-2north5.jpg": "a building with a statue of a man and a statue", "44210-1may1851.jpg": "a group of people standing around a man", "03803-092portr.jpg": "a close up of a person wearing a hat", "21891-timesave.jpg": "a group of people on a bed with an umbrella", "29467-canal_mo.jpg": "a large body of water next to a forest", "06313-williams.jpg": "a close up of a person wearing glasses", "30663-st_peter.jpg": "a couple of people that are sitting down", "18574-landsca1.jpg": "a group of people standing next to a stone wall", "11125-early16.jpg": "a black and white photo of a man sitting in a chair", "04859-0boilly.jpg": "a vase of flowers sitting on a table", "21096-potemkin.jpg": "a man with a hat and a hat", "31830-mercury.jpg": "a group of people standing next to a river", "07687-lechi2.jpg": "a large vase sitting on top of a wall", "07121-chesspla.jpg": "a group of people sitting on top of a table", "41147-adoraty.jpg": "a man and a woman are petting a horse", "44701-landbrid.jpg": "a man standing on top of a stone bridge", "12384-tobias.jpg": "a woman sitting on a bed with her hands", "15594-111nativ.jpg": "a painting of a woman holding a sign that says <unk>", "00022-cornaro.jpg": "a large stone building with a clock on it", "16783-1south4.jpg": "a man riding on the back of a brown horse", "04147-viewhagu.jpg": "a crowd of people walking down a street", "40374-3battle.jpg": "a group of men riding on top of horses", "09611-night.jpg": "a group of people sitting on top of a bed", "00641-port_wom.jpg": "a woman with a hat on her head", "38431-7boy.jpg": "a little boy that is standing in the dark", "12115-family.jpg": "a couple of women standing next to each other", "42889-1door3.jpg": "a statue of a man holding a banana", "00279-crucifix.jpg": "a statue of a man standing next to a statue", "09994-tomyris.jpg": "a group of people standing around each other", "07407-bosco1.jpg": "a room that has a clock on top of it", "44566-11monza.jpg": "a display of a <unk> in a museum", "03362-yforest2.jpg": "a mountain with a mountain in the background", "13572-0view3.jpg": "a group of people standing next to a statue", "00891-00east.jpg": "a group of people standing next to a building", "31935-01visit.jpg": "a group of people standing next to a building", "00324-2poggio.jpg": "a large clock mounted to the side of a building", "13039-emperor.jpg": "a group of people standing next to each other", "21485-madsaint.jpg": "an old photo of a man holding a baby", "20592-the_ball.jpg": "a group of people standing in front of a building", "20195-viewarca.jpg": "the inside of a church with a clock", "05578-41zenobi.jpg": "a group of people standing in front of a building", "37497-still_li.jpg": "a group of chickens that are sitting on a table", "44409-lecture.jpg": "a group of people that are sitting down", "36096-camillu3.jpg": "a large stone building with a clock on the wall", "24086-3sebast1.jpg": "a statue of a man standing next to a statue", "08525-4portra2.jpg": "a man in a black jacket and a dog", "16795-5vault.jpg": "a wall with a clock on the wall", "33909-24noremb.jpg": "a black and white photo of a man and a woman", "38169-macaws.jpg": "a bunch of birds sitting on top of a table", "08418-mystic_m.jpg": "a couple of women standing next to each other", "08476-madchild.jpg": "a group of people sitting on a bench", "37969-x_garden.jpg": "a group of people sitting on the ground next to a building", "44497-malakoff.jpg": "a crowd of people standing around a large elephant", "41132-darmsta3.jpg": "an old photo of a woman and a child", "14029-ceiling2.jpg": "a painting of a man and woman in a window", "34041-2renoi22.jpg": "a close up of a person with a dog", "35534-05allego.jpg": "a group of people riding on the backs of horses", "37107-1christ.jpg": "a man and a woman standing next to each other", "25269-giese2.jpg": "a man sitting on a couch holding a piece of bread", "35437-62religi.jpg": "an image of a woman holding a baby", "08869-14christ.jpg": "a man and a woman standing next to each other", "31921-stillif1.jpg": "a basket of fruit sitting on a wooden table", "14128-denoncid.jpg": "a group of people standing next to each other", "19104-14buffoo.jpg": "a painting of a person wearing a baseball hat", "04829-christ_c.jpg": "a statue of a woman in a bathing suit", "44459-landdune.jpg": "a herd of horses standing on top of a dirt road", "00694-s_james.jpg": "a man is holding a piece of paper", "14084-chevalie.jpg": "a couple of men standing next to each other", "15940-threeage.jpg": "a man and a woman sitting next to each other", "18217-0310grec.jpg": "a woman sitting on the back of a elephant", "08493-07early1.jpg": "a statue of a man sitting next to a man", "42495-talinn.jpg": "a group of people standing next to a building", "20703-family2.jpg": "a group of women standing next to each other", "28473-mount_la.jpg": "a group of people standing on top of a rocky cliff", "19653-family.jpg": "a man and two children sitting on a chair", "36067-1view2.jpg": "a building with a painting on the wall", "07054-cleopatr.jpg": "a woman sitting on a bed in a bedroom", "03247-stil_lif.jpg": "a wooden table topped with lots of different items", "21942-1musicia.jpg": "a man in a red hat is holding a baseball bat", "21606-kingmida.jpg": "a group of people are in a large mirror", "39279-4birth_s.jpg": "a group of people sitting around a table", "13101-vertumnu.jpg": "a group of people sitting around a statue", "31871-hydra.jpg": "a painting of a woman in a bathing suit", "23540-2hunyadi.jpg": "a bed in a dark room with a bed", "15488-3sibyl.jpg": "a statue of a woman in a costume with a <unk>", "33407-08passio.jpg": "a man wearing a white shirt and white shorts", "43561-5senses.jpg": "a group of people sitting on top of a couch", "15579-01madonn.jpg": "a group of people standing next to each other", "19698-prince.jpg": "a man wearing a hat and a hat", "07915-heracles.jpg": "a group of people standing on top of a horse", "32160-portr_wo.jpg": "a person wearing a hat and holding a cane", "37208-maesta_2.jpg": "a large painting of a painting on a wall", "00426-3giacom2.jpg": "a vintage photo of a statue in a museum", "22466-tronchin.jpg": "a man and a woman sitting at a table", "16471-4crucif1.jpg": "a statue of a man standing on top of a clock", "24645-grabow2.jpg": "a woman in a red dress standing in a room", "30263-sacra_co.jpg": "a group of people sitting on top of a bed", "20013-baptism.jpg": "a group of people riding horses in a forest", "06541-stillfig.jpg": "a woman sitting next to a pile of fruit", "33038-10trans.jpg": "a large group of people in a room", "26057-15novirg.jpg": "a group of people sitting on a bench", "24944-bluejea2.jpg": "a couple of people standing next to each other", "33976-joseph1.jpg": "a man holding a baby and a baby", "44725-farnese5.jpg": "a group of people sitting on top of a table", "14661-11baronc.jpg": "a statue of a woman standing next to a statue", "00218-apocaly1.jpg": "a statue of a man in a dress", "37185-crucifix.jpg": "a dog that is jumping in the air", "23408-shepherd.jpg": "a group of people standing around a herd of sheep", "18903-02aurora.jpg": "a room filled with lots of different types of animals", "22635-06annun.jpg": "a statue of a statue in a building", "18250-0611grec.jpg": "a man standing next to a statue of a man", "41290-06martin.jpg": "a group of people standing around a horse", "14662-12baronc.jpg": "a woman in a dress standing in front of a building", "15913-madon_fr.jpg": "a statue of a man standing next to a woman", "06729-1foscar2.jpg": "a clock on the wall of a building", "14939-6pould09.jpg": "a statue of a man with a mask on", "07254-canal704.jpg": "a view of a city in a city", "21540-gontaut.jpg": "a woman is sitting on a bench with a stuffed animal", "16661-stjerome.jpg": "a statue of a man standing next to a building", "05064-ariadne.jpg": "a man sitting on a couch next to a wall", "44750-rinaldo2.jpg": "a couple of women are sitting on a bed", "11701-5predel4.jpg": "a group of people standing next to a building", "11298-319delac.jpg": "a group of people standing around a building", "13801-nanna.jpg": "a woman in a brown dress is holding a bag", "21626-conyngha.jpg": "a woman in a dress is standing next to a statue", "37924-selfporx.jpg": "a woman with long hair is sitting down", "33992-4cappell.jpg": "a painting of a man and a woman", "05740-sassuol2.jpg": "a group of people standing in front of a building", "05458-1madonna.jpg": "a group of people sitting on top of a bed", "11263-110delac.jpg": "a close up of a person laying in a bed", "36775-portjori.jpg": "a young woman wearing a black hat and a hat", "16953-centre.jpg": "a group of people standing in front of a building", "42397-entrance.jpg": "a group of boats that are sitting in the water", "09896-courb401.jpg": "a large building with a clock tower in the background", "06898-madonna.jpg": "a group of people standing next to each other", "14762-epiphany.jpg": "a group of people sitting next to each other", "12420-rest.jpg": "a woman standing on top of a lush green field", "01026-self_por.jpg": "a picture of a man in a <unk>", "34174-untying.jpg": "a couple of women laying on top of a bed", "29231-2reale.jpg": "a group of people standing next to a horse", "28871-08moriso.jpg": "a couple of people standing next to a tree", "19353-ital_wom.jpg": "a couple of women standing next to each other", "41172-y_pilate.jpg": "a group of people standing next to each other", "14034-virginap.jpg": "a group of people standing next to each other", "29772-canaland.jpg": "a herd of cattle standing on top of a lush green field", "39373-27appari.jpg": "a black and white photo of a group of people", "21422-bathers.jpg": "a painting of a man and a woman standing in a mirror", "28464-landsca2.jpg": "a group of people standing on top of a bridge", "33657-04misc.jpg": "a couple of people sitting in a room", "03554-agony_g.jpg": "a couple of people that are sitting in a mirror", "10489-mercury.jpg": "a shirtless man with a dog in his hand", "20980-stillife.jpg": "a pile of fruit sitting next to a stone wall", "42785-2wall2.jpg": "a group of men standing next to each other", "23443-maurizix.jpg": "a group of people standing next to a building", "33939-bacchusb.jpg": "a woman sitting next to a table with a dog", "26013-07noseba.jpg": "a group of people standing next to each other", "38413-portrait.jpg": "a woman wearing a brown shirt and a tie", "06880-scharnho.jpg": "a man in a black jacket sitting in a room", "13150-troy.jpg": "a group of people standing around a group of elephants", "22955-22baptis.jpg": "a large group of people standing around a building", "35963-shepherd.jpg": "a group of people standing around a herd of cattle", "15309-satyr.jpg": "a shirtless man is playing in a zoo", "35912-francis.jpg": "a couple of people standing next to each other", "08674-05h_card.jpg": "a woman sitting on a table reading a book", "21186-pontine.jpg": "a view of a sunset with a sunset in the background", "41408-171madon.jpg": "a woman sitting in a room with a painting", "29774-archange.jpg": "a group of people standing next to each other", "13631-08ferenc.jpg": "a group of people sitting around a pool of water", "42665-holyfami.jpg": "a group of people sitting on top of a couch", "42570-11drink.jpg": "a woman sitting in a chair in a living room", "11584-cecilia1.jpg": "a woman in a dress sitting on a couch", "05316-10centre.jpg": "a large building with a clock on it", "11379-company.jpg": "a group of people standing in a room", "31705-winter04.jpg": "a man walking down a snow covered road", "05535-nastag1.jpg": "a group of people standing next to a white horse", "11383-imaginar.jpg": "a group of people walking down a street", "43538-vekemans.jpg": "a young boy dressed in a costume with a purse", "17537-4venus1.jpg": "a woman standing next to a giant clock", "20890-port_you.jpg": "a woman in a dress and a tie", "33245-fisherwo.jpg": "a group of people standing on a beach next to a lake", "27062-pendant1.jpg": "a man in a black shirt is looking at something", "15791-summerla.jpg": "a group of people standing in a park", "10870-10quixot.jpg": "a man riding on the back of a horse", "42689-avignon.jpg": "a man is standing in the grass with a dog", "38369-1vescov6.jpg": "a couple of vases sitting next to each other", "20733-fertilit.jpg": "a group of people sitting on a couch", "38937-01gesuat.jpg": "a picture of a painting on the wall", "28484-winter1.jpg": "a person riding a horse on a dirt road", "35499-29mythol.jpg": "a close up of a cat laying on a bed", "31737-00selfpo.jpg": "a close up of a person looking at a cow", "40383-2quarat1.jpg": "a couple of women sitting next to each other", "37510-1deposit.jpg": "a group of people riding on the backs of horses", "11652-3doctor4.jpg": "a painting of a woman holding a sign", "26206-death_le.jpg": "a group of people sitting on top of a couch", "29532-portlady.jpg": "a woman standing in front of a window", "39455-1visitat.jpg": "a couple of women standing next to each other", "11649-3doctor1.jpg": "a statue of a man in a dress shirt and tie", "17060-paris10.jpg": "a woman sitting on a bench in front of a window", "36832-jeffreys.jpg": "a woman in a green shirt sitting on a bench", "25097-0st_lucy.jpg": "a group of people standing next to each other", "43163-caderous.jpg": "a young woman sitting in a chair holding a stick", "36761-hercules.jpg": "a group of people standing on a table", "14799-polyptyc.jpg": "a picture of a painting on the wall", "09531-triptyc1.jpg": "a group of people standing next to a building", "33653-02misc.jpg": "a man sitting on a couch looking at his cell phone", "19089-06berest.jpg": "a man wearing a black jacket and a black jacket", "18893-pittorin.jpg": "a man that is sitting down with a book", "29331-7nagybal.jpg": "a couple of men standing next to a cow", "20804-polypty7.jpg": "a couple of women standing next to a fountain", "08045-seasons3.jpg": "a woman laying in bed with a dog", "17470-2doria1.jpg": "a woman standing next to a dog and a dog", "08696-13selfpo.jpg": "a man wearing a hat with a hat on", "28459-healing.jpg": "a group of people standing near a body of water", "14676-quatref1.jpg": "a picture of a man and a clock", "16044-franc18.jpg": "a large cathedral with statues and statues", "42762-2tempta2.jpg": "a black and white photo of two people", "41391-11crucix.jpg": "a painting of a woman holding a teddy bear", "28837-cesaresc.jpg": "a man wearing a hat and a tie", "27176-03girls.jpg": "a couple of people standing next to a tree", "12050-oldwoman.jpg": "a man sitting in front of a large vase", "10796-port_mad.jpg": "a woman in a white dress holding a baby", "16161-chris19.jpg": "a group of people standing next to a statue", "15567-0corona.jpg": "a large building with a large clock on it", "15752-pieta.jpg": "a group of people sitting on a bed", "31872-martyrdo.jpg": "a group of people standing next to each other", "33439-05oldtes.jpg": "an old photo of a woman sitting on a brown horse", "36842-garland.jpg": "a picture of a bunch of flowers in a tree", "23289-02jerom.jpg": "a man sitting on the ground next to a river", "26641-07_7pr5.jpg": "a woman sitting on a wooden bench reading a book", "09275-colonna3.jpg": "a large glass display display of a museum", "10081-09altar.jpg": "a man sitting on top of a red elephant", "29497-magdalen.jpg": "a woman sitting on a couch next to a christmas tree", "16952-4portina.jpg": "a vintage photo of a woman in a dress", "30568-choppy.jpg": "a boat that is floating in the water", "12510-3paumg2.jpg": "a group of people standing in front of a stone building", "07429-seascape.jpg": "a small boat in a body of water", "00123-marketse.jpg": "a group of people standing in front of a building", "02995-madonna.jpg": "a woman wearing a hat and a tie", "23074-2lastsu.jpg": "a painting of a painting on the side of a building", "34908-01catal.jpg": "a large cathedral with a clock on top of it", "09204-youngdrau.jpg": "a black and white photo of a woman sitting on a couch", "00638-madchild.jpg": "a couple of people that are sitting down", "43678-return.jpg": "a bunch of boats that are sitting in the water", "18885-virgin_c.jpg": "a group of people sitting on a couch", "20353-012ingre.jpg": "a person sitting on a couch with a blanket", "12215-pre_f_5.jpg": "a group of people standing next to each other", "17921-skaters.jpg": "a herd of cattle walking across a dirt field", "35773-contarin.jpg": "a painting of a woman standing next to a painting", "07163-canal204.jpg": "a large body of water surrounded by buildings", "24519-04clemen.jpg": "a painting of a man standing next to a painting", "32985-08carryx.jpg": "a group of people riding on the backs of horses", "15631-the_nun1.jpg": "a dog that is sitting in a chair", "39691-01birth.jpg": "a group of people standing next to a beach", "43615-13holyfa.jpg": "a group of people sitting on a couch", "28640-1vario15.jpg": "a large open field with a rock in the background", "03957-bello100.jpg": "a building with a bridge and a bridge in the background", "24235-molobacj.jpg": "a large clock tower towering over a large building", "34096-4renoi13.jpg": "a couple of women standing next to each other", "20693-cletcher.jpg": "a man in a black jacket and a white shirt", "32132-figures.jpg": "a group of people standing next to horses", "32880-1tondo1.jpg": "a statue of a woman sitting on a statue", "09620-leda.jpg": "a group of people sitting on a bench", "21566-balaam.jpg": "a group of people sitting next to each other", "08935-ulysses.jpg": "a group of people sitting on top of a river", "06445-16august.jpg": "a group of people standing around a tree", "40206-returnhe.jpg": "a man standing next to a herd of cattle", "43916-la_hogue.jpg": "a group of people sitting on top of a boat", "16389-chris17.jpg": "a group of people standing next to each other", "15331-colonna5.jpg": "a group of people standing next to a statue", "15629-portgent.jpg": "a man wearing a hat and a hat", "37396-portrait.jpg": "a man in a black hat with a black hat", "22483-08foursa.jpg": "a group of people standing next to each other", "39616-1resurr.jpg": "a painting of a man playing with a ball", "13440-countess.jpg": "a woman sitting on a chair next to a bed", "23563-criex.jpg": "a man wearing a suit and tie standing in a dark room", "28367-basket_f.jpg": "a wooden table topped with lots of fruit", "04537-sfrancis.jpg": "a statue of a man standing next to a statue", "09474-corint09.jpg": "a statue of a man standing next to a statue", "34004-1renoi06.jpg": "a man is standing on a rock in a zoo", "43685-vuilla03.jpg": "a painting of a woman sitting on a bench", "09023-02egypt.jpg": "a group of people in a boat on a river", "14713-08elliot.jpg": "a black and white photo of a woman in a dress", "36059-gentlema.jpg": "a man in a black hat holding a shoe", "39670-09magdal.jpg": "a woman in a dress is sitting on a bench", "12370-4battle.jpg": "a group of people that are sitting on a couch", "13918-landscap.jpg": "a picture of a building with a sky background", "39818-15portpa.jpg": "a man is holding an umbrella in a dark room", "16096-mary05.jpg": "a group of people standing next to each other", "18200-0206grec.jpg": "a stone wall with a stone wall and a tree", "39181-14valmar.jpg": "a group of people standing under an umbrella", "15484-0chapel1.jpg": "a large ornate building with a large clock", "03635-annuncia.jpg": "a woman sitting in front of a large building", "05701-venus_to.jpg": "a couple of women sitting on a couch", "14913-1ponta01.jpg": "a teddy bear sitting on top of a stone wall", "25122-mad_chil.jpg": "a painting of a woman in a dress", "09841-courb105.jpg": "a group of people standing next to each other", "30030-08paal.jpg": "a man standing next to a tree in a forest", "26169-08notri4.jpg": "a group of people standing next to each other", "42551-06gread.jpg": "a woman is standing in front of a mirror", "15242-family.jpg": "a group of children sitting on top of a couch", "35680-pl_fence.jpg": "a person standing next to a wooden fence", "42953-5anticol.jpg": "a group of people riding on the back of a elephant", "17779-508goya.jpg": "a young man in a green jacket and a yellow frisbee", "37007-dieppe.jpg": "a group of people standing in the water", "05550-07medici.jpg": "a close up of a person in a dark room", "11628-madonna.jpg": "a group of people standing next to each other", "42279-0613vela.jpg": "a man sitting on top of a pair of shoes", "15832-altar2.jpg": "a group of people standing in front of a painting", "19810-deathvir.jpg": "a group of people standing next to each other", "33988-virgin_e.jpg": "a group of women sitting on top of a wooden floor", "39619-1resurr3.jpg": "a man sitting on the ground with a dog", "36959-ychahut1.jpg": "a picture of a man in a dress", "23867-4manet05.jpg": "a statue of a man holding a teddy bear", "05381-still_fr.jpg": "a table topped with a basket filled with various items", "20255-singeri2.jpg": "a group of people standing around in a courtyard", "08001-magnani3.jpg": "a group of people standing on top of a wall", "30726-cyrus.jpg": "a group of people standing around a building", "00362-skating.jpg": "a large group of people standing around a building", "17104-2maries4.jpg": "a picture of a building that is covered with trees", "05237-04pleft.jpg": "a group of people standing in front of a painting", "15177-bathshea.jpg": "a couple of women standing next to each other"}