{"12356-italland.jpg": "a group of people standing on top of a lush green hillside", "44771-still_li.jpg": "a couple of vases sitting on a table", "17835-blac630.jpg": "a dog laying in the middle of a field", "38368-1vescov5.jpg": "a group of people standing next to a boat", "24181-mad_enth.jpg": "a group of people sitting on top of a large elephant", "05677-i_sleep.jpg": "a painting of a woman and two dogs", "22424-hunters.jpg": "a man riding on the back of a horse", "34409-hopelove.jpg": "a woman in a bathing suit sitting on a bed", "11979-1repeta5.jpg": "a stuffed animal laying on top of a wall", "38677-concert.jpg": "a woman sitting on a chair next to a stuffed animal", "31878-tobias.jpg": "a woman in a red dress holding an umbrella", "20946-birds_ri.jpg": "a group of birds that are standing in the water", "22729-3death.jpg": "a painting of a group of people in a room", "09692-mattei.jpg": "a wall with a painting on the wall", "08681-07canary.jpg": "a woman sitting on a bed in a room", "16348-virtu_6.jpg": "a vintage picture of a woman in a dress", "36550-altar1b.jpg": "a group of people sitting in a room", "05491-kora.jpg": "a group of people standing in front of a building", "41436-03galati.jpg": "a painting of a painting on a wall", "15558-4naming.jpg": "a group of people standing next to each other", "30526-concert.jpg": "a group of people sitting next to a large body of water", "38442-10szinye.jpg": "a close up of a person wearing a costume", "29947-pincene.jpg": "a man standing next to a brick building", "23350-11egypt.jpg": "a group of people sitting on a bed", "34140-taxcolls.jpg": "a couple of people that are sitting down", "30907-griseld1.jpg": "a group of people riding horses down a street", "26748-06_4sp6f.jpg": "a painting of a man laying on top of a bed", "12038-reading.jpg": "a group of people sitting at a table eating", "06848-bubbles.jpg": "a black and white photo of a woman in a dress", "31402-1annunc0.jpg": "a statue of a woman standing in a building", "00364-winterla.jpg": "a tall tree in the middle of a field", "16641-ansanus.jpg": "a couple of women standing next to a building", "16597-venus_cu.jpg": "a man standing next to a man next to a man", "36652-recepti2.jpg": "a group of people sitting on a rock in the dark", "03185-newtest.jpg": "a group of people standing in front of a building", "35716-roadcorn.jpg": "a person walking down a dirt road next to a field", "03286-stlawren.jpg": "a man wearing a red and yellow dress shirt", "12319-8london.jpg": "a painting of a woman standing next to a painting", "19593-weighing.jpg": "a young boy sitting in a chair holding a remote", "25124-scene1.jpg": "a group of people standing next to each other", "29425-port_wom.jpg": "a young woman in a dress and a dress", "38211-cattle.jpg": "a herd of cattle standing on top of a lush green field", "22952-15vendor.jpg": "a group of people standing around in a room", "38708-boy_pipe.jpg": "a woman in a red jacket and a woman", "39348-04fall.jpg": "a statue of a man and a dog", "26622-09_4se.jpg": "a close up of a person with a stuffed animal", "05260-16allego.jpg": "a painting of a man standing next to a pile of food", "28844-holyfami.jpg": "a man holding a baby while sitting on a couch", "39359-23bapti.jpg": "a group of people standing around a large elephant", "39278-3deposit.jpg": "a couple of women laying on a bed", "14380-cabinet.jpg": "a group of people standing in a room", "18195-0201grec.jpg": "a group of people riding on the back of an elephant", "28559-other1.jpg": "a woman is riding a horse drawn carriage", "16620-triptych.jpg": "a display of people standing in front of a building", "24494-09bardi.jpg": "a group of people standing in front of a building", "16470-3crucifx.jpg": "a close up of a broken fire hydrant", "38648-portrait.jpg": "a black and white photo of a woman in a dress", "44175-warship.jpg": "a boat that is floating in the water", "36382-2journey.jpg": "a group of people riding on the backs of horses", "23367-06annun1.jpg": "a group of people standing around a statue", "30773-5cato1.jpg": "a woman in a red dress is holding an umbrella", "14629-2north1.jpg": "a group of people standing in front of a building", "31852-stillife.jpg": "a vase filled with flowers on a table", "10272-04donor1.jpg": "a woman wearing a hat and holding a hat", "08279-aminta.jpg": "a couple of people that are sitting down", "17564-22portra.jpg": "a man sitting in front of a pile of papers", "00070-lucca1.jpg": "a group of people standing in front of a fireplace", "44451-boating.jpg": "a group of boats floating on top of a beach", "21374-venusnym.jpg": "a group of people standing next to each other", "11993-flight_e.jpg": "a group of people riding on the backs of horses", "43534-portlady.jpg": "a little girl with a hat and a hat", "04506-madonna.jpg": "a couple of women standing next to each other", "18272-0811grec.jpg": "a man in a suit is holding a cigarette", "43220-portgent.jpg": "a man wearing a hat and holding a tie", "42725-view2.jpg": "a group of people standing next to a body of water", "12998-selfpor1.jpg": "a close up of a person wearing a tie", "39126-puller.jpg": "a group of people standing next to each other", "34045-2renoi25.jpg": "a woman laying in bed with a dog", "21931-7annunc.jpg": "a statue of a man and a statue of a person", "15592-09visita.jpg": "a couple of women standing next to each other", "08697-14madame.jpg": "a close up of a person wearing a costume", "21659-glaces.jpg": "a black and white photo of a group of people", "19512-luke_pai.jpg": "a group of people sitting in a room", "42245-0313vela.jpg": "a couple of men standing next to each other", "08204-lastrace.jpg": "a group of people standing on top of a sandy beach", "30517-landscap.jpg": "a group of people sitting under a tree in a park", "35250-2young_m.jpg": "a woman wearing a black hat is holding an umbrella", "08085-pilgrim.jpg": "a person standing in front of a waterfall", "08744-italian1.jpg": "a picture of a person standing next to a tree", "21455-portr_ar.jpg": "an old photo of a man wearing a suit and tie", "39772-01bluesl.jpg": "a man with a beard and a blue shirt", "03612-73reconc.jpg": "a group of men standing in front of a building", "32820-37entom.jpg": "a group of people sitting on top of a large elephant", "38920-04abraha.jpg": "a group of people sitting around a bed", "28424-winter.jpg": "a group of people standing next to a building", "37144-leith.jpg": "a group of people walking down a street", "10258-4melanc1.jpg": "a woman sitting in front of a painting on a table", "18735-guard200.jpg": "a group of people standing around a building", "07276-canal805.jpg": "a large building with a building in the background", "20787-carrying.jpg": "a group of people standing next to a horse", "15831-altar1.jpg": "a group of people standing in front of a building", "21392-garden.jpg": "a statue in the middle of a building", "38846-3ignudo1.jpg": "a man is sitting on a wooden bench", "07486-16martha.jpg": "a couple of women sitting on a couch", "22465-selfport.jpg": "a close up of a person wearing a hat", "44526-federi03.jpg": "a couple of people that are laying down", "03144-eotvos_j.jpg": "a man wearing a black jacket and a tie", "14010-adorati2.jpg": "a group of people standing around a statue", "39706-08urbin.jpg": "a woman laying on a bed with a dog", "16003-01view.jpg": "a large cathedral with a large ornate building", "37920-rhetori.jpg": "a group of people sitting around a table", "09911-courb414.jpg": "a mountain with a mountain in the background", "17184-2enclos7.jpg": "a painting of a man standing next to a stone wall", "02508-6elem4.jpg": "a statue of a man sitting on top of a statue", "23585-portgent.jpg": "a woman in a red coat standing next to a tree", "26124-33nopor2.jpg": "a man in a black jacket holding a guitar", "20388-louis14.jpg": "a group of people standing in front of a building", "42286-0704vela.jpg": "a statue of a man sitting in a chair", "43600-03diana.jpg": "an image of a woman on a horse", "24864-margaret.jpg": "a woman in a red jacket holding a tie", "43376-polypty3.jpg": "a large ornate building with a clock on it", "43955-1luke.jpg": "a group of people standing next to each other", "44151-landpeas.jpg": "a group of people riding on the side of a river", "41972-aracoeli.jpg": "a large tree in front of a building", "13042-hermann.jpg": "a group of people sitting on top of a couch", "20730-dianacte.jpg": "a group of people standing next to each other on a beach", "17285-selfpo12.jpg": "a close up of a person with a beard", "21892-woman_ba.jpg": "a young boy and a young girl standing next to each other", "36932-capture3.jpg": "a group of people standing around a building", "12963-castleha.jpg": "a woman in a red shirt sitting on a couch", "21603-triumph.jpg": "an old building with a stone building and stone walls", "08833-eccehomo.jpg": "a couple of people standing next to each other", "40859-02christ.jpg": "a woman standing in front of a building holding a bat", "21001-portlady.jpg": "a woman wearing a hat and holding a tie", "24444-theo_pet.jpg": "a group of people standing in front of a building", "14607-2caiano.jpg": "a large group of people in a room", "25173-birth.jpg": "a group of people sitting in a room", "18767-guard308.jpg": "a group of people walking down a street", "39395-3flight.jpg": "a man riding on the back of a horse", "39756-06vanity.jpg": "a woman sitting in a chair in front of a mirror", "36199-diptych1.jpg": "a woman in a costume is holding a stuffed animal", "31222-11seniga.jpg": "a couple of women standing next to each other", "14362-lastjudg.jpg": "a large group of people standing next to a statue", "41353-09caske1.jpg": "a building with a painting on the wall", "39535-conradin.jpg": "a group of people sitting around a building", "37295-50crucif.jpg": "a statue of a man standing on top of a building", "31398-paolina7.jpg": "a statue of a man standing next to a statue", "42150-flagella.jpg": "a group of men standing next to each other", "34843-birch.jpg": "a close up of a tree in a forest", "35546-07medici.jpg": "a woman in a costume is standing next to a woman", "18850-a_weepin.jpg": "a couple of people that are laying on a bed", "29960-interior.jpg": "a black and white photo of a building", "18810-marshal.jpg": "a man in a leather jacket holding a black purse", "18246-0607grec.jpg": "a man wearing a black jacket and a black jacket", "21226-1portrai.jpg": "a man in a black jacket standing next to a window", "09696-02madonn.jpg": "a group of people that are sitting on a couch", "20745-studies.jpg": "a close up of a person with a mans face", "36214-scene1.jpg": "a group of women standing next to each other", "23981-sanluca4.jpg": "a man sitting in front of a large mirror", "23970-2chris07.jpg": "a group of people standing in front of a building", "18991-paper.jpg": "a young man standing next to a stone wall", "32270-22venus.jpg": "a group of people standing in a dirt field", "19197-68geraer.jpg": "a black and white photo of a woman in a suit", "03137-selfport.jpg": "a man that is standing in front of a painting", "07527-28ceras.jpg": "a man sitting on top of a wooden bed", "02484-2busts4.jpg": "a close up of a person wearing a hat", "38981-02labia.jpg": "a large building with a lot of windows", "28819-allegory.jpg": "a woman sitting next to a painting on a wall", "42836-06jerome.jpg": "a dog is standing under an umbrella", "14078-winter.jpg": "a couple of people standing next to a body of water", "07504-23conta.jpg": "a group of people sitting on a bench in a dark room", "39264-4lastju0.jpg": "a group of people standing in a room", "09874-courb212.jpg": "a close up of a dog wearing a hat", "23913-4seasons.jpg": "a group of people standing next to each other", "07924-samaria.jpg": "a group of people standing next to each other", "13565-3east2.jpg": "a large group of people standing next to each other", "07515-24conta.jpg": "a group of people standing on top of a <unk>", "20275-flagella.jpg": "a group of people standing next to each other", "39577-11padua3.jpg": "a painting of a woman in a dress", "18996-holy_fam.jpg": "a group of people sitting in a room", "15248-sketcher.jpg": "a couple of women standing next to each other", "10007-vault1.jpg": "a large ornate clock on the side of a building", "06903-couples.jpg": "a group of people standing around each other", "33440-05oldtet.jpg": "a painting of a man sitting next to a pile of rocks", "35035-fessler.jpg": "a man sitting at a desk with a laptop", "26047-13nodo2.jpg": "a group of people standing next to each other", "12991-porrt_man.jpg": "a man holding a pair of scissors in a dark room", "14864-portrait.jpg": "a close up of a person with a beard", "09889-courb304.jpg": "a dog laying on its back on a bed", "31304-childhoo.jpg": "a group of people standing in front of a boat", "09906-courb4101.jpg": "a large body of water next to a rocky cliff", "34716-doges1.jpg": "a close up of a person eating a cake", "19648-florenzi.jpg": "a woman sitting on the floor in front of a fountain", "43401-formosa2.jpg": "a statue of a man in a costume", "00455-girl.jpg": "a woman wearing a white shirt and white shirt", "06985-04rainy.jpg": "a group of people walking down a street holding umbrellas", "10103-31altar1.jpg": "a painting on the side of a building", "07220-canal508.jpg": "a large building with people walking around it", "14442-208fried.jpg": "a group of people standing around a field", "24428-1view.jpg": "a building with a clock on the wall", "42970-1maggior3.jpg": "a display of people in a large room", "29693-gorgazzo.jpg": "a couple of people on a boat in the water", "33547-70portra.jpg": "a little girl sitting in front of an oven", "06035-garden.jpg": "a bunch of flowers that are in a field", "12580-4fugger.jpg": "a man wearing a hat and a tie", "29233-3severi2.jpg": "a large clock mounted to the side of a building", "10616-y_herdsm.jpg": "a herd of cattle laying on top of a rocky hillside", "04524-arezzo1.jpg": "a painting of a painting on a wall", "17179-2enclos2.jpg": "a view of a mountain with trees in the background", "36943-jatte.jpg": "a group of people standing on top of a lush green field", "32173-louis_13.jpg": "a woman in a red dress standing next to a wall", "39154-18zianig.jpg": "a group of people standing next to a statue", "39976-16early.jpg": "a close up of a person with a painting on his face", "10654-10csont.jpg": "a man standing in front of a large crowd", "36324-ecstasy.jpg": "a man sitting on a couch next to a man", "11120-early11.jpg": "a man in a suit sitting on a couch", "28513-early22.jpg": "a group of people standing around a large building", "44728-farnese8.jpg": "a wall with a painting on the wall", "43736-sermon.jpg": "a group of men sitting on top of a wooden floor", "31001-ensign.jpg": "a man wearing a shirt and tie holding a tie", "13189-bacchant.jpg": "a black and white photo of a woman holding a <unk>", "05732-bathers.jpg": "a man sitting on a beach next to a man", "26055-14tripti.jpg": "a man standing in front of a mirror", "09248-virgin_c.jpg": "a group of people in a room with sheep", "19313-capri.jpg": "a group of people standing next to a mountain", "36578-deathfoi.jpg": "a painting of a woman riding on a elephant", "12989-pepijn.jpg": "a man with a beard is looking at something", "30957-socrates.jpg": "a group of people standing around a brick wall", "06728-1foscar1.jpg": "a building with a painting on the wall", "22804-louvre.jpg": "a group of people walking down a street", "19929-14youngw.jpg": "a woman in a costume with a red ribbon", "23383-06jerome.jpg": "a dog that is laying on the ground", "05003-wildhors.jpg": "a brown horse standing on top of a lush green field", "00605-3uberti.jpg": "a statue of a man in a uniform holding a pair of scissors", "25933-annuncia.jpg": "a wooden clock with a painting on it", "09274-colonna2.jpg": "a painting of a painting on a wall", "03629-stirling.jpg": "a close up of a person in a dark room", "20281-vinzenz.jpg": "a group of people standing next to each other", "30512-land_egy.jpg": "a group of animals standing in front of a church", "31195-92decor2.jpg": "a close up of a person on a fake elephant", "32351-19ignazi.jpg": "a large painting of a <unk> in a room", "38611-peasbowl.jpg": "a group of people walking around a village", "32260-12rinald.jpg": "a group of people sitting next to each other", "41175-z_ls.jpg": "a man in a leather jacket holding a purse", "32063-cremona2.jpg": "a group of people standing next to each other", "36699-holy_fam.jpg": "a group of people standing around a barn", "20530-predel3.jpg": "a group of women standing next to each other", "26343-tavern.jpg": "a couple of women sitting next to each other", "34998-12italia.jpg": "a statue of a man standing next to a wall", "44138-rosine.jpg": "a woman standing next to a statue of a woman", "39711-1ferra2.jpg": "a group of people standing next to each other", "03964-bello104.jpg": "a group of people standing around a tall tower", "17021-nuenen41.jpg": "a black and white photo of a dog sitting in a chair", "03486-madonna1.jpg": "a group of people sitting on top of a table", "43417-madonn.jpg": "a man sitting on a bed with a teddy bear", "03147-rumanian.jpg": "a group of people riding horses down a dirt road", "24023-1presen.jpg": "a group of men sitting next to each other", "20322-bouq_urn.jpg": "a bouquet of flowers in a vase on a table", "44438-goatherd.jpg": "a man sitting on a couch with a dog", "06761-vanitas1.jpg": "a close up of a person holding a sign", "00422-2crucif1.jpg": "a large clock mounted to the side of a building", "40873-14barbar.jpg": "a man in a red jacket holding a book", "11641-1cupola.jpg": "a clock on the wall of a room", "03524-virginch.jpg": "a couple of kids that are sitting down", "21049-belisari.jpg": "a group of people sitting on top of a couch", "00103-stillpar.jpg": "a table with a vase and a vase on it", "08651-05letter.jpg": "a man sitting at a table with a cell phone", "29941-fishsell.jpg": "a man in a hat cutting a wooden cutting board", "05566-25predel.jpg": "a group of people that are standing on a table", "03689-porteck1.jpg": "a person wearing a red hat with a red hat", "00089-breakfas.jpg": "a black vase filled with lots of food", "15120-oldtesta.jpg": "a couple of women sitting next to each other", "24103-8redeeme.jpg": "a picture of a man in a dress", "38349-cosino3.jpg": "a man wearing a red bow tie and a woman", "39483-01selfpo.jpg": "a close up of a person with a beard", "39661-09entomb.jpg": "a couple of dogs that are laying down", "20156-sick_wom.jpg": "a group of people standing next to each other", "32196-02apollo.jpg": "a man and a dog are sitting on a couch", "24111-scene1.jpg": "a group of people standing next to each other", "09843-courb106.jpg": "a group of people standing around a herd of cows", "44251-nieuwe1.jpg": "a large building with people standing around it", "14138-03storm.jpg": "a group of people riding on the backs of horses", "24954-abraham.jpg": "a group of people standing around a group of horses", "20377-16ingres.jpg": "a woman in a dress sitting on a bed", "18392-1805grec.jpg": "a brown and white dog in a black jacket", "20653-processi.jpg": "a large body of water with boats in it", "29678-fantasti.jpg": "a large stone building with a stone wall", "24481-tondo.jpg": "a group of people standing in front of a building", "23987-2portrai.jpg": "a man wearing a red hat with a red hat", "44403-cloister.jpg": "a large body of water with a mountain in the background", "40379-miracle4.jpg": "a group of people standing around a horse", "13472-dance.jpg": "a group of people walking down a street", "06233-portlady.jpg": "a man in a red shirt is holding a cell phone", "41639-fourcano.jpg": "a group of people standing next to each other", "00398-4scenes2.jpg": "a group of people standing next to a river", "03937-triptic2.jpg": "a picture of a man and a woman", "26539-02_0bay2.jpg": "a painting of a painting on a wall", "26738-02_1sp1f.jpg": "a couple of people that are sitting down", "35552-03brigid.jpg": "a statue of a man wearing a hat with a mask on", "39495-12priuli.jpg": "a man wearing a hat with a hat on", "05836-torture.jpg": "a group of people riding on the backs of horses", "29338-portgent.jpg": "a woman in a red coat is talking on a cell phone", "40063-4late2.jpg": "a statue of a man standing in front of a wall", "06373-07census.jpg": "a group of people standing around a horse drawn carriage", "00625-b_journe.jpg": "a group of people standing in front of a building", "30595-muciussc.jpg": "a couple of people standing next to each other", "36875-5reale.jpg": "a group of people standing on top of a wall", "10260-4melanc3.jpg": "a group of people sitting around a wooden table", "39777-03parma.jpg": "a man in a suit and tie standing in a dark room", "17242-auvers02.jpg": "a group of people standing next to a tree", "18100-1pisa.jpg": "a painting of a woman standing next to a wall", "09326-pitti3.jpg": "an old building with a large building in the center", "15282-112geric.jpg": "a picture of a rock in the distance", "12116-mme_pomp.jpg": "a woman sitting on a bed holding a knife", "17234-5portra2.jpg": "a man standing in front of a wall with a painting on it", "34398-louis_15.jpg": "a statue of a woman sitting on a bed", "36552-altar1d.jpg": "a group of people sitting in a room", "03075-1illasi2.jpg": "a large vase with a statue on top of it", "29368-2south.jpg": "a large stone building with a clock on it", "28664-1london2.jpg": "a view of a large body of water", "33422-65newtes.jpg": "a close up of a person wearing a black coat", "10593-27cows.jpg": "a couple of cows laying on top of a hill", "11678-5west.jpg": "a large building with statues and statues on it", "05845-0altar.jpg": "a group of people standing around a table", "29809-cabinet.jpg": "a picture of a television with a television on it", "42457-woodedla.jpg": "a couple of people riding horses down a dirt road", "13743-5virtue4.jpg": "a woman standing in front of a building", "42662-caronde1.jpg": "a man in a black hat holding a cell phone", "44304-christop.jpg": "a couple of men are sitting on a rock", "44460-landdunf.jpg": "a group of people riding horses in a field", "16815-3sole1.jpg": "a picture of a painting on the wall", "05934-mad_chil.jpg": "a woman sitting on top of a wooden bench", "13708-lamentat.jpg": "a group of people sitting on a bench", "11130-early21.jpg": "a group of people on a horse drawn carriage", "17986-09scene.jpg": "a group of people standing next to a building", "16972-right.jpg": "a couple of women standing next to each other", "06547-air.jpg": "a bunch of birds are in the water", "29901-stillife.jpg": "a table topped with lots of different types of food", "17277-selfpo04.jpg": "a close up of a person with a beard", "24722-julich1.jpg": "a close up of a person wearing a hat", "15803-pendant2.jpg": "a bunch of flowers that are in a tree", "26154-37nogr4.jpg": "a man standing next to a statue of a man", "24734-presenta.jpg": "a large statue of a woman in a room", "18536-septembe.jpg": "a group of people standing next to a building", "29990-huntboar.jpg": "a group of dogs playing with a tree", "25259-madonna3.jpg": "a couple of men standing next to each other", "05172-river_v.jpg": "a man standing on a beach next to a body of water", "35174-poggio.jpg": "a clock on a wall in a room", "34849-still-li.jpg": "a bunch of fruit sitting on top of a table", "20554-shepherd.jpg": "a herd of sheep grazing on a lush green hillside", "31033-cupidpsy.jpg": "a couple of people that are in a bed", "23375-12rosary.jpg": "a group of people standing around a clock", "13925-shepherd.jpg": "a woman holding a knife in her hands", "09081-death_w.jpg": "a group of people are sitting on the floor", "35700-waterfal.jpg": "a view of a mountain with a mountain in the background", "40302-107turne.jpg": "an old photo of people standing in front of a castle", "32640-flight_e.jpg": "a person sitting on a bench near the water", "11933-painting.jpg": "a mountain with a mountain in the background", "14365-prodiga.jpg": "a group of people sitting around a table", "00914-00_madon.jpg": "a clock on the side of a building", "42409-stormy_s.jpg": "a boat that is floating in the water", "04923-erdmann.jpg": "a little boy wearing a shirt and tie", "08687-11brioch.jpg": "an assortment of fruits and vegetables on a table", "33390-12newtet.jpg": "a group of people riding on the back of a boat", "39749-14marsya.jpg": "a group of people standing next to each other", "20090-17hooch.jpg": "a couple of people standing next to each other", "10625-moonligh.jpg": "a boat that is floating in the water", "08481-susanna.jpg": "a woman sitting on a bench in front of a window", "35886-clouds.jpg": "a view of a plane in the sky", "39678-03mockin.jpg": "a man and a woman are standing next to each other", "33652-01misc.jpg": "a group of people sitting around a table", "20990-bearded.jpg": "a man that has a <unk> on his face", "23116-10carme5.jpg": "a large cathedral with people standing around it", "00219-apocaly2.jpg": "a statue of a man standing next to a building", "19041-w_terni.jpg": "a large body of water next to a mountain", "12187-cro_v_1.jpg": "a group of people standing next to each other", "23384-07pieta.jpg": "a group of people sitting on top of a couch", "07786-01mirac0.jpg": "a large group of people standing next to each other", "06460-07snow.jpg": "a group of people standing in front of a building", "04712-calvary.jpg": "a group of people riding horses in front of a castle", "00849-35_eucha.jpg": "a group of people standing in front of a building", "22192-portrai5.jpg": "a man wearing a tie and a tie", "39819-16selfpo.jpg": "a man in a black jacket and a black hat", "24896-stigmatb.jpg": "a statue of a woman standing next to a clock", "17540-5venus2.jpg": "a statue of a person standing on a bench", "05548-05medici.jpg": "a man wearing a brown shirt and a white shirt", "40791-epitaph.jpg": "a couple of men standing next to each other", "42271-0606vela.jpg": "a man wearing a red and white baseball bat", "35829-river_l3.jpg": "a group of people on boats in the water", "20709-s_aristo.jpg": "a man with a hat and a hat on", "16714-lange2da.jpg": "a painting of a woman sitting on top of a horse", "04389-annuncia.jpg": "a woman in a black jacket sitting in a room", "03659-stilfrui.jpg": "a wooden table topped with plates of food", "39625-4christo.jpg": "a woman is holding a baby on a horse", "00337-portrai4.jpg": "a man with a beard and a beard", "42379-council.jpg": "a painting of a building with a painting on it", "32147-the_bull.jpg": "a herd of cattle walking across a dirt field", "20754-daughter.jpg": "a woman sitting in a chair holding a purse", "40803-01corona.jpg": "a painting of a man sitting on a wooden bench", "07630-821isaac.jpg": "a group of young men sitting next to each other", "43906-diana.jpg": "a picture of a woman in a dress", "18258-0706grec.jpg": "a group of people riding on the back of a bear", "25946-triumpha.jpg": "a man is holding a stuffed animal in his arms", "36844-garland2.jpg": "a painting of a vase with flowers in it", "38248-the_cook.jpg": "a young girl is sitting on a rock with a statue", "07923-river_la.jpg": "a large tree in front of a body of water", "13000-spinola.jpg": "a black and white photo of a person in the dark", "41291-07marria.jpg": "a group of people standing next to each other", "30060-5salzbu2.jpg": "a group of people standing next to each other", "26140-36ursu10.jpg": "a picture of a painting on the wall", "14668-2refecto.jpg": "a large stone building with a large stone wall", "13618-4fenyes.jpg": "a woman sitting on a bench next to a painting", "13883-man_sea.jpg": "a man laying on the bed with his hands in the air", "44261-oudekery.jpg": "a large building with a bunch of people in it", "21666-martyrdo.jpg": "a group of men standing around a horse", "00081-stillife.jpg": "a table topped with lots of food and glasses", "11982-galatea.jpg": "a couple of women laying on a bed", "14201-s_franci.jpg": "a large wooden building with statues and statues", "30243-12presen.jpg": "a group of people standing next to each other", "41402-14ufres2.jpg": "a large stone building with a clock on it", "26603-01_4se.jpg": "a man sitting on the floor with his feet up", "08083-morn_fog.jpg": "a field with a tree and trees in the background", "19658-campovac.jpg": "a herd of horses walking down a street", "20536-altar3.jpg": "a group of people standing next to a wooden wall", "43547-return.jpg": "a group of people sitting on top of a boat", "19660-landscap.jpg": "a man standing on top of a lush green hillside", "23225-humili.jpg": "a painting of a man standing next to a woman", "18320-1208grec.jpg": "a statue of a man standing next to a statue", "39987-1misc10.jpg": "a statue of a woman standing next to a tree", "36340-carnatio.jpg": "a woman in a dress standing in a garden", "32575-021peter.jpg": "a man standing next to a large mirror", "35364-03religi.jpg": "a group of people that are holding a baby", "14677-quatref2.jpg": "a statue of a woman standing next to a clock", "32437-baptism2.jpg": "a group of people standing next to a giant elephant", "25153-anthony4.jpg": "a woman standing in front of a building", "14706-04wooded.jpg": "a large tree in the middle of a field", "36548-altar1.jpg": "a collage of people standing in a room", "05116-adoratio.jpg": "a group of men standing next to each other", "10107-12virgin.jpg": "a little boy and a child are playing with a toy", "21645-rinaldo.jpg": "a woman and a child sitting on a bench", "40178-tonneman.jpg": "a black and white photo of people sitting on a bench", "04495-stillife.jpg": "a table that has some food on it", "20323-bouquet.jpg": "a bouquet of flowers is in a vase", "24430-chapel_r.jpg": "a group of people standing in front of a building", "17193-cypres04.jpg": "a large tree in the middle of a tree", "18401-1901grec.jpg": "a woman sitting on a couch next to a woman", "43371-passion.jpg": "a large group of people standing in a room", "09087-lament.jpg": "a group of people standing next to each other", "12999-selfport.jpg": "a man in a black jacket and a black jacket", "31233-montefe1.jpg": "a picture of a man on a painting on the wall", "21383-diana_en.jpg": "a couple of people that are sitting down", "32450-salome.jpg": "a group of people standing next to each other", "29240-dilapida.jpg": "a building with a building in the background", "38219-hunter.jpg": "a couple of dogs standing next to each other", "43242-distribu.jpg": "a group of people sitting next to each other", "14737-portra0.jpg": "a close up of a person wearing a suit", "42058-pitti3.jpg": "a group of people sitting next to each other", "09856-courb117.jpg": "a couple of women standing next to each other", "08755-toiletba.jpg": "a couple of women standing next to each other", "01093-cassiano.jpg": "a painting of a woman holding a baby", "42974-01view.jpg": "a large room with a large wooden wall", "39485-03sansov.jpg": "a man with a beard and a dog", "34310-maruce10.jpg": "a painting of a woman standing on top of a bed", "14226-madonna.jpg": "a group of people standing next to each other", "40039-cabare05.jpg": "a statue of a man standing next to a wall", "33971-cleopat3.jpg": "a man is sitting in a chair in a room", "18355-1506grec.jpg": "a statue of a man standing next to a horse", "12587-91portra.jpg": "a close up of a person wearing a hat", "17290-selfpo17.jpg": "a close up of a man wearing a hat", "03781-057ferr5.jpg": "a man standing in front of a painting on a wall", "20809-chalice.jpg": "a man sitting on a table holding a white frisbee", "24952-diptyc2.jpg": "a statue of a man sitting next to a sign", "09207-stillif1.jpg": "a table topped with lots of fruits and vegetables", "10610-shepher.jpg": "a man riding on the back of a horse in a field", "10311-04luthe4.jpg": "a man is wearing a black hat", "13460-self_por.jpg": "a man wearing a hat and a leather jacket", "20254-singeri1.jpg": "a group of stuffed animals sitting on top of a table", "35487-24mythol.jpg": "a group of people standing around a christmas tree", "34988-10civate.jpg": "a statue of a man standing next to a building", "17528-6christ.jpg": "a man sitting on a bench next to a statue", "09077-adorati.jpg": "a group of people sitting on top of a building", "32331-turco1.jpg": "a couple of people that are eating food", "09080-death_m.jpg": "a group of people standing next to each other", "07458-041boy.jpg": "a man sitting on a couch holding a flower", "30603-2mira01.jpg": "a room with a painting on the wall", "00667-assumpt.jpg": "a group of people standing in a room", "09321-atalanta.jpg": "a group of people playing frisbee on a beach", "16835-polyphem.jpg": "a dog laying on top of a stone wall", "23849-3manet08.jpg": "a group of people standing next to each other", "05461-30magnif.jpg": "a group of people sitting in a room", "40121-riverlan.jpg": "a large body of water next to a river", "32517-lastjudg.jpg": "a large clock sitting on top of a wall", "31776-allegor1.jpg": "a couple of women sitting in a room", "03566-brutus.jpg": "a group of people standing next to each other", "32117-merckt.jpg": "a woman standing in front of a mirror in a room", "06245-baptist.jpg": "a man sitting on a couch in a living room", "42305-0901vela.jpg": "a group of people sitting on a bench in a room", "42894-1view1.jpg": "a woman standing in front of a building", "18291-1006grec.jpg": "a statue of a man standing next to a statue of a man", "39082-05pitche.jpg": "a woman sitting on a bench next to a woman"}