{"26742-04_1sp3f.jpg": "a group of people sitting next to a statue", "17132-arles54.jpg": "a couple of people standing next to a building", "43141-market.jpg": "a group of people sitting around a table with umbrellas", "29917-interior.jpg": "a group of people sitting in front of a building", "11054-liger.jpg": "a couple of animals that are in a room", "39243-02creati.jpg": "a painting of a bird in a tree", "02757-italiana.jpg": "a group of people riding horses in front of a bridge", "38184-stillife.jpg": "a man sitting in front of a pile of food", "30142-musical1.jpg": "a group of people sitting around a table", "13727-rosso1.jpg": "a clock that is on top of a wall", "22597-6madsain.jpg": "a group of people standing around a building", "43445-stormy.jpg": "a black and white photo of an airplane", "08522-3still3.jpg": "a bunch of pumpkins sitting on top of a table", "18396-1809grec.jpg": "a man with a backpack and a suitcase", "24921-lawrenc5.jpg": "a group of people standing next to each other", "23196-39monaco.jpg": "a statue of a man in a dress", "14334-angel.jpg": "a woman holding a donut in her hand", "41511-cosimo2.jpg": "a man and a baby are holding an umbrella", "38175-stillife.jpg": "a bunch of fruits and vegetables on a table", "40356-08prato.jpg": "a statue of a woman wearing a costume", "43173-perregau.jpg": "a woman with a red bow tie sitting on a couch", "24099-7parnas.jpg": "a group of people standing in front of a waterfall", "28450-riders.jpg": "a group of people riding on the backs of horses", "33991-3cappell.jpg": "a group of people standing on top of a statue", "36437-landscap.jpg": "a flock of birds standing on top of a tree", "22737-andrew.jpg": "a statue of a man and a woman", "18222-0403grec.jpg": "a group of people standing around a horse", "01144-apollo_d.jpg": "a woman sitting on a couch next to a woman", "29484-sports_f.jpg": "a group of people standing on top of a sandy beach", "18403-1903grec.jpg": "a statue of a man standing next to a statue", "09322-dianahun.jpg": "a group of people sitting on a beach", "32254-06sabin2.jpg": "a group of people that are in the street", "20716-bean_kin.jpg": "a large group of people sitting in a room", "36491-christwo.jpg": "a group of people standing next to each other", "24484-visitati.jpg": "a group of people standing next to each other", "23454-mad_rose.jpg": "a woman sitting in a chair next to a baby", "24319-bertin1.jpg": "a group of people standing in front of a building", "41497-2scene03.jpg": "a group of people standing next to each other", "15107-st_bavo.jpg": "a man in a leather jacket holding a large bird", "19754-traveler.jpg": "a group of people walking past a large tree", "36789-durer_ba.jpg": "a view of a building with a building in the background", "13210-portrait.jpg": "a black and white photo of a woman in a dress", "05387-still_l1.jpg": "a painting of a vase with flowers in it", "13076-viasacra.jpg": "a man standing in front of a stone building", "15023-marque06.jpg": "a statue of a woman holding a flower", "24815-triumph.jpg": "a painting of a woman in a bathing suit", "29834-strozz0.jpg": "a large clock is in the middle of a room", "16352-03scenes.jpg": "a picture of a painting on a wall", "43206-esther_a.jpg": "a group of people standing in front of a building", "09706-11august.jpg": "a group of people standing next to a statue", "12528-03rose.jpg": "a large group of people with a dog", "08162-circe1.jpg": "a woman sitting on a couch next to a bunch of dogs", "11424-papadop2.jpg": "a close up of a person holding a dog", "23300-09trini.jpg": "a woman in a bikini is sitting on a bed", "42913-3landsc1.jpg": "a group of horses walking down a dirt road", "06803-michelan.jpg": "a close up of a person wearing a hat", "09018-12apollo.jpg": "a person sitting on the ground next to a tree", "38972-131carmi.jpg": "a group of people standing around a fireplace", "43211-y_singer.jpg": "a woman wearing a black jacket and a scarf", "18302-1101grec.jpg": "a group of people sitting on top of a couch", "26671-00_1pe1.jpg": "a painting of a man standing next to a mirror", "09981-venus_ad.jpg": "a man and a woman sitting on a bench", "19520-river_la.jpg": "a river filled with lots of people and boats", "30618-borghese.jpg": "a picture of a tree in a park", "32533-7crucifi.jpg": "a dog that is jumping in the air", "39489-06priuli.jpg": "a man wearing a hat and a tie", "18104-2tosse1.jpg": "a large wooden wall with a painting on it", "14937-6pould07.jpg": "a close up of a person with a dog", "36706-kitchen.jpg": "a woman in a kitchen preparing food on a table", "34861-cecilia.jpg": "a woman wearing a hat and holding a baseball bat", "40467-3f_1cabi.jpg": "a large clock sitting on top of a table", "01019-chess.jpg": "a couple of people sitting next to each other", "10262-01young.jpg": "a man in a black jacket is holding a cigarette", "12256-verso07.jpg": "a group of people dressed up in costumes", "23264-07madonn.jpg": "a group of people sitting on a train", "20320-mountain.jpg": "a person standing next to a forest on a beach", "05451-3sebasti.jpg": "a statue of a woman standing next to a statue", "07741-holyfami.jpg": "a man and a boy are sitting in a chair", "38263-maltese.jpg": "a black and white photo of a man", "00446-schwarz.jpg": "a man in a suit and tie holding a glass", "35458-08judith.jpg": "a couple of women sitting next to each other", "17837-blac632.jpg": "a black and white photo of a group of people", "24002-zeno06.jpg": "a group of people standing next to each other", "03021-09music.jpg": "a statue of a man holding a skateboard", "28841-fresco2.jpg": "a painting of a man sitting on top of a fireplace", "19412-stillif7.jpg": "a table with a wine glass on it", "08424-apollo.jpg": "a couple of people sitting next to each other", "28675-3bridge4.jpg": "a large wooden bench sitting in the middle of a forest", "33974-holyfami.jpg": "a group of people standing next to each other", "13812-cleopatr.jpg": "a woman wearing a white hat and wearing a hat", "21562-abraham.jpg": "a group of people riding on top of horses", "21824-teacher.jpg": "a man standing next to a woman in a room", "19463-stil_frv.jpg": "a variety of fruits and vegetables on a table", "44256-oude1.jpg": "a couple of dogs standing next to a tall building", "20651-forumrom.jpg": "a group of people standing in front of a building", "13502-zodiac06.jpg": "a large ornate clock on the side of a building", "33011-12farnes.jpg": "a group of men standing next to a large elephant", "18779-guard402.jpg": "a large group of people standing in front of a building", "43597-02magdal.jpg": "a woman sitting on a couch reading a book", "34051-2renoi31.jpg": "a group of men standing next to a boat", "30281-port_man.jpg": "a woman in a black shirt is looking at the camera", "17114-3arles28.jpg": "a painting of a vase with flowers in it", "22971-bearhunt.jpg": "a group of people riding on top of a rock", "20444-group.jpg": "a group of people standing around each other", "05777-christin.jpg": "a couple of people that are sitting on a horse", "18564-simonnie.jpg": "a couple of people standing next to each other", "19641-corner.jpg": "a herd of horses standing on top of a lush green field", "19415-stillife.jpg": "a table topped with a vase and a vase", "15163-09quarat.jpg": "a couple of people standing next to a building", "33000-01farnes.jpg": "a large cathedral with a large cathedral in the center", "17816-720goya.jpg": "a close up of a person looking at something", "20152-interior.jpg": "a group of people standing next to each other", "25228-votive.jpg": "a group of people standing next to each other", "10227-1venus02.jpg": "a woman in a bikini standing next to a man", "06828-madchild.jpg": "a couple of people sitting next to each other", "44439-kitchen.jpg": "a group of people standing around each other", "17530-8deesis.jpg": "a man and a woman in a room", "37525-2farnes.jpg": "a group of people standing in front of a fireplace", "13998-minerva.jpg": "a woman standing next to a dog in a room", "10098-27altar.jpg": "a couple of women standing next to each other", "32628-lamentat.jpg": "a group of people sitting on a boat", "43926-wolfe.jpg": "a group of people riding on top of a beach", "04615-stillif.jpg": "a vase filled with flowers sitting on top of a table", "44708-adormagi.jpg": "a group of people sitting in a room", "12593-5_4holy.jpg": "a group of people standing next to each other", "12026-grocery.jpg": "a woman sitting at a table with food on it", "30479-man_lute.jpg": "a man sitting on a chair with an umbrella", "20498-nativity.jpg": "a woman is standing next to a statue of <unk>", "22511-9deposit.jpg": "a group of people standing next to each other", "34315-maruce15.jpg": "a group of people standing around a man", "22745-madchild.jpg": "a group of people are sitting on a bench", "44715-gonfalon.jpg": "a painting of a painting on the wall of a building", "06518-03monkey.jpg": "a teddy bear sitting on top of a mirror", "24956-calvary2.jpg": "a group of people standing around each other", "40350-03prato.jpg": "a painting of a woman sitting on top of a bed", "39600-1mark.jpg": "a couple of men standing next to each other", "24176-assumpti.jpg": "a group of people sitting in a room", "20249-lawyer.jpg": "a man in a brown shirt and a tie", "25036-huntress.jpg": "a person with a dog on a leash", "16536-standar2.jpg": "a woman standing next to a giant clock", "38043-ludwig1.jpg": "a statue of a woman in a dress", "21215-ruggiero.jpg": "a group of people riding on the backs of horses", "19915-02george.jpg": "a man is holding a flower in his hand", "37927-visitor.jpg": "a woman is sitting on a chair in a room", "34054-3renoi02.jpg": "a close up of a person with a bear", "02905-portlady.jpg": "a woman sitting down talking on a cell phone", "24269-annunci.jpg": "a statue of a woman standing next to a statue", "40132-virgin_c.jpg": "a woman sitting next to a baby in a room", "20053-13jerome.jpg": "a woman holding a dog in her lap", "32887-2panel4.jpg": "a couple of women standing next to each other", "24210-picking.jpg": "a statue of a man standing next to a tree", "41502-2scene08.jpg": "a group of people sitting around a table", "12192-cro_v_6.jpg": "a group of people standing next to each other", "29230-1reale.jpg": "a group of people standing around a waterfall", "12309-51franci.jpg": "a statue of a man standing next to a statue", "11637-timoclea.jpg": "a group of people standing next to each other", "35549-10triump.jpg": "a painting of a man standing next to a cow", "13717-2assunt5.jpg": "a group of people sitting on top of a wall", "26614-05_4se.jpg": "a statue of a man standing next to a statue", "41966-miracle.jpg": "a group of people sitting on top of a couch", "09477-corint12.jpg": "a picture of a tree in the water", "35306-melk.jpg": "a large brown clock sitting next to a wall", "42002-pair1.jpg": "a woman sitting in a bed next to a dog", "37412-hulshout.jpg": "a woman standing next to a statue of a building", "14166-022love.jpg": "a painting of a woman standing in front of a mirror", "19416-stillifg.jpg": "a table that has a bunch of cakes on it", "20605-lefranc.jpg": "a man standing next to a man in a room", "03094-feast.jpg": "a group of people standing around a building", "10859-062barri.jpg": "a man sitting next to a man on a couch", "36557-circumci.jpg": "a group of people sitting around a building", "00533-2east01.jpg": "a large group of people standing next to each other", "15133-augustin.jpg": "a group of people standing next to each other", "15787-dancing.jpg": "a large group of animals walking down a dirt road", "29860-margaret.jpg": "a man wearing a hat and a white shirt", "05014-outdoor1.jpg": "a group of people standing next to each other", "18214-0307grec.jpg": "a group of people standing next to each other", "14665-15baronc.jpg": "a wall with a clock on the wall", "21274-clytie.jpg": "a group of people are sitting on a bed", "06018-1jaeldeb.jpg": "a man and a woman sitting on a teddy bear", "04820-virgin_c.jpg": "a group of people standing in front of a building", "38591-twelfthn.jpg": "a group of people sitting around a table with food", "16342-vice_7.jpg": "a statue of a woman standing next to a statue", "17189-3enviro4.jpg": "a green plant in the middle of a garden", "03675-woman_pl.jpg": "a woman sitting on top of a pile of luggage", "20633-art_wife.jpg": "a woman in a dress and holding an umbrella", "04081-nativity.jpg": "a group of people sitting in front of a painting", "33662-09misc.jpg": "a close up of a tree in a building", "21706-bacchus.jpg": "a group of people sitting on top of a bed", "00808-predel32.jpg": "a group of people standing next to a building", "13235-stillif1.jpg": "a vase filled with lots of flowers and flowers", "43254-tavern.jpg": "a group of people sitting around a table with food", "16647-humility.jpg": "a statue of a man holding a teddy bear", "07208-canal411.jpg": "a man standing next to a stone building", "00779-3predel2.jpg": "a painting of a woman standing next to a statue", "18902-01aurora.jpg": "a large building with a clock on the wall", "00554-5vault.jpg": "a painting of a painting on the side of a building", "05933-lamentat.jpg": "a group of people sitting on top of a couch", "38514-lancelot.jpg": "a large cathedral that has a clock on it", "19904-02seymou.jpg": "a close up of a person wearing a costume", "35860-vessels.jpg": "a sail boat in a body of water", "30614-3albriz1.jpg": "a painting on a wall with a man on it", "34278-3bathshe.jpg": "a group of people that are sitting on a bench", "24317-stpeters.jpg": "a large building with a church in the background", "37276-3s_louis.jpg": "a group of people standing in front of a building", "40113-concert.jpg": "a group of people sitting around a table", "29286-218muril.jpg": "a group of people standing around a group of animals", "32239-12neptun.jpg": "a group of people standing around a beach", "35371-081relig.jpg": "a man holding a dog next to a man", "08828-death2.jpg": "a group of people sitting on a bed", "14586-dianadog.jpg": "a couple of women standing next to a group of animals", "36189-saints.jpg": "a picture of a woman in a dress", "21499-certosa3.jpg": "a group of people standing in a room", "09511-hercules.jpg": "a close up of a person in a pool with a dog", "08010-virgin_a.jpg": "a group of people sitting on top of a couch", "39128-rezzonic.jpg": "a woman laying in bed with a book", "19387-marriage.jpg": "a large group of people standing around each other", "43508-vollon5.jpg": "a bunch of vegetables are sitting in the water", "30112-jerome.jpg": "a man and a dog laying on a couch", "19483-2portrai.jpg": "a man sitting in a chair reading a book", "08478-mocking.jpg": "a man is talking on a cell phone", "29329-5nagybal.jpg": "a statue of a man sitting on a bench", "32058-singlema.jpg": "a boat that is floating in the water", "07412-2singing.jpg": "an old fashion photo of a man and woman", "09339-kitchen.jpg": "a woman standing in front of a table filled with food", "26683-10_4pe4.jpg": "a group of people sitting on top of a boat", "18545-youngpil.jpg": "a woman sitting down holding a piece of food", "19176-54nopor1.jpg": "a man dressed in a black suit and tie", "00961-03prede4.jpg": "a couple of women standing next to each other", "43484-galette.jpg": "a man standing in front of a house", "10618-evening.jpg": "a group of people riding horses down a dirt road", "18129-entry_ch.jpg": "a large group of people standing around a building", "33906-21noremb.jpg": "a man that is laying down in a dark room", "42804-5shepher.jpg": "a group of people sitting in a room", "18304-1103grec.jpg": "a woman standing in front of a wall", "10108-13virgin.jpg": "a woman sitting in a chair next to a baby", "06975-martha.jpg": "a man jumping in the air with a dog", "22632-05adora.jpg": "a group of people standing around a building", "27149-duke_ham.jpg": "a statue of a woman standing next to a statue", "17781-510goya.jpg": "a woman sitting on the floor with a cell phone", "08827-death1.jpg": "a group of people that are sitting on a bed", "33025-04double.jpg": "a man and a woman are looking at something", "31072-3anton02.jpg": "a man and a woman standing next to each other", "35885-stillife.jpg": "a bird sitting on top of a pile of flowers", "03323-bernard.jpg": "a group of people standing around a museum", "30946-tomriver.jpg": "a wall with a picture of a picture on it", "13414-21paele.jpg": "a group of people standing next to each other", "12469-musicmak.jpg": "a man sitting in a chair with a guitar", "13838-haystack.jpg": "a couple of rocks sitting next to each other", "42707-rainbow.jpg": "a group of people standing on top of a sandy beach", "09901-courb405.jpg": "a picture of a large rock in the sand", "18107-3visita.jpg": "a large stone wall with a painting on it", "06625-flowers9.jpg": "a vase of flowers sitting on a table", "18477-joseph.jpg": "a man sitting down with a plate of food", "09472-corint07.jpg": "a statue of a man standing next to a building", "28730-battlesc.jpg": "a group of people riding on the backs of horses", "44274-5rome.jpg": "a view of a field of grass and trees", "20095-22hooch.jpg": "a group of people standing in a living room", "38954-041darius.jpg": "a group of people standing next to a white horse", "38638-concert_.jpg": "a black and white photo of a woman holding a frisbee", "14013-holyfami.jpg": "a couple of people sitting next to each other", "14837-marefoal.jpg": "a large brown horse standing next to a body of water", "42059-pitti4.jpg": "a group of people sitting next to each other", "26602-2ceil_vf.jpg": "a store window with a variety of items", "04502-venus_sh.jpg": "a woman in a bathing suit laying on a boat", "14655-05baronc.jpg": "a large building with a statue of a man and a statue", "09774-parable.jpg": "a group of people sitting around a table", "37660-pronk.jpg": "a table that has some food on it", "31298-old_man.jpg": "a man sitting on a chair holding a bat", "00862-dominic1.jpg": "a statue of a man standing next to a statue", "24713-falconer.jpg": "a man in a black hat and a black hat", "35718-stormyse.jpg": "a boat that is sitting in the grass", "44775-anthony.jpg": "a dog standing in the middle of a forest", "30619-washing.jpg": "a view of a bench in a park near trees", "20788-herodias.jpg": "a couple of women standing next to each other", "33449-13oldtes.jpg": "a group of people standing around a statue", "20154-marriage.jpg": "a group of people sitting around a table with dogs", "06005-lycomede.jpg": "a black and white photo of a man and a dog", "40296-102turne.jpg": "a boat that is floating in the water", "37325-6christ.jpg": "a couple of women standing next to each other", "36756-hermit.jpg": "a statue of a man standing next to a tree", "34141-taxcolly.jpg": "a couple of people that are sitting down", "36286-baptist.jpg": "a man standing next to a wall with an umbrella", "23233-polyptyc.jpg": "a clock and a painting on a wall", "06629-elements.jpg": "a group of people sitting in a garden", "29569-battlesc.jpg": "a group of horses standing next to each other", "36361-laburnum.jpg": "a man riding on the back of a brown horse", "21498-certosa2.jpg": "a wall with a painting on the wall", "42175-founding.jpg": "a large cathedral with a clock and statues", "00368-3danube.jpg": "a large body of water next to a forest", "14143-05match.jpg": "an old photo of a woman and a baby", "32449-plague.jpg": "a group of people that are sitting on some rocks", "32171-lastsupp.jpg": "a group of people sitting around a table", "30404-longneck.jpg": "a man that is sitting on a stool", "36432-landhunt.jpg": "a view of a mountain with a mountain in the background", "34963-07german.jpg": "a wall with a painting on the wall", "20473-emmaus.jpg": "a couple of men sitting next to each other", "06297-operatio.jpg": "a group of people sitting around a room", "08973-vanitas.jpg": "a man sitting on a bed next to a deer head", "08679-06still.jpg": "a couple of animals that are laying down", "38400-italiana.jpg": "a group of people standing next to a large tree", "03998-antiochu.jpg": "a group of people are sitting on a bench", "22280-virginch.jpg": "a woman in a brown dress holding an umbrella", "16539-humility.jpg": "a painting of a man sitting on top of a wall", "34453-09rippl.jpg": "a dog that is sitting on a couch", "35735-waterfa.jpg": "a large body of water with a mountain in the background", "34200-stjames1.jpg": "a man in a red shirt holding a book", "05452-4birth.jpg": "a painting of a man and a cow on a stone wall", "21287-jobresto.jpg": "a group of people standing around a group of sheep", "23122-140umilt.jpg": "a group of people standing next to a building", "40321-turpin1.jpg": "a large building with a clock on the top of it", "32973-07sedia1.jpg": "a couple of kids that are sitting in a chair", "34450-06rippl.jpg": "a dining room table with a table and chairs", "29501-religion.jpg": "a couple of women standing next to each other", "09814-lady.jpg": "a picture of a woman in a mirror", "41690-041annun.jpg": "a painting of a painting on a wall with a painting on it", "18194-0103grec.jpg": "a group of people standing next to each other", "15244-la_bonne.jpg": "a couple of women standing next to each other", "35950-3utrech5.jpg": "a very tall building with a clock on it", "38289-mohawk.jpg": "a man wearing a hat and a tie", "16840-virgin.jpg": "a woman holding a baby in her arms", "09875-courb213.jpg": "a man in a leather jacket sitting on a bike", "22631-04corona.jpg": "a group of people standing in front of a painting", "12539-07docto.jpg": "a group of people standing next to each other", "03556-therese.jpg": "a woman laying on a bed with a cat", "06785-1trium01.jpg": "a group of people standing next to a stone wall", "36668-panel2.jpg": "a group of people standing next to each other", "35547-08medici.jpg": "a group of people sitting on a couch in a room", "24416-battle3.jpg": "a group of people riding on the back of horses", "09944-ant_burg.jpg": "a close up of a wall with a painting of a bird on it", "21812-trompe1.jpg": "a wooden table topped with wooden chairs and a chair", "23277-05madonn.jpg": "a group of people standing around a dog", "12297-1buoncon.jpg": "an old photo of a woman holding a phone", "06577-travel.jpg": "a group of people riding horses in a forest", "16382-chris10.jpg": "a group of people standing next to a building", "22768-blindman.jpg": "a group of people standing next to each other", "33008-09farnes.jpg": "a statue of a man with a dog in front of it", "17078-paris28.jpg": "a statue of a man standing next to a building", "32496-martyrdo.jpg": "a group of people and a group of people", "30910-madonna.jpg": "a woman sitting on top of a wooden chair", "22928-00moros1.jpg": "a painting on a wall with a painting on it", "22776-virginch.jpg": "a woman holding a baby in her arms", "04868-ladyseat.jpg": "a woman standing next to a woman in a white dress", "15954-0view.jpg": "a very large building with a large glass window", "07132-christ.jpg": "a man sitting on a bench next to a man", "34910-02catala.jpg": "a painting of a painting on a wall", "21832-a_walk.jpg": "a couple of people standing next to each other", "28427-winterl1.jpg": "a group of people standing next to a building", "23397-8bathing.jpg": "a woman standing in front of a mirror", "13692-polyptyc.jpg": "a clock that is on top of a shelf", "26182-maesta1.jpg": "a large group of people standing next to each other", "41098-01ursula.jpg": "a group of people sitting on top of a building", "09013-08mill.jpg": "a group of people standing on top of a beach", "10770-solomon.jpg": "a group of people standing next to each other", "29833-matthew.jpg": "a man standing in front of a large clock", "12066-taking.jpg": "a group of people that are sitting on a couch", "36770-lochorst.jpg": "a group of people standing in front of a window", "14591-monkey.jpg": "a dog sitting next to a pile of fruit and vegetables", "35681-2watermi.jpg": "an old house with a bridge in the background", "21222-gypsy.jpg": "a couple of people walking down a dirt road", "18464-cupide.jpg": "a woman in a dress sitting next to a statue", "21636-pius_vii.jpg": "a woman sitting on a chair in a room", "00758-2open.jpg": "a large building with a painting on it", "08445-stil_lif.jpg": "a bunch of food that are on a table", "03876-164annun.jpg": "a woman that is standing in a room", "03638-virgin1.jpg": "a group of people sitting on top of a table", "10926-pilate2.jpg": "a group of people standing next to each other", "04666-071resur.jpg": "a statue of a man standing next to a large statue", "42761-2tempta1.jpg": "a statue of a man standing next to a statue", "00627-b_view.jpg": "the inside of a building with a building in the background", "37865-roveredo.jpg": "a mountain with a mountain in the background", "07972-farnes17.jpg": "a group of people that are sitting on a bed", "35421-41religi.jpg": "a group of people standing around a group of horses", "23779-rotterda.jpg": "a group of people walking down a street", "40995-05spieta.jpg": "a group of women standing next to each other", "25068-lastsupp.jpg": "a group of people sitting around a table", "02944-selfport.jpg": "a couple of women standing next to each other", "05907-tavern2.jpg": "a group of people standing around a building", "43216-santhony.jpg": "a group of people that are laying on a bed", "36913-08serov.jpg": "a man standing next to a large dog", "27054-portrait.jpg": "a statue of a man wearing a costume", "17106-2maries6.jpg": "a large building with a bunch of flowers in it", "05166-3borsos.jpg": "a black and white photo of a woman sitting on a couch", "21492-andrea1.jpg": "a large clock mounted to the side of a wall", "04751-preachin.jpg": "a group of people standing around a tree", "12497-11elsbet.jpg": "a woman with a hat on her head", "02911-gar_eden.jpg": "a group of people standing next to a tree", "35078-virginch.jpg": "a young boy laying on the floor with a toy", "13009-genoese2.jpg": "a black and white photo of a woman in a costume", "01081-immaculb.jpg": "a woman sitting on a bed with a stuffed animal", "14738-portra1.jpg": "a man sitting at a table with a book", "37393-coronati.jpg": "a group of people sitting on top of a wooden bench", "04440-hawthorn.jpg": "a view of a field of grass and bushes", "31511-sigismun.jpg": "a man with a beard and a beard", "04715-elijah.jpg": "a painting of a person in a body of water", "17556-14portra.jpg": "a man wearing a hat and a hat", "12480-09dresd.jpg": "a picture of a woman sitting in front of a painting", "32788-25drago3.jpg": "a couple of people riding on the back of a horse", "35257-6madenth.jpg": "a man sitting on a couch reading a book", "25274-04maryma.jpg": "a picture of a woman and a statue", "23479-boyflute.jpg": "a little boy is holding a baseball bat", "21452-z_winter.jpg": "a black and white photo of a group of people", "39104-09parrot.jpg": "a woman holding a stuffed animal in her lap", "38320-studio1.jpg": "a man wearing a hat and a hat", "25179-1prodiga.jpg": "a group of people standing next to each other", "05884-rogerang.jpg": "a painting of a woman sitting on a horse", "38266-s_child.jpg": "a person laying on a couch with a dog", "36906-01serov.jpg": "a woman is sitting in front of a dog", "14714-09fische.jpg": "a man sitting on a couch next to a book", "08408-gent_wig.jpg": "a woman in a suit and tie holding a black purse", "12417-haymakin.jpg": "a group of people standing around a pile of rocks", "11000-309david.jpg": "a woman standing on a cement floor next to a wall", "26537-00_0bay0.jpg": "a painting of a man sitting on a window sill", "27072-bubbles.jpg": "a woman sitting in front of a mirror holding a baby", "01082-infants.jpg": "a little boy that is laying down holding a bat", "14786-agony.jpg": "a group of people standing next to each other", "23440-lugano.jpg": "a large building with many statues in it", "03737-madonna.jpg": "a man holding a mans hand next to a man", "35694-thicket.jpg": "a tree in the middle of a field", "41489-1view1.jpg": "a fireplace with a painting on the wall", "20544-nolime.jpg": "a woman in a pink dress and a woman in a costume", "39739-05organ.jpg": "a couple of people that are laying on a bed", "14162-012meeti.jpg": "a group of people sitting on top of a bench", "29482-skaters.jpg": "a group of people standing in the snow", "32786-25drago1.jpg": "a group of people riding on the backs of horses", "02525-9basket.jpg": "a basket filled with lots of fruits and vegetables", "28795-high_day.jpg": "a person sitting on a bench in a dark room", "25170-crucifix.jpg": "a large group of people standing in a room", "11480-bullbenn.jpg": "a woman sitting on a chair in a living room", "42430-fishings.jpg": "a group of people in a river with boats", "33553-082portr.jpg": "a woman is sitting in a dark room", "05798-townscen.jpg": "a group of people standing in front of a church", "00892-10east.jpg": "a group of people standing next to a building", "03691-portrait.jpg": "a man sitting at a table with a glass of water", "23614-3banditt.jpg": "a large stone building with statues on it", "18802-3tobias.jpg": "a group of people standing next to each other", "43757-01theafr.jpg": "a group of people standing next to each other", "43612-10saturn.jpg": "a group of people sitting on a bench", "00815-marco_p5.jpg": "a couple of people standing next to a statue", "24318-viewrome.jpg": "a person sitting in a field next to a tree", "16527-saints.jpg": "a statue of a man standing next to a statue", "43789-16holyfa.jpg": "a couple of people that are standing next to each other", "35141-marmonte.jpg": "a man sitting in a chair reading a book", "37091-lamenta.jpg": "a group of people are sitting on the ground", "16345-virtu_3.jpg": "a statue of a woman in a white dress", "44045-0virgin.jpg": "a statue of a woman in a blue dress", "01023-port_nun.jpg": "a man in a suit holding a guitar", "21781-chasing.jpg": "a group of people standing around in a park", "42381-frederic.jpg": "a black and white photo of a boat on a beach", "15591-08oldman.jpg": "a man sitting in front of a window", "31393-paolina2.jpg": "a group of people sitting next to each other", "14361-lastjud.jpg": "a group of people that are on the ground", "34003-1renoi05.jpg": "a man sitting on a chair in front of a painting", "24129-scene9a.jpg": "a painting of a woman on a horse", "09504-baptism1.jpg": "a group of people standing around each other in a room", "34186-duel.jpg": "a group of people standing next to each other", "07475-11fortu.jpg": "a couple of boys sitting next to each other", "14216-clare1.jpg": "a couple of women standing next to each other", "20925-stillife.jpg": "a group of birds sitting on top of a table", "03931-madon_ch.jpg": "a woman sitting in a chair holding a baby", "05988-adorati.jpg": "a group of people sitting in a room", "32965-05sibyl1.jpg": "a group of people standing next to a statue", "27059-gerritsz.jpg": "a man with a beard looking at the camera", "00782-3predel5.jpg": "a group of people sitting in front of a building", "07946-rest_f_e.jpg": "a group of people riding on the back of a horse", "06766-port_man.jpg": "a statue of a man in a black jacket", "39480-6philoso.jpg": "a man standing in a room with a guitar", "00884-40north.jpg": "a group of people standing next to each other", "33643-02landsc.jpg": "a large body of water next to a river", "17255-auvers15.jpg": "a painting of a person standing next to a wall", "02788-stillif2.jpg": "a vase of flowers sitting on a table", "00099-stillfru.jpg": "a bunch of birds sitting on top of a table", "24431-chapel_v.jpg": "a group of people standing in front of a building", "34479-3milagro.jpg": "a very ornate clock on the side of a building", "29335-interior.jpg": "a group of people standing in a room", "10658-14csont.jpg": "a large building with a building in the background", "17306-selfpo33.jpg": "a close up of a tree with a tree in the background", "26164-0685depo.jpg": "a couple of men sitting next to each other", "42087-05patien.jpg": "a couple of people laying on top of a bed", "20001-sardar.jpg": "a close up of a person wearing a hat", "08686-10vase.jpg": "a blue vase filled with flowers on a table", "32332-turco2.jpg": "a statue of a man standing on a wall", "34975-4malles2.jpg": "a statue of a man standing next to a building", "07497-21narcis.jpg": "a man laying on top of a black couch", "34994-16ferent.jpg": "a painting of a man standing next to a stone wall", "39867-spring.jpg": "a field with trees and a building in the background", "19309-dalling.jpg": "a man in a suit and tie posing for a picture", "00717-landsca2.jpg": "a group of people walking down a sidewalk", "13907-allegory.jpg": "a group of people riding on the back of a dog", "04545-sebastia.jpg": "a couple of women standing next to each other", "13028-wharton.jpg": "a couple of women standing next to each other", "12382-pallas_a.jpg": "a woman with a hat and a dog", "13467-cardinal.jpg": "a man in a red shirt with a red hat", "23199-42monaco.jpg": "a painting of a woman sitting on a clock", "02986-manportr.jpg": "a statue of a man standing next to a guitar", "23573-peelin.jpg": "a woman sitting in a chair in a room", "42753-2castel1.jpg": "a man sitting on a couch with a child", "19178-54nopor3.jpg": "a man wearing a hat sitting in a chair", "04194-virgin_c.jpg": "a group of people standing next to each other"}