{"32155-landruin.jpg": "there is a mountain that is on the side of a hill", "15843-lazarus.jpg": "a group of people sitting on the ground next to each other", "38059-esau_ja.jpg": "a couple of people standing next to each other", "20288-portrait.jpg": "a statue of a man standing next to a statue", "24868-madonna1.jpg": "a little boy sitting in front of a mirror", "18473-indolenc.jpg": "a woman sitting on a bed in a room", "12183-cro_f_7.jpg": "a group of people standing next to a building", "31063-1miser10.jpg": "a group of people standing around a table", "15789-river_la.jpg": "a group of people standing next to a horse drawn carriage", "17009-nuenen24.jpg": "a building with a tree in front of it", "14814-pandreit.jpg": "a group of people standing around a horse drawn carriage", "21440-menuet.jpg": "a group of people standing next to each other", "21882-stillife.jpg": "a bunch of fruit sitting on top of a table", "00807-predel31.jpg": "a group of people dressed in traditional costumes", "31766-jerome.jpg": "a group of people sitting on top of a cow", "10684-s_thomas.jpg": "a couple of women standing next to a building", "10285-02luthe1.jpg": "a young man wearing a black hat", "11634-sibyl1.jpg": "a woman in a red dress holding a paper", "31246-finding.jpg": "a group of people standing next to each other", "42016-flowers.jpg": "a vase filled with flowers sitting on top of a table", "11651-3doctor3.jpg": "a statue of a man sitting next to a painting", "05236-03pcentr.jpg": "a group of people standing next to each other", "42542-03diana.jpg": "a group of people that are sitting on a bed", "15169-annunci.jpg": "a large group of people standing next to each other", "18344-1409gred.jpg": "a couple of people that are looking at a dog", "20247-evening.jpg": "a woman standing next to a lush green field", "40288-tancred.jpg": "a group of people laying on a couch", "30966-tunis.jpg": "a couple of horses walking down a dirt road", "32452-sophonis.jpg": "a group of people standing around each other", "16133-chris09.jpg": "a group of people standing next to each other", "36218-scene5.jpg": "a statue of a woman in a red dress", "39655-03doloro.jpg": "a man with a beard and a beard", "01133-madchil.jpg": "a painting of a man sitting in front of a clock", "44026-1braque.jpg": "a man in a red shirt is sitting on a beach", "24546-17olona.jpg": "a large cathedral with people standing around it", "03981-bello209.jpg": "a group of people standing in front of a river", "21379-aurora1.jpg": "a woman in a dress sitting on a bed", "31863-madonna.jpg": "a group of people standing around each other", "18261-0709grec.jpg": "a man in a black shirt is holding a dog", "01145-desaix.jpg": "a couple of women standing next to each other", "09021-01acis.jpg": "a woman is sitting on a beach with an umbrella", "14386-grimani.jpg": "a black iron fence with a painting on it", "14516-the_land.jpg": "a couple of animals that are laying on the ground", "41020-15portra.jpg": "a woman in a black jacket and a black dress", "04696-042potsd.jpg": "a palm tree in front of a building", "39888-vegesell.jpg": "a couple of women standing next to each other", "10595-avenue.jpg": "a group of people standing next to a group of horses", "31280-vespucci.jpg": "a statue of a woman wearing a costume", "14324-02view.jpg": "a large painting on the wall of a building", "40880-041augus.jpg": "a group of people standing next to each other", "40442-virgin4.jpg": "a group of people standing next to a building", "43882-shepherd.jpg": "a group of people sitting on top of a hill", "13629-06ferenc.jpg": "a man in a red jacket is holding a stuffed animal", "27071-brothel.jpg": "a man in a red dress standing next to a woman", "18841-anthony.jpg": "a man standing next to a woman with a horse", "20387-beachlow.jpg": "a group of people standing next to a building", "11362-landscap.jpg": "a large mountain with a mountain in the background", "04452-corinth.jpg": "a group of people sitting on top of a table", "44741-fourelem.jpg": "a group of people sitting on top of a elephant", "04103-harbour.jpg": "a group of people standing in front of a statue", "38557-villag_f.jpg": "a group of people standing next to a building", "31202-01jerome.jpg": "a statue of a man standing next to a tree", "21311-02wfleas.jpg": "a woman sitting on a chair in a living room", "38852-5scene9.jpg": "a group of people standing around a statue", "12979-genoese4.jpg": "a man in black shirt holding a pair of scissors", "03208-port_gen.jpg": "a man with a beard and a beard", "27146-hat_free.jpg": "a group of people sitting in a room", "23616-christse.jpg": "a group of people sitting in the woods", "39853-flight.jpg": "a group of people standing next to a stone building", "19760-watemil1.jpg": "an old truck is parked in front of a house", "33611-16group.jpg": "a black and white photo of a group of people", "04217-parasols.jpg": "a couple of people that are sitting under an umbrella", "40190-judparis.jpg": "a group of people standing on a beach", "16344-virtu_2.jpg": "a statue of a woman standing next to a statue", "24860-charles.jpg": "a man wearing a red shirt and a red shirt", "06891-architec.jpg": "a group of people standing around a church", "05782-descarte.jpg": "a woman standing in a dark room holding a laptop", "20059-04flea.jpg": "a man and a woman standing next to each other", "43780-15boudeu.jpg": "a woman standing in front of a large black bear", "25294-112sketc.jpg": "a painting of a man sitting on top of an elephant", "29870-virtue2.jpg": "a group of people standing around a church", "15459-1jerome.jpg": "an old man is talking on a cell phone", "00851-37_cruci.jpg": "a group of people standing next to each other", "05466-42virgin.jpg": "a large group of people standing around each other", "22587-4madonna.jpg": "an old building with a woman sitting on top of it", "06999-15cordie.jpg": "a man with a beard is sitting in the street", "27096-gpoulte1.jpg": "a couple of women sitting on top of a table", "29683-viewveni.jpg": "a large building with a clock on the top", "03606-70holyfa.jpg": "a man and a child sitting in front of a mirror", "19485-fam_port.jpg": "a group of people sitting around a table", "02894-pieta.jpg": "a woman laying on a bed with a baby", "24174-altieri.jpg": "a group of people standing around a clock", "29667-apostle.jpg": "a man that is holding a cell phone", "22798-triptych.jpg": "a picture of a woman and a woman", "33287-stillif1.jpg": "a table with a vase and a vase on it", "28418-twelfthn.jpg": "a group of people sitting around a table in a room", "21202-riverlan.jpg": "a man and a man playing in the water", "43988-2crucifi.jpg": "a couple of people standing next to a statue", "19755-vill_ent.jpg": "a person standing next to a large tree", "04918-mlle_lan.jpg": "a picture of a person wearing a mask", "30149-portrai2.jpg": "a woman in a dress sitting on a couch", "15470-3gigli2.jpg": "a group of people standing in a room", "37976-vanitas1.jpg": "a statue of a man and a statue on a table", "32676-tribune2.jpg": "a painting of a man standing next to a stone wall", "38539-port_lad.jpg": "a couple of people that are sitting down", "42458-garland.jpg": "a painting of a bunch of flowers in a vase", "03613-74reconc.jpg": "a man laying in the middle of a rock", "11057-kutuzova.jpg": "a man with a beard wearing a tie", "38537-3allegor.jpg": "a group of people are sitting on a bench", "23609-stillif2.jpg": "a bunch of vases sitting on top of a table", "35409-30religi.jpg": "a group of men sitting on top of a bed", "18219-0312grec.jpg": "a man wearing a black jacket and a black jacket", "22818-selfport.jpg": "a man with a beard and a black jacket", "39028-1porteg1.jpg": "a large building with a statue of people on it", "12415-seascape.jpg": "a bird that is standing in the water", "39851-banquet.jpg": "a group of people standing around a table filled with food", "22336-sebasti1.jpg": "a group of people standing next to each other", "20384-landscap.jpg": "a group of people standing around a tree", "18199-0205grec.jpg": "a painting of a woman sitting on a couch", "23478-lordnort.jpg": "a boat that is sitting in the water", "19914-01southw.jpg": "a man wearing a hat and a tie", "07129-4fishmon.jpg": "a group of people sitting around a table", "38681-lute_pla.jpg": "a woman sitting on a couch with a camera", "08650-05lean_d.jpg": "a vase sitting on top of a wooden table", "43776-11charme.jpg": "a group of people standing around a giraffe statue", "42056-pitti1.jpg": "a large building with statues and statues on it", "39959-martyrdo.jpg": "a group of people sitting on the side of a building", "24615-portraix.jpg": "a man wearing a hat sitting on a floor", "21323-dalamber.jpg": "a man in a brown shirt and a bow tie", "21178-woodland.jpg": "a large body of water next to a river", "05673-adoratio.jpg": "a group of people sitting in a room", "11117-early08.jpg": "a group of people riding on the backs of horses", "42078-portlady.jpg": "a woman dressed in a costume and hat", "18472-hermit.jpg": "a group of people sitting next to each other", "40763-07icon.jpg": "an old photo of a woman in a dress", "40036-cabare02.jpg": "a couple of men sitting next to each other", "00582-06apollo.jpg": "a building with a painting on the wall", "38236-cecilia.jpg": "a woman sitting on top of a black chair", "03070-odysseus.jpg": "a group of people standing next to each other", "39047-3ariost2.jpg": "a statue of a man standing next to a statue of a man", "24942-beggar.jpg": "a woman wearing a hat and holding a teddy bear", "03179-lastsupp.jpg": "a black and white photo of a fire hydrant", "13733-1scene.jpg": "a group of people standing next to a painting", "05367-portrait.jpg": "a woman standing next to a man in a room", "08641-00attrib.jpg": "a statue of a man with a <unk> in his mouth", "28512-early21.jpg": "a bride and groom are in a wedding", "24098-6victory.jpg": "a group of people standing in a room", "03005-dianaact.jpg": "a group of horses that are on display", "30355-polypti.jpg": "a large wall with a painting on it", "42182-capitol1.jpg": "a group of people standing in front of a building", "32142-punish.jpg": "a painting of a group of people and elephants", "34153-delme.jpg": "a woman and two children sitting next to a tree", "14329-scene08.jpg": "a painting of a group of people in a room", "44792-stigmata.jpg": "a man standing next to a man in a room", "17754-406goya.jpg": "a statue of a man sitting on a bench", "06033-wing1.jpg": "a group of people standing next to each other", "21973-6leda.jpg": "a woman holding a baby on a bed", "35540-03medici.jpg": "a group of people that are on the ground", "17763-414goya.jpg": "a woman is standing next to a horse", "04581-shepherd.jpg": "a man in a hat is holding a baseball bat", "30233-04prodi2.jpg": "a group of men standing next to each other", "40738-06icon.jpg": "a painting of a woman standing next to a man", "14572-catherin.jpg": "a group of people standing around a stone wall", "32335-03ignazi.jpg": "a large stone building with statues and statues", "39889-3women.jpg": "a couple of people standing next to each other", "02762-riverban.jpg": "a couple of people riding horses on a hill", "09572-corot21.jpg": "a woman is standing next to a dog", "33469-04mythol.jpg": "a woman in a black jacket and a hat", "09091-lucretia.jpg": "a woman in a dress holding a pair of scissors", "24284-scenes5.jpg": "a group of people standing next to each other", "39754-03violan.jpg": "a woman in a blue shirt is sitting on a couch", "15005-tahiti63.jpg": "a painting of a man sitting next to a painting", "34641-roman1.jpg": "a group of people standing next to a stone wall", "19457-fruiflow.jpg": "a close up of a bunch of flowers in a tree", "28409-kingdrin.jpg": "a group of people sitting around a table", "10217-3apollo1.jpg": "a woman is petting a baby animal on the ground", "40005-2mouli01.jpg": "a statue of a man in a suit and tie", "40146-vanitas.jpg": "a pair of shoes sitting on top of a table", "09391-1decolla.jpg": "a building with a painting on the wall", "16991-nuenen06.jpg": "an old church with a castle in the background", "44247-interior.jpg": "a group of people sitting in front of a building", "13095-presenta.jpg": "a black and white photo of a woman and a dog", "05280-7fragmen.jpg": "a picture of a cat and a cat", "39809-07porcia.jpg": "a man standing in front of a window", "00970-10ponta1.jpg": "a group of people standing in front of a building", "10539-land_oak.jpg": "a large tree in the middle of a river", "10302-08geiler.jpg": "a close up of a person wearing a hat", "07906-beaneate.jpg": "a man sitting at a table eating food", "33582-124portr.jpg": "an older man standing next to a bicycle", "38842-2scene2.jpg": "a statue of a man in a room", "20111-45hooch.jpg": "a group of people sitting outside of a building", "32105-igaracu.jpg": "a group of people walking across a hill", "22185-birchgro.jpg": "a field of trees with trees in the background", "23577-po_girl.jpg": "a woman with long hair is standing in a room", "19701-vase2.jpg": "a vase of flowers sitting on a table", "44000-00beaun2.jpg": "a picture of a man standing in front of a painting", "29521-portrait.jpg": "a statue of a statue of a horse in a mirror", "08906-madonn_2.jpg": "a picture of a man standing next to a statue", "36038-memmi.jpg": "a group of people sitting around a table", "04978-arcadia1.jpg": "a group of people standing next to a waterfall", "08884-apocaly1.jpg": "a painting of a painting on a wall", "29542-pilgram1.jpg": "a young boy wearing a suit and tie", "30219-4ducale2.jpg": "a group of people sitting on top of a couch", "17988-11scene.jpg": "a painting of a man sitting next to a statue", "33023-03perla.jpg": "a group of people sitting on top of a chair", "10064-2portrai.jpg": "a man with a tie and a tie", "25195-holy_fam.jpg": "a couple of people standing next to each other", "31764-elizabet.jpg": "a group of people standing next to each other", "06635-paradis.jpg": "a group of birds standing next to a tree", "24632-virgin4.jpg": "a little girl sitting in a chair in front of a mirror", "07999-magnani1.jpg": "a painting of a painting on the side of a building", "40137-drlesson.jpg": "a group of people sitting around a dog", "20380-1summer.jpg": "a man riding on the back of a horse", "38689-theorbo.jpg": "a couple of women sitting next to a dog", "41490-1view11.jpg": "a room with wooden walls and wooden walls", "41004-095portr.jpg": "a man in a black hat with a hat on", "17222-copies14.jpg": "a painting of a man sitting on a rock", "22202-2cardpla.jpg": "a group of people that are sitting on a couch", "43760-041jupit.jpg": "a woman laying on the ground with a baby", "03302-desco2.jpg": "a painting of a man sitting in front of a clock", "05313-42outer.jpg": "a black and white photo of people standing next to a statue", "23192-35monaco.jpg": "a painting of a woman standing next to a clock", "18120-denial.jpg": "a couple of people standing next to each other", "24948-borgo2.jpg": "a close up of a person standing next to a wall", "34149-captain.jpg": "a man in a red shirt is talking on a cell phone", "11621-landford.jpg": "a group of people standing around a watering hole", "14001-notary.jpg": "a man in a dark dark room with a <unk>", "42916-4allego2.jpg": "a painting of a woman and a dog", "16885-corrobor.jpg": "a group of people standing next to a large tree", "03739-miracl1.jpg": "a group of people standing in front of a building", "43961-3luke.jpg": "a couple of people standing next to each other", "24348-stillif4.jpg": "a vase filled with flowers on a table", "30556-ceiling.jpg": "a picture of people standing in a room", "17227-copies19.jpg": "a painting of a man standing next to a wall", "38743-aeneas.jpg": "a group of people standing next to each other", "29316-assumpti.jpg": "a group of people standing next to each other", "06907-merry_co.jpg": "a group of people sitting around a table", "17082-orchar03.jpg": "a tree that has a tree in it", "32059-vessels.jpg": "a picture of a kite in the sky", "30751-0view2.jpg": "a wall with a painting on the wall", "34942-26french.jpg": "a horse standing in front of a stone wall", "42694-coastal1.jpg": "a group of people sitting on a raft in the water", "34937-21french.jpg": "a close up of a piece of pizza on a table", "40316-205turne.jpg": "a cow standing in front of a body of water", "37950-kitchen.jpg": "a group of people sitting around a table", "10142-20religi.jpg": "a man with a beard and a beard", "23998-zeno02.jpg": "a large clock that is in front of a building", "06783-tavern1.jpg": "a group of people sitting around a wooden table", "36357-pompei2.jpg": "an old photo of a woman and a child", "43160-portman1.jpg": "a man wearing a blue shirt and a blue shirt", "08090-a_view.jpg": "a man sitting at a table in a restaurant", "25092-joseph.jpg": "a group of people sitting in a room", "33027-05aragon.jpg": "a woman in a red coat and a red hat", "10933-adorati1.jpg": "a group of people sitting next to each other", "20951-contine4.jpg": "a room with a painting on the wall", "30628-roundel.jpg": "a picture of a man and a clock", "32071-christ_m.jpg": "a couple of people standing next to each other", "23246-eliezer.jpg": "a couple of women standing next to each other", "30894-farnesi2.jpg": "a group of people sitting on top of a bed", "29723-family.jpg": "a group of people standing around each other", "00325-3poggio.jpg": "a group of people sitting around a table", "39439-4scrutin.jpg": "a group of statues in the middle of a building", "43986-0crucifi.jpg": "a group of people standing in a room", "32289-17roman.jpg": "a group of people sitting on the side of a river", "23181-19monaco.jpg": "a group of people standing next to each other", "20706-eucharis.jpg": "a group of people sitting in front of a building", "44276-7rome.jpg": "a group of people walking down a dirt road", "23515-studiolo.jpg": "a group of men playing a game of basketball", "32992-3david.jpg": "a painting of a painting on the wall of a building", "05315-02tripty.jpg": "a painting of a man standing in front of a vase", "16034-franc12.jpg": "a statue of a statue in front of a building", "42990-4lucretia.jpg": "a man sitting on a couch holding a tie", "15873-tarquin.jpg": "a man and a woman sitting on a bed", "40389-4portr_m.jpg": "a man wearing a hat with a hat on", "14932-6pould02.jpg": "a woman standing next to a painting on a wall", "13906-stillife.jpg": "many different types of food on a table", "35838-valkhof.jpg": "a group of people riding on the backs of horses", "17207-olive09.jpg": "a painting of a man sitting next to a tree", "28575-2montge1.jpg": "a view of a pond with flowers in the background", "02621-06arella.jpg": "a vase of flowers sitting on a table", "20524-3r2_up2.jpg": "a building with a clock on top of it", "29406-venus_c.jpg": "a group of people sitting in a room", "07974-farnes19.jpg": "a group of people standing in front of a painting", "30140-guardsce.jpg": "a group of people standing outside of a building", "31240-montefe8.jpg": "an old photo of a horse drawn carriage", "29520-madonnc.jpg": "a statue of a woman in a dress", "42264-0508vela.jpg": "a man riding on the back of a brown horse", "13554-mystic.jpg": "a group of people sitting on top of a couch", "25049-lucretia.jpg": "a woman wearing a dress and a tie", "40199-grotto.jpg": "a black and white photo of a woman in a forest", "35595-13sp1639.jpg": "a man in a black hat sitting in a chair", "16979-2hague02.jpg": "a forest filled with lots of trees and trees", "07549-36amor_v.jpg": "a man is holding onto a pair of scissors", "42093-11annunc.jpg": "a couple of women standing next to each other", "26098-26nomus3.jpg": "a group of women standing next to each other", "08844-01john.jpg": "a group of people standing next to each other", "07223-canal511.jpg": "a group of people on boats in the water", "13938-lastjudg.jpg": "a group of people that are in a room", "19566-port_man.jpg": "a close up of a person wearing a hat", "05805-3resurre.jpg": "a group of people standing next to each other", "24844-triptyc2.jpg": "a picture of a man and a woman", "10283-01princ2.jpg": "a woman wearing a red and white tie", "18535-parable.jpg": "a group of people standing around a fountain", "00609-7dante.jpg": "a man standing in front of a door", "32539-mad_chil.jpg": "a doll and a teddy bear sitting next to each other", "24922-lawrenc6.jpg": "a couple of people standing next to each other", "42801-3annunc1.jpg": "a group of people sitting on top of a building", "06553-fairrive.jpg": "a large group of people standing around a river", "00844-10_prese.jpg": "a couple of women standing next to each other", "20960-insects4.jpg": "a bunch of kites that are on a wall", "27074-clothsho.jpg": "a black and white photo of a woman holding a cat", "29365-1west.jpg": "a blue and white clock in a museum", "05304-21left.jpg": "a group of people standing around a fire hydrant", "28800-view_bay.jpg": "a view of a field of trees and trees", "10681-pancraz2.jpg": "a group of people standing next to each other", "29717-m_virgin.jpg": "a black and white photo of a group of people", "23749-stillife.jpg": "a painting of a vase with flowers in it", "41413-19panel.jpg": "a large painting of a man and a clock", "30602-1murano4.jpg": "a painting of a dog and a dog", "25901-port_art.jpg": "a man in a suit is holding a cell phone", "09152-guise.jpg": "a man wearing a hat with a hat on", "43143-ruthnaom.jpg": "a couple of people standing next to each other", "39434-3senate0.jpg": "a group of people sitting in a room", "18762-guard304.jpg": "a large cathedral with people walking around it", "18566-florian.jpg": "a large group of people standing in front of a building", "13772-mary_mag.jpg": "a woman sitting on a bench with a dog", "12419-milkmaid.jpg": "a woman standing next to a group of cows", "17834-blac629.jpg": "a stuffed animal sitting on top of a rock", "25276-05educat.jpg": "a group of people sitting on top of an elephant", "30580-stil_lif.jpg": "a couple of vases sitting on top of a table", "29182-6adorat.jpg": "a group of people sitting around a building", "13213-altarpi1.jpg": "a group of people standing in front of a building", "07543-35emmau.jpg": "a group of people sitting around a table", "34262-diana_ca.jpg": "a group of people that are standing next to each other", "22524-0view1.jpg": "a clock that is on the side of a building", "44453-ext_land.jpg": "a group of people riding on the backs of horses", "31786-hofaltar.jpg": "a group of people standing around each other", "23783-artistfa.jpg": "a group of people sitting in a room", "09033-08seapor.jpg": "a group of people sitting on a boat in the water", "08507-1lands07.jpg": "a view of a city with a mountain in the background", "25871-vision_j.jpg": "a group of people sitting on top of a bed", "09053-mowers.jpg": "a couple of men standing next to a man in a field", "05543-nastag4.jpg": "a group of people standing in front of a church", "08782-lastjud.jpg": "a group of people standing next to each other", "14341-portra_m.jpg": "a man wearing a hat and a hat", "33523-37portra.jpg": "a man wearing a hat and holding a <unk>", "40937-06virgin.jpg": "a woman holding a baby in her arms", "26341-sickgirl.jpg": "a man sitting on a couch with a dog", "23574-peeling.jpg": "a black and white photo of a woman in a room", "10646-02csont.jpg": "a statue of a person sitting on a bench", "13498-zodiac03.jpg": "a large stone building with statues and statues", "18872-catherin.jpg": "a man in an orange shirt is holding a child", "41168-x_portrc.jpg": "a woman in a dress sitting next to a window", "18728-guard108.jpg": "a large stone structure with birds on it", "17174-1asylu07.jpg": "a tree filled with lots of green trees", "35175-triumph.jpg": "a group of people standing around each other", "38662-port_man.jpg": "a man in a suit standing in a dark room", "06327-13winter.jpg": "a group of people walking across a snow covered field", "09376-malvern.jpg": "a body of water near a body of water", "10966-107david.jpg": "a man laying on a bed next to a wall", "43689-vuilla07.jpg": "two children are sitting on the side of the road", "32111-ox_cart.jpg": "a man is standing in a field with cows", "29465-int_goth.jpg": "a large building with people standing around it", "04710-cavalry.jpg": "a group of men riding on the backs of horses", "11194-1880s_14.jpg": "a close up of a person laying on a bed", "40858-01nativi.jpg": "a group of people sitting on top of a table", "18926-4rocheja.jpg": "a man in a hat is sitting on a baseball bat", "07971-farnes16.jpg": "a painting of a man and a dog on a wall", "41963-eccehomo.jpg": "a man holding a baseball bat next to a woman", "44030-0columb.jpg": "a group of people standing next to each other", "23051-1abate.jpg": "a statue of a woman with a teddy bear", "14053-st_luke.jpg": "a statue of a woman sitting on a couch", "19436-fruitsea.jpg": "a bunch of food sitting on top of a table", "38928-08danae.jpg": "a group of people that are in a room", "02487-1seaso1.jpg": "a bouquet of flowers sitting on top of a table", "08009-trinity.jpg": "a group of people sitting on top of a couch", "37135-81flagel.jpg": "a group of people standing next to each other", "22675-00view2.jpg": "a large building with people sitting on it", "14184-08bolt.jpg": "a woman is trying to catch a womans hair", "00942-00adorati.jpg": "a group of people standing next to a building", "21385-hagar.jpg": "a couple of people that are sitting down", "28916-contarin.jpg": "a man in a suit standing in front of a building", "16058-01pentec.jpg": "a clock on the wall of a building", "31385-marseill.jpg": "a group of people standing around in a room", "26239-decorati.jpg": "a large building with a dog in front of it", "40107-drinking.jpg": "a group of people sitting on top of a couch", "08538-2still3.jpg": "a pile of fruit sitting on top of a table", "23095-3deposit.jpg": "a painting of a man sitting next to a statue", "38783-thoma5.jpg": "a statue of a man standing next to a statue", "14017-1zenob03.jpg": "a group of people standing around a table", "42886-1door1.jpg": "a picture of a woman in a room", "34833-vanitas.jpg": "a statue sitting on top of a table", "17137-arles59.jpg": "a wooden bench sitting next to a wall", "03534-lunch.jpg": "a group of people standing next to a building", "11494-miracl8.jpg": "a group of people standing in front of a building", "27119-god_fath.jpg": "a group of people riding on the back of a horse", "42112-01arezz2.jpg": "a painting of a man on a wall in front of a building", "16928-death_v.jpg": "a group of people sitting on a couch", "23890-5late09.jpg": "a woman standing in front of a table full of food", "15959-00ceili4.jpg": "a large building with a painting on the wall", "36075-5window.jpg": "a large wooden clock sitting on top of a wall", "31771-sacrific.jpg": "a couple of people that are sitting down", "33451-15oldtes.jpg": "a couple of women sitting on top of a statue", "24660-becket1.jpg": "a group of people sitting on a bench", "00036-hunt.jpg": "a group of people riding horses down a dirt road", "30552-pontarts.jpg": "a large body of water with a bridge in the background", "32467-portrai1.jpg": "a close up of a person wearing a black hat", "33596-01group.jpg": "a group of people sitting down in a room", "22458-stillife.jpg": "a bunch of fruits and vegetables on a table", "20093-20hooch.jpg": "a woman sitting in a chair in a room", "37358-winter10.jpg": "a person walking in the snow with an umbrella", "28742-alipasha.jpg": "a man and a woman standing next to each other", "43576-21holyfa.jpg": "a group of people sitting on a bench", "37882-thebaid.jpg": "a large group of people standing next to each other", "18270-0809grec.jpg": "a man with a beard and a white shirt", "32461-tributem.jpg": "a group of people that are sitting down", "35133-judparis.jpg": "a man and a woman are eating a doughnut", "19217-80selfpo.jpg": "a man wearing a hat and a tie", "10661-17csont.jpg": "a group of people standing around a tree", "38424-2louis.jpg": "a group of people standing next to each other", "08757-returnho.jpg": "a large building with a lot of people on it", "09853-courb115.jpg": "a woman sitting on the ground next to a dog", "42453-scene_co.jpg": "a beach filled with lots of small boats", "01109-salvator.jpg": "a man wearing a tie and a tie", "31279-sangallo.jpg": "a man wearing a black hat and a hat", "23306-12cather.jpg": "a woman in a red coat sitting in a bed", "17925-viewdord.jpg": "a group of people on a boat in the water", "30053-2father1.jpg": "a group of people standing in a room", "01049-henry8.jpg": "a clock on a wall with a statue on it", "41164-x_piase.jpg": "a couple of kids sitting next to each other", "13016-meerstr2.jpg": "a woman in a black jacket holding a bow tie", "18223-0404grec.jpg": "a group of people standing in front of a wall", "37519-8sebasti.jpg": "a statue of a woman sitting on top of a horse", "14359-goldenag.jpg": "a group of people sitting on top of a bed", "30631-medallio.jpg": "a close up of a <unk> of a <unk>", "43037-colleonl.jpg": "a man riding a horse on top of a building", "39021-4americ2.jpg": "a group of statues sitting on top of a building", "10481-the_flea.jpg": "a black and white photo of a woman in a dress", "31356-pastoral.jpg": "an image of a person on a mountain", "38824-harmony.jpg": "a couple of people that are sitting down", "42494-kremlin.jpg": "a large building with a castle in the background", "38057-abraham.jpg": "a couple of people that are sitting down", "23727-crane.jpg": "a woman standing next to a woman and a bird", "39705-07anadyo.jpg": "a woman in a white shirt talking on a cell phone", "29571-siege.jpg": "a group of animals standing on top of a dirt field", "12057-selfporx.jpg": "a woman is sitting in front of a large vase", "06137-landsca2.jpg": "a large body of water surrounded by trees", "17210-copies02.jpg": "a painting of a man standing next to a tree", "04860-0boilly1.jpg": "a woman is standing next to a woman", "04011-golden4.jpg": "a large painting on the side of a building", "35714-marsh.jpg": "a large tree with trees in the background", "06973-death_c1.jpg": "a group of people sitting in a room", "43454-nieuwe2.jpg": "a large building with a lot of people", "42281-0615vela.jpg": "a woman is sitting on a dark surface", "13555-mystic1.jpg": "a large painting of a painting on a wall", "24762-writing.jpg": "a woman sitting at a table with a pair of scissors", "29926-peasant1.jpg": "a group of people sitting around a room", "14144-05p_parc.jpg": "a couple of people sitting next to each other", "15217-lot_dau.jpg": "a man and woman sitting on the ground", "08667-01soap.jpg": "a man sitting at a table preparing food", "39305-07ceilin.jpg": "a couple of people that are laying down", "07783-90apothe.jpg": "a group of people standing next to each other", "30106-samson_d.jpg": "a couple of women sitting next to each other", "39073-6forest2.jpg": "a group of people sitting on top of a rock", "07067-outdoor.jpg": "a group of people standing around a statue", "18236-0506grec.jpg": "a man with a beard and a beard", "39863-sanfelic.jpg": "a little girl that is sitting in a bed", "03877-165portr.jpg": "a man wearing a hat and a tie", "24195-visit.jpg": "a group of people standing around a building", "37809-manett10.jpg": "a slice of pizza sitting on top of a stone surface", "15573-6donor.jpg": "a woman standing in front of a large building", "24330-joseph2.jpg": "a statue of a woman standing next to a chair", "19838-06erasmu.jpg": "a man in a hat is holding a banana", "41468-madfinch.jpg": "a young man holding a baby in a chair", "23262-05head.jpg": "a close up of a person wearing a hat", "18292-1007grec.jpg": "a man standing next to a man in a costume", "43829-mosonyi.jpg": "a man and a woman sitting on a bed", "40201-cattle.jpg": "a couple of cows that are standing in the grass", "35815-summerfl.jpg": "a vase of flowers sitting on a table", "39751-16shephe.jpg": "a woman laying on a bed with a dog", "26755-01_61ms.jpg": "a large statue of a <unk> of a man", "09547-corot03.jpg": "an old building with a building in the background", "23897-5late16.jpg": "a view of a house with a tree in the background", "12544-2adam.jpg": "a man standing next to an apple tree", "13234-stillife.jpg": "a wooden table topped with a plate of fruit", "22341-1girl.jpg": "a close up of a person with a smile", "15576-7vault2.jpg": "a man sitting on a bench with a dog", "10012-herdemo2.jpg": "a man sitting in a mirror with his hands up", "14870-portlady.jpg": "a painting of a woman sitting on a bed", "19189-62vestru.jpg": "a woman in a black coat and a black hat", "32745-wedding.jpg": "a man standing next to a building with a sign", "15999-speaking.jpg": "a painting of a bird on a rock", "43562-allegory.jpg": "a group of people sitting around a table filled with food", "13045-jupiter.jpg": "a couple of people that are laying down", "26187-polypty5.jpg": "a woman standing in front of an ornate vase", "32624-port_boy.jpg": "a man in a black hat is using a cell phone", "10441-flagella.jpg": "a man holding a baby in front of a man"}