{"38411-maidserv.jpg": "a woman is standing in front of a mirror", "19202-71pend1.jpg": "a man wearing a hat sitting in a chair", "00847-25_cruci.jpg": "a statue of a man standing next to a statue", "10925-pilate1.jpg": "a group of people riding horses in a parade", "03032-02altar3.jpg": "a group of women standing next to a tree", "34826-summerti.jpg": "a tree in the middle of a field", "24454-tribute.jpg": "a group of people standing in front of a building", "04911-triptych.jpg": "a painting of a man and a painting on a wall", "17933-castle.jpg": "a black and white photo of people on a river", "20078-13rooder.jpg": "a man and woman standing next to each other", "29819-flowerfr.jpg": "a bunch of red flowers in a vase", "35910-3magdale.jpg": "a couple of women sitting on top of a couch", "34030-2renoi11.jpg": "a couple of people are in a canoe", "35509-41mythol.jpg": "a group of dogs that are jumping in the air", "08040-portlady.jpg": "a woman holding a flower in her hands", "35859-travelle.jpg": "a group of men playing a game of baseball", "16154-chris16.jpg": "a group of people standing next to each other", "38868-06udine.jpg": "a group of people standing next to a wall", "10475-sacrame6.jpg": "a person that is laying down with a dog", "14002-port_wid.jpg": "a woman is sitting on a couch with a dog", "17563-21portra.jpg": "a young boy wearing a hat and holding a hat", "22912-portgent.jpg": "a man wearing a green jacket and a green tie", "26011-07noporv.jpg": "a man in a hat holding a black hat", "22047-01garmen.jpg": "a close up of a person laying in a bed", "14987-2ponta02.jpg": "a group of people sitting on top of a stone wall", "26078-23virgin.jpg": "a group of people standing next to each other", "39117-egypt.jpg": "a group of people are sitting on the ground", "34848-stillife.jpg": "a bowl of food sitting on top of a counter", "06216-lucrezia.jpg": "a close up of a person wearing a tie", "09032-07jacob.jpg": "a man standing in a field next to a tree", "00208-phaeton1.jpg": "a building with a painting on the wall", "07423-calm.jpg": "a person standing in the water with a paddle boat", "25327-bartholx.jpg": "a woman is holding a baby in a costume", "15956-00ceili1.jpg": "a large building with a painting on the wall", "31318-altar_p2.jpg": "a group of people walking down a street", "28620-4bordig1.jpg": "a forest filled with lots of green trees", "17026-antwerp5.jpg": "an old building with an old building in the background", "06620-flowers4.jpg": "a painting of a vase with flowers in it", "43607-07parnas.jpg": "a group of people sitting on a beach", "01134-madchild.jpg": "a painting of a man sitting next to a clock", "39499-15sansov.jpg": "a close up of a person with a face", "41434-01galati.jpg": "there is a large cathedral that is very old", "22792-lastjudg.jpg": "a large group of people standing next to each other", "03158-manpor_r.jpg": "a statue of a woman standing next to a woman", "22155-calvaryc.jpg": "a painting of a man on a stone wall", "29719-boy_dog.jpg": "a woman laying on a bed with a dog", "03067-feastgod.jpg": "a group of people standing around a table with food", "00913-00_annun.jpg": "an ornate clock on the side of a building", "07240-canal609.jpg": "a large body of water next to a city", "28679-7liliy01.jpg": "a bunch of green plants in a field", "23006-adorshe1.jpg": "a group of people standing next to each other", "08518-2nudes5.jpg": "a statue of a man and a dog on a rock", "40232-s_luca_2.jpg": "a statue of a man standing next to a wall", "16516-virgin.jpg": "a woman is standing next to an umbrella", "44300-raphael.jpg": "a group of people standing around a christmas tree", "36098-paul3_2.jpg": "a large stone building with statues and statues", "04682-paulvirg.jpg": "a couple of people sitting on top of a bench", "23724-kensingt.jpg": "a couple of people walking down a dirt road", "20698-portgent.jpg": "a man wearing a suit and tie standing in a dark room", "05243-15eleft.jpg": "a group of people standing next to each other", "08152-miracle.jpg": "a group of people standing next to each other", "31777-allegor2.jpg": "a group of people sitting next to a statue", "41635-3scenes.jpg": "a group of people standing in front of a store", "10183-3samson1.jpg": "a man sitting on top of a christmas tree", "40306-109turnf.jpg": "a picture of a large body of water", "33028-06forna.jpg": "a young man wearing a hat with a hat on", "11414-theriver.jpg": "a large body of water next to a body of water", "42975-1honour.jpg": "a group of people sitting on top of a boat", "41361-07sancta.jpg": "a large clock mounted to the side of a building", "35472-10mythol.jpg": "a man standing on top of a black dog", "43801-21enseig.jpg": "a group of people standing in front of a building", "12376-horseman.jpg": "a couple of people riding on the back of horses", "08464-flight.jpg": "a group of people sitting on top of a boat", "30250-barbara1.jpg": "a woman standing in front of a stone wall", "23022-trinity.jpg": "a pile of flowers sitting on top of a bed", "12083-dolmen.jpg": "a view of a field with mountains in the background", "03420-11adorat.jpg": "a group of people standing around a cow", "06499-15dance1.jpg": "a group of people standing around each other", "44604-3venus.jpg": "a room with a table and a table", "06617-flowers2.jpg": "a vase of flowers sitting on the ground", "44228-sketch1.jpg": "a group of people that are in a room", "29468-estuary.jpg": "a large body of water with a large body of water", "31214-07clark1.jpg": "a couple of women standing next to each other", "41902-pitti.jpg": "a large building with a clock on it", "10146-41religi.jpg": "a black and white photo of a man and a woman", "11606-venice2.jpg": "a small boat in a body of water", "19506-crucifiy.jpg": "a group of people standing around a group of horses", "15468-3gigli0.jpg": "a large building with a large cathedral in it", "19349-german.jpg": "a living room filled with furniture and a painting", "05090-venuscup.jpg": "a couple of people that are in the water", "43504-vollon1.jpg": "a large body of water next to a river", "30545-returncr.jpg": "a group of people sitting in a living room", "29749-drawingl.jpg": "a group of people sitting around a building", "14230-rinieri4.jpg": "a black and white photo of a group of people", "40903-00philip.jpg": "a woman wearing a tie and a tie", "21465-headgirl.jpg": "a close up of a person in a bowl", "23414-adoratio.jpg": "a group of people standing next to a building", "18110-3visita3.jpg": "a group of people standing next to each other", "15339-poggio1.jpg": "a group of people standing on top of a building", "41099-021pieta.jpg": "a woman is standing next to a woman", "28760-41orange.jpg": "a statue of a man wearing a leather costume", "09295-vanitas1.jpg": "a table with a bunch of items on it", "42747-tamar.jpg": "a couple of people sitting on top of a brown horse", "11200-1880s_19a.jpg": "a young girl is laying in the water", "04833-houndsbo.jpg": "a dog laying on top of a cow", "41360-06sancta.jpg": "a painting of a man and a woman on a painting", "43901-granida.jpg": "a man and a woman are sitting on the ground", "22274-abductio.jpg": "a painting of a group of teddy bears in a museum", "31319-altar_p3.jpg": "a group of people standing in front of a building", "24578-empress.jpg": "a woman in a white dress with a red tie", "16981-2hague04.jpg": "a person standing in front of a lush green field", "00965-05humili.jpg": "a painting of a woman in a blue dress", "32891-1expuls.jpg": "a group of people standing next to each other", "26548-1chapel.jpg": "a building with a painting on the wall", "35004-06spanis.jpg": "a wall with a painting on the side of it", "40452-uhde5.jpg": "two girls sitting on a bench with paper", "28912-adoratio.jpg": "a man holding a baby in a room", "42012-aurora.jpg": "a bunch of people that are on a wall", "15191-judith_m.jpg": "a couple of women standing next to each other", "22145-ludovisi.jpg": "a man wearing a red hat sitting on a bed", "33655-03misc.jpg": "a group of men standing in front of a building", "06462-09death.jpg": "a black and white photo of a man and a cat", "09677-3giove2.jpg": "a large clock on a wall in a room", "20897-destruct.jpg": "a large group of people in a museum", "09029-06hagar.jpg": "a group of men standing next to a stone wall", "11209-1890s_04.jpg": "a painting of a man and a elephant", "18256-0704grec.jpg": "a man with a beard and a beard", "12518-1jabach2.jpg": "a man and woman with a hat on", "34191-jerome_a.jpg": "a man is jumping in the air with a dog", "24721-panel6.jpg": "a woman standing next to a brown horse", "24125-scene7a.jpg": "a group of people standing next to each other", "35354-carrot.jpg": "a close up of a person with an elephant", "14565-08silenc.jpg": "a close up of a person laying in a basket", "08653-071sketc.jpg": "a dog sitting on the ground next to a man", "05531-40venusm.jpg": "a group of people sitting on top of a bed", "26091-25more3.jpg": "a couple of women standing next to each other", "31038-triumvir.jpg": "a large group of people standing around each other", "28761-42philip.jpg": "a statue of a man holding a baseball bat", "42247-0315vela.jpg": "a man in a black jacket holding a cell phone", "09244-john_god.jpg": "a young boy playing with a child in the dark", "24804-1seilern.jpg": "a painting of people sitting in a room", "29330-6nagybal.jpg": "a room with a chair and a chair in it", "16119-chris04.jpg": "a group of people standing next to each other", "11622-landsca1.jpg": "a group of people standing next to a river", "10699-portrait.jpg": "a baby sitting on the ground with a red umbrella", "24183-rebecca.jpg": "a group of people standing around each other", "34969-2mustai2.jpg": "a painting of a painting of a man and a dog", "38202-housewif.jpg": "a woman sitting on a couch in a room", "04558-viewtivo.jpg": "a waterfall that is next to a waterfall", "13306-10goldsm.jpg": "a man wearing a hat and holding a glove", "28849-monk.jpg": "a man with a red tie and a red tie", "03624-george4.jpg": "a woman dressed in a costume with a purse", "15645-portgent.jpg": "a man wearing a black dress and a black tie", "44090-2duran.jpg": "an old photo of a woman and a child", "08689-11still.jpg": "an apple and an apple on a table", "07670-carlev131.jpg": "a group of people standing in front of a stone building", "13132-oudekerk.jpg": "the inside of a church with a large building", "33891-06noremb.jpg": "a black and white photo of a man in a suit", "24535-06olona.jpg": "a large clock mounted to the side of a building", "33190-selfport.jpg": "a close up of a person in a dark room", "15335-esther_a.jpg": "a group of people standing around in a room", "04805-cremona3.jpg": "a group of people sitting next to each other", "17029-flower02.jpg": "a close up of a vase of flowers", "20604-selfport.jpg": "a close up of a person wearing a white shirt", "17492-02virgin.jpg": "a woman sitting in front of a large building", "13302-03tript2.jpg": "a painting of a painting on the side of a building", "14319-mad_sai.jpg": "a group of people standing next to each other", "31012-st_jamex.jpg": "a couple of men standing next to each other", "30229-02probat.jpg": "a group of people sitting around a building", "17501-10virgin.jpg": "a couple of people standing next to each other", "11386-loggia.jpg": "a large cathedral with people standing around it", "38182-stilbowl.jpg": "a blue and blue vase sitting on top of a table", "02618-03arella.jpg": "a vase filled with flowers on a table", "24630-virgin2.jpg": "a woman in a red coat is reading a book", "04905-feast.jpg": "a large crowd of people standing in front of a building", "11203-1880s_22.jpg": "a large elephant standing on top of a wooden table", "08446-stillhen.jpg": "a dog that is laying down on the floor", "11394-port_man.jpg": "a close up of a person wearing a tie", "07760-20depart.jpg": "a group of people standing around a building", "13636-13ferenc.jpg": "a woman standing next to a tree in a forest", "12976-general.jpg": "a woman in a dress is standing in a room", "17815-719goya.jpg": "a group of people standing around a group of elephants", "10971-112david.jpg": "a shirtless man is jumping in the air", "11962-allegr02.jpg": "a large painting on the side of a building", "17825-809goya.jpg": "a man in a suit and tie standing in front of a wall", "29677-entryjer.jpg": "there is a painting of a man in a room", "11116-early07.jpg": "a man in a tuxedo standing in a room", "19433-flower.jpg": "a bouquet of flowers sitting on a table", "24760-virgin_d.jpg": "a man and a young boy sitting next to each other", "09820-grove3.jpg": "a group of people standing on top of a sandy beach", "21402-woodedla.jpg": "a group of people standing in a forest", "11106-gallopin.jpg": "a couple of men riding on the backs of horses", "38923-051nativ.jpg": "a group of people sitting in a room", "26648-10_3pr7.jpg": "a man and a woman sitting on a bench", "20506-1c1_main.jpg": "a group of people standing next to each other", "17445-selfport.jpg": "a man sitting in a chair with a pair of scissors", "37348-lucretia.jpg": "a woman laying on a bed with a teddy bear", "30549-tronie.jpg": "a woman wearing a red hat and wearing a hat", "26045-13nodo.jpg": "a group of people standing in front of a mirror", "37070-6paradi1.jpg": "a group of people sitting on top of a wall", "40409-winterla.jpg": "a group of people riding on the backs of horses", "19426-stillflr.jpg": "a vase of flowers sitting on a table", "43753-00chine2.jpg": "a painting of a man on a boat", "13928-tronie1.jpg": "a woman with a hat on her head", "26133-36ursu03.jpg": "a group of people standing next to each other", "14385-battle.jpg": "a group of people standing around a group of horses", "02964-sacred2.jpg": "a couple of people that are sitting down", "31827-italiana.jpg": "a group of people standing next to a body of water", "21782-hammam.jpg": "a large group of people in a large building", "35468-06mythol.jpg": "a couple of women sitting next to each other", "16057-00view.jpg": "a clock on the wall of a building", "18811-rosalima.jpg": "a couple of women standing next to each other", "30681-flowers2.jpg": "a vase of flowers sitting on a table", "19078-tearing.jpg": "a black and white photo of a woman holding an umbrella", "16595-aurora.jpg": "a picture of a man and a dog in a picture", "30594-hannibal.jpg": "a group of people standing around each other", "32515-deathmis.jpg": "a couple of men sitting next to each other", "42256-0501vela.jpg": "a person riding on the back of a horse", "42526-portra_2.jpg": "a woman in a dress sitting on a bed", "15886-medici13.jpg": "a group of people sitting on top of a rock", "10215-2nymph4.jpg": "a black and white photo of a person laying on a couch", "18798-regatta.jpg": "a large body of water next to a city", "18783-guard406.jpg": "a group of boats in a body of water", "36407-sleep1.jpg": "a woman laying in a bed with a baby", "10592-1timber.jpg": "a person in a boat on a river", "40149-birthven.jpg": "a group of people sitting in a swimming pool", "02882-ap_fran.jpg": "a clock on the wall of a building", "37374-moret4.jpg": "an old stone building with a blue roof", "13119-writer.jpg": "a person sitting in a chair in a room", "43894-sarah.jpg": "a group of people sitting in a room", "31982-0view.jpg": "a picture of a man and a dog in a building", "29758-houswife.jpg": "a woman sitting on a couch holding a blender", "16144-chris13.jpg": "a group of people sitting in front of a building", "30980-adoratio.jpg": "a group of people standing around a statue", "05417-italianr.jpg": "a group of people standing next to a building", "06280-shipcalm.jpg": "a group of sail boats floating in the water", "04443-manzana3.jpg": "a large body of water with a mountain in the background", "12023-carrot.jpg": "a woman standing next to a man holding a dog", "18625-3view.jpg": "a large wall with a painting on the wall", "30035-13paal.jpg": "a bunch of trees with trees in the background", "08192-garden.jpg": "a couple of women standing next to each other", "07837-01ladies.jpg": "a woman sitting on a couch with a dog", "19236-extensiv.jpg": "a person standing on a beach next to a body of water", "34652-labievre.jpg": "a group of people standing around in a river", "09468-corint03.jpg": "a brown and white animal laying in the water", "05661-mmebouch.jpg": "a woman sitting on a bed in a bedroom", "42294-0712vela.jpg": "a man wearing a red hat and a hat", "44323-emmaus.jpg": "a group of people sitting around a table eating food", "42113-01arezz3.jpg": "a picture of a painting on the wall", "39940-0view1.jpg": "a large cathedral with a large ornate building", "42386-amstel.jpg": "a boat floating on top of a body of water", "38695-crucifix.jpg": "a man standing next to a man in a suit", "03484-jerome2.jpg": "a group of people standing in front of a building", "14539-pitti1.jpg": "a room with a clock and a chandelier", "07941-landscap.jpg": "a group of people standing next to each other", "19339-1917_may.jpg": "the wall of a building with graffiti on the wall", "09004-04apollo.jpg": "a group of people that are standing in the dirt", "24426-s_emmaus.jpg": "a group of people standing around a table", "26102-26vani13.jpg": "a statue of a man with a dog and a horse", "24628-virgin.jpg": "a woman sitting in a chair with a baby", "13904-still_fl.jpg": "a table topped with plates of food and bowls of food", "20870-still_le.jpg": "a black and white photo of a couple of animals", "35750-1morning.jpg": "a picture of a man and a woman", "32803-35canig.jpg": "a man and a baby are sitting on the ground", "14684-virgin_c.jpg": "a woman standing next to a large building", "14136-023auror.jpg": "a couple of girls laying on a bed", "09098-virgin1.jpg": "a woman holding a baby and a baby", "09073-escorial.jpg": "a group of people riding horses on a beach", "12325-9crucifi.jpg": "a group of people standing around a statue", "19081-02portma.jpg": "a man in a leather jacket sitting on a couch", "07661-carlev06.jpg": "a large group of people standing on a beach", "42010-tribute.jpg": "a couple of men standing next to each other", "06687-wedding0.jpg": "a group of people standing around a tree", "39157-02valmar.jpg": "a group of people standing next to each other", "00863-sacraco.jpg": "a group of women standing next to each other", "03331-incarnat.jpg": "a group of people standing around a building", "08854-06crusad.jpg": "a group of people standing around a building", "32072-cortemag.jpg": "a painting of a painting on a wall", "23892-5late11.jpg": "a man wearing a hat and a hat", "08324-presenta.jpg": "a group of people standing next to a statue", "39474-2vulcan.jpg": "a person laying on a bed with a dog", "36567-holyfami.jpg": "a man holding a baby in a room", "41532-baptist.jpg": "a man laying on a bed next to a man", "03012-04eve1.jpg": "a woman in a bikini standing next to a wall", "32639-boats.jpg": "a group of cows standing in a rocky field", "38588-smokers2.jpg": "a couple of men sitting on top of a wooden bench", "08613-louis13c.jpg": "a woman in a dress is sitting on a horse", "01121-nativity.jpg": "a group of people standing around a building", "18892-magdatwo.jpg": "a group of people sitting on top of a wooden bench", "23239-predell5.jpg": "a group of people sitting next to each other", "39581-14madonn.jpg": "a group of people sitting on a bed", "38088-imaginar.jpg": "a sailboat sitting in front of a castle", "07823-6seleni.jpg": "a group of people standing around a building", "16350-01scenes.jpg": "a man sitting in front of a painting on a wall", "04515-bianchi3.jpg": "a boat that is floating in the water", "19999-7selfpor.jpg": "a dog standing in front of a building", "37330-5orsini.jpg": "a group of people standing next to each other", "03406-winter.jpg": "a group of people sitting on top of a boat", "13428-poggio3.jpg": "a group of people sitting in a room", "17116-3arles30.jpg": "a painting of a man standing next to a cart", "10315-06woman3.jpg": "a close up of a person wearing a costume", "42432-harbour.jpg": "a group of people on boats in the water", "05979-parable.jpg": "a group of people sitting on a dirt road", "05947-magus.jpg": "a group of people standing next to a group of horses", "26156-38sorrow.jpg": "a man with a hat on his head", "40928-032maxim.jpg": "a woman wearing a hat and a hat", "08428-boybask.jpg": "a black and white photo of a woman holding a basket", "31958-02madonn.jpg": "a group of people standing next to each other", "07140-flowers2.jpg": "a vase of flowers sitting on a table", "05905-nicholas.jpg": "a group of people sitting in a room with remotes", "39847-4winter1.jpg": "there are many people standing in the picture", "25105-0ursula.jpg": "a store window with a painting on the wall", "38507-montholo.jpg": "a man wearing a black hat with a black hat", "15000-tahiti59.jpg": "a dog that is laying down in a room", "35326-madame_m.jpg": "a young man standing next to a cat", "38711-concert1.jpg": "a couple of women sitting on a bed", "20458-port_boy.jpg": "a close up of a person wearing a purple shirt", "30539-ragotin1.jpg": "a woman sitting on a couch next to a dog", "03609-72rebel.jpg": "a group of people standing in a room", "40779-mansorro.jpg": "a group of people that are sitting in a building", "42405-shipping.jpg": "a boat that is floating in the water", "17191-cypres02.jpg": "a close up of a tree with a tree in the background", "10999-308david.jpg": "a man wearing a hat and a hat", "03776-057ferr.jpg": "a large building with a clock on it", "42554-07stree.jpg": "a red brick building with a building in the background", "30257-port_wom.jpg": "a woman in a red shirt is sitting on a bed", "36666-violinis.jpg": "a man is sitting on a chair in front of a window", "07131-ascensio.jpg": "a large clock mounted to the side of a building", "12500-12krel2.jpg": "a painting of a man and a woman with a dog", "28695-bouquet1.jpg": "a vase of flowers sitting on a table", "21602-excommun.jpg": "a group of people sitting on top of a bed", "40285-lamentat.jpg": "a group of people that are sitting on a couch", "19437-fruitsti.jpg": "a table topped with lots of different types of fruit", "07421-virgin_x.jpg": "a woman standing in front of a tree", "24087-3sebast2.jpg": "a statue of a man standing next to a statue", "35606-08landsc.jpg": "a group of people and animals on a river", "23126-15birth1.jpg": "a building with a painting on the wall", "26759-05_62mn.jpg": "a close up of a person sitting on a couch", "30321-sanpietro.jpg": "a large group of people standing in front of a building", "08147-balbi2.jpg": "a statue of a statue in a museum", "18483-portcour.jpg": "there is a woman that is sitting down", "11942-zenobi02.jpg": "a building with a clock on the wall", "21947-4lastsu1.jpg": "a group of people sitting in front of a building", "36610-medieval.jpg": "a large building with people walking around it", "08271-martyrdo.jpg": "a group of people standing around a building", "37994-hallstat.jpg": "a picture of a mountain in the distance", "24979-castell3.jpg": "a group of people standing next to each other", "32978-01castig.jpg": "a man wearing a hat and a hat", "11301-403delac.jpg": "a group of people in a boat on a river", "38671-woman_l.jpg": "a black and white photo of a woman holding a <unk>", "41988-concert.jpg": "a group of people sitting on top of a couch", "04683-fathers.jpg": "a couple of people sitting in a room", "30067-3wolfgab.jpg": "a group of people standing in a room", "33661-08misc.jpg": "a little girl sitting next to a bear", "42029-interior.jpg": "a vintage photo of a woman standing in a room", "24375-crossing.jpg": "a group of people riding horses on a beach", "32122-themiser.jpg": "a black and white photo of a man wearing a hat", "15868-psyche1.jpg": "a group of people sitting on top of a sandy beach", "37824-poorpoex.jpg": "a person sitting in a room with an umbrella", "25082-doctors.jpg": "a clock on a wall in a room", "40215-girlhand.jpg": "a man in a suit and tie holding a tie", "18765-guard307.jpg": "a black and white photo of a building and a building", "44227-seasons4.jpg": "an old photo of a woman and two children", "37467-woodland.jpg": "a group of people riding horses through a forest", "18170-baptism.jpg": "a couple of men standing next to each other", "21740-russ_bap.jpg": "a group of people standing next to each other", "44114-ploughma.jpg": "a group of horses standing next to each other", "04917-madamax.jpg": "a woman in a white dress riding a horse", "43016-09vittor.jpg": "a close up of a person sitting on a couch", "02722-stillife.jpg": "a close up of a dog laying on a surface", "12965-charles1.jpg": "a man standing next to a couple of horses", "20589-venus_ad.jpg": "a group of people sitting on top of a tree", "19038-v_vietri.jpg": "a man walking in front of a large building", "36933-havana.jpg": "a large building with a clock tower in front of it", "39384-32tempt.jpg": "a couple of people standing next to each other", "16074-joachi3.jpg": "a woman is sitting in front of a building", "29225-10nunzia.jpg": "a group of people sitting on top of a wall", "14794-bearded.jpg": "a close up of a person with a beard", "13348-u6kill.jpg": "a woman sitting on the floor with a baby", "22906-0piece.jpg": "a man and a woman sitting next to each other", "29481-riverlan.jpg": "a person in a boat on a river", "36818-pieta.jpg": "a woman sitting on a beach with a dog", "09327-pitti4.jpg": "a large clock mounted to the side of a building", "39463-03adamev.jpg": "a man is sitting on the ground next to a man", "31064-2august1.jpg": "a statue of a man wearing a suit and tie", "21441-mouline1.jpg": "a large group of people standing next to each other", "30780-8study4.jpg": "a black and white photo of a woman in a dress", "37503-vegeta.jpg": "a large pile of branches sitting next to each other", "20584-crucifix.jpg": "a group of people standing next to each other", "15749-madrid1.jpg": "there is a painting on the wall of a room", "00406-1view3.jpg": "a large room with a lot of furniture in it", "00602-1lunette.jpg": "a close up of a wall of a stone wall", "11153-1870s_17.jpg": "a bunch of animals that are in a room", "38780-thoma2.jpg": "a group of people sitting on top of a lush green hillside", "35317-sketch2.jpg": "a group of people that are on a couch", "13393-u4annun2.jpg": "a man laying in a pile of luggage", "32943-04cardin.jpg": "a man wearing a red hat with a red hat", "41399-14presen.jpg": "a group of people standing next to each other", "20952-flowers.jpg": "a vase filled with flowers on a table", "42859-3turin.jpg": "a group of people sitting on top of a building", "35970-mediterr.jpg": "a person in a boat on a river", "29145-mountain.jpg": "a herd of cattle grazing on a lush green hillside", "26399-watering.jpg": "a group of people standing in a field near a river", "10297-06woman1.jpg": "a statue of a girl wearing a costume", "29143-italiana.jpg": "a horse standing in front of a mountain", "19383-7hayez1.jpg": "a picture of a group of people in a room", "26138-36ursu08.jpg": "a woman in a dress standing in front of a clock", "27125-selfport.jpg": "a black and white photo of a woman sitting on a chair", "06135-fresco2.jpg": "a bird sitting on top of a stone bridge", "23056-3m_latte.jpg": "a man with a stuffed animal in her hand", "28896-derwent.jpg": "a painting of a banana sitting on top of a rock", "23850-3manet09.jpg": "a couple of women standing next to each other", "42353-joy_ice.jpg": "a group of people walking on a beach", "10105-31altar3.jpg": "a picture of a painting on the wall", "29411-bouret.jpg": "a woman in a dress sitting on a bed", "41466-mad_chim.jpg": "a woman holding a teddy bear in her hands", "10672-crucifi.jpg": "a statue of a man standing next to a statue", "21652-zenobio5.jpg": "a dog that is standing up in a room", "14346-virgin_c.jpg": "a group of people standing around a building", "19257-portlord.jpg": "a picture of a man in a mirror", "13929-velvetca.jpg": "a man wearing a red hat and a hat", "19374-6hayez.jpg": "a woman standing in front of a building", "10244-2lucret3.jpg": "a statue of a woman in a dress", "11260-107delac.jpg": "a group of people are sitting on a beach", "03754-013pieta.jpg": "a couple of men sitting next to each other", "44416-view2.jpg": "a man standing on top of a grass covered hill", "39302-04ceilin.jpg": "a man is sitting in a suit and tie", "16594-9quattro.jpg": "a large clock that is on the side of a building", "23260-04lady2.jpg": "a man in a yellow shirt is standing in the grass", "06744-stillife.jpg": "a display of fruits and vegetables on a shelf", "30099-esther.jpg": "a group of people standing next to each other", "26530-5peter.jpg": "a group of people standing next to each other", "22426-basket_f.jpg": "a painting of flowers in a basket on a floor", "40896-07diptyc.jpg": "a couple of women standing next to each other", "23158-enthrone.jpg": "a large ornate building with a clock on it", "42483-garland.jpg": "a painting of flowers in a vase", "13237-stillif3.jpg": "a vase filled with flowers sitting on top of a table", "26590-07_2ce7f.jpg": "a group of men sitting on top of a table", "41733-stillif2.jpg": "a pile of fruit sitting on top of a table", "07622-72denial.jpg": "a man and a woman are talking on a cell phone", "05392-basket_f.jpg": "a close up of a vase of flowers on a table", "29800-david.jpg": "a couple of people standing next to each other", "03470-5mass.jpg": "a large cathedral with a large stone wall", "23803-2spanis6.jpg": "a man and a woman are brushing their teeth", "08562-3lands09.jpg": "a tree in a forest filled with trees", "24140-5sebast1.jpg": "a statue of a woman standing next to a horse", "26606-01_5ne.jpg": "a couple of people that are on a floor", "00814-marco_p4.jpg": "a group of people standing next to each other", "05376-flower_p.jpg": "a vase filled with flowers on a table", "35121-selfport.jpg": "a man wearing a suit and tie with a sign", "06108-crucifix.jpg": "a statue of a man holding a hand", "19363-1hayez.jpg": "a couple of people that are laying down", "39177-12valmar.jpg": "a church with a statue of a man on top of it", "13402-15arno.jpg": "a woman standing in front of a building with a dog", "15581-02madonn.jpg": "a group of people sitting in a room", "07330-immacula.jpg": "a woman sitting next to a stuffed animal", "43589-7sophoni.jpg": "a couple of women standing next to each other", "12543-1adameve.jpg": "a shirtless man standing next to a woman", "19771-woodroad.jpg": "a person walking down a dirt road next to trees", "10928-triptic.jpg": "a group of people standing in a room", "37076-8decora3.jpg": "a picture of a painting on the wall", "05115-tuscanvi.jpg": "a group of people sitting in a field next to a building", "16805-1cavall1.jpg": "a statue of a horse standing next to a building", "39048-3ariost21.jpg": "a statue of a woman sitting on top of a bed", "17480-4carond3.jpg": "a man sitting in front of a large mirror", "30964-deerpark.jpg": "a wooded area with trees and a wooden bench", "05579-42zenobi.jpg": "a group of people standing in front of a building", "08117-pearlnec.jpg": "a woman is sitting in front of a painting", "38705-matthew2.jpg": "a group of people sitting around a table", "40119-embarcat.jpg": "a group of people sitting on a boat in the water", "20190-nieuwe2.jpg": "a large cathedral in a large building", "31077-3anton07.jpg": "a woman sitting in front of a mirror", "11185-1880s_05.jpg": "a little girl that is sitting in a chair", "26352-poultry1.jpg": "a group of people standing around a dog", "07889-bacchanb.jpg": "a group of people sitting on top of a bed", "08858-09madonz.jpg": "a group of people standing next to each other", "08823-madchild.jpg": "a little girl laying in bed with a child", "12323-9boston1.jpg": "a statue of a man standing next to a clock", "25304-selfport.jpg": "a close up of a person holding a baseball bat", "25921-general.jpg": "a black and white photo of a woman in a suit", "24554-25olona.jpg": "a statue of a woman sitting in front of a building", "15828-venusapp.jpg": "a group of people that are standing around", "11916-portrait.jpg": "a woman sitting in a chair with a dog", "37210-maesta01.jpg": "a group of people standing next to each other", "28542-argent03.jpg": "a view of a lake with a boat in the background", "19574-selfport.jpg": "a woman wearing a hat and a tie", "38658-duren1.jpg": "a man in a suit and tie standing in a dark room", "00679-the_annu.jpg": "a couple of women standing next to each other", "05395-gallery.jpg": "a group of people sitting in front of a painting", "09011-07landsc.jpg": "a couple of people sitting on top of a beach", "33584-126portr.jpg": "a man wearing a hat and a black hat", "23083-crucifi.jpg": "a group of statues on display in a museum", "12352-colonna1.jpg": "a statue of a statue in a museum", "04484-g_still.jpg": "a table topped with lots of fruits and vegetables", "14082-port_man.jpg": "a man in a black shirt and black hat", "37126-5m_child.jpg": "a group of people standing next to each other", "25987-02last0.jpg": "a painting of a man standing in front of a clock", "34970-2mustai5.jpg": "a painting of a painting on a wall", "43835-aseaport.jpg": "a group of people sitting on top of a dirt road"}