{"39074-6forest3.jpg": "a man is holding a dog and a dog", "41346-06arrest.jpg": "a painting of a man standing next to a painting", "39029-1porteg2.jpg": "a group of people standing next to a statue", "42850-1emmaus.jpg": "a group of people sitting around a group of people", "11437-virgin.jpg": "a woman standing in front of a building", "29675-capricc.jpg": "a large cathedral with people standing around it", "22908-lodoli.jpg": "a man is sitting on a pile of clothes", "08938-sebasti1.jpg": "a statue of a shirtless man in a blue shirt", "09641-flowers4.jpg": "a painting of flowers in a basket on a table", "17072-paris22.jpg": "a man wearing a blue jacket and a hat", "35784-kitchen.jpg": "a person is sitting in a train station", "39505-21portra.jpg": "a man wearing a hat and a hat", "44284-florenc1.jpg": "a group of people standing next to a body of water", "40868-11madonn.jpg": "a woman is sitting on the floor with a baby", "40129-aquinas.jpg": "a painting of a man holding a book on a stage", "34201-stjames2.jpg": "a man holding a bat in a room", "28907-uriah1.jpg": "a group of people riding on top of horses", "14664-14baronc.jpg": "a clock on a blue and blue wall", "15641-painter.jpg": "a man with a hat and a hat on", "35688-glade.jpg": "a tree with trees in the background", "32198-03baccha.jpg": "a group of people standing around a group of elephants", "19352-angoulem.jpg": "a couple of women standing next to each other", "24719-panel4.jpg": "a group of people standing next to each other", "40427-4prede3.jpg": "a couple of women standing next to each other", "17977-01scene.jpg": "a group of people standing next to each other", "15206-cupid.jpg": "a man laying in bed next to a man", "17818-802goya.jpg": "a black and white photo of a bear", "17817-801goya.jpg": "a couple of men standing next to each other", "41643-paradise.jpg": "a group of people standing next to a tree", "20454-lastsupp.jpg": "a group of people are sitting around a table", "17514-2luke1.jpg": "a group of people standing around a statue", "37530-5domeni.jpg": "a group of people standing in a room", "15333-colonna7.jpg": "a group of people standing next to each other", "21475-landscap.jpg": "a group of people standing next to a river", "08831-viewsusa.jpg": "a man sitting in front of a body of water", "11001-310david.jpg": "a woman in a white shirt is sitting on a bench", "18394-1807grec.jpg": "a brown and white dog wearing a sweater", "11082-monkey.jpg": "a black dog sitting next to a black dog", "18745-guard211.jpg": "a large building with many boats on it", "34313-maruce13.jpg": "a clock that is on a wall in a room", "18264-0803grec.jpg": "a statue of a person with a hat on", "10833-riverban.jpg": "a body of water with a boat in it", "36439-liondeer.jpg": "a group of deer standing next to each other", "20132-man_look.jpg": "a picture of a man with a smile on his face", "44081-05lady.jpg": "a man wearing a hat and a tie", "18501-rhenish.jpg": "a view of a mountain with mountains in the background", "01154-pallavic.jpg": "a close up of a person wearing a mask", "06562-hunters.jpg": "a group of people riding on the back of a tree", "30275-1nichola.jpg": "a painting of a painting of a man and a painting", "16648-madonna.jpg": "a statue of a man sitting next to a man", "30777-8study1.jpg": "a black and white photo of a woman with a horse", "20085-12hooch.jpg": "a couple of people sitting next to each other", "06146-ruinsfig.jpg": "a group of people riding on the backs of horses", "31274-mad_chil.jpg": "a woman sitting on a bed with a baby", "43784-141mezze.jpg": "an old photo of a woman sitting on a tree", "32430-1valle2.jpg": "a group of men standing in front of a wall", "42759-1giusti.jpg": "a group of people sitting on a couch with a dog", "42205-0104vela.jpg": "a man sitting on the ground with his feet up", "18899-swallow.jpg": "a group of people that are playing with a stuffed animal", "16357-10scenes.jpg": "a wall that has a painting on it", "25876-mounted.jpg": "a woman sitting on top of a brown horse", "17944-view_hax.jpg": "a group of people riding horses in a field", "19666-bridge1.jpg": "a statue of a man standing next to a stone wall", "12029-oil_lamp.jpg": "a young boy sitting on a wooden floor in a dark room", "14340-port_man.jpg": "a man in a black shirt is cutting a piece of paper", "26125-33nopor3.jpg": "a man in a suit and tie sitting down", "29854-charles5.jpg": "a woman wearing a red and black hat", "06914-rainshow.jpg": "a herd of animals walking across a dirt road", "06335-21other.jpg": "a person sitting on the side of a mountain", "19369-4hayez.jpg": "a group of people standing next to each other", "23090-santacon.jpg": "an old photo of a man and a woman", "17450-queen_sp.jpg": "a woman in a dress and a hat", "14479-409fried.jpg": "a view of a mountain range with mountains in the background", "27179-04angelu.jpg": "a couple of people standing next to each other", "05990-bacchus.jpg": "a close up of a person on a cell phone", "31208-04flage1.jpg": "a group of people standing in front of a building", "32460-tomyris.jpg": "a group of people that are sitting on a table", "15838-expulsio.jpg": "a group of people that are sitting down", "18718-guard096.jpg": "a group of people standing next to a stone wall", "29617-bridget.jpg": "a painting of a woman standing next to a painting", "00374-7lot_dau.jpg": "a woman laying on a bed next to a man", "44281-9rome3.jpg": "a large stone building with people walking around it", "30750-0view1.jpg": "a large room with a painting on the wall", "19592-virginch.jpg": "a woman sitting next to a baby on a couch", "10460-fairvill.jpg": "a large group of people standing around a building", "23876-4manet14.jpg": "a large elephant standing next to a stone wall", "06025-70elieze.jpg": "a group of people standing next to each other", "42448-christop.jpg": "a statue of a man standing on a statue", "14929-5paris02.jpg": "a pizza sitting on top of a metal pan", "21877-thames.jpg": "a bunch of stuff that are sitting on the ground", "43545-marriage.jpg": "a group of people standing around a table with food", "14789-holyfami.jpg": "a couple of people that are sitting down", "03697-holyfami.jpg": "two women and a dog are sitting on a couch", "23317-20pozzo.jpg": "a large mirror with a painting on top of it", "30932-hothouse.jpg": "a woman standing in a garden holding a bag", "21119-nereshei.jpg": "a large building with many people on it", "15205-christop.jpg": "a man and woman are standing on a rock", "18867-toivenus.jpg": "a group of people that are sitting on a couch", "44113-freshpea.jpg": "a group of people standing in front of a building", "04032-still_li.jpg": "a table topped with lots of different types of fruit", "37974-stillife.jpg": "a wooden table topped with a bunch of fruit", "13298-seascape.jpg": "a group of boats that are floating in the water", "19478-interior.jpg": "a group of people sitting around a fire place", "42226-0212vela.jpg": "a black and white photo of a person in a room", "26542-05_0bay5.jpg": "a painting of a woman in a room", "13783-samarita.jpg": "a man and a woman standing next to a cow", "40425-4prede1.jpg": "a group of people standing next to each other", "29485-towndusk.jpg": "a black and white photo of a beach", "15313-port_wom.jpg": "a woman standing next to a painting on a wall", "21166-dutch_la.jpg": "a black and white photo of a house", "11183-1880s_03.jpg": "a group of people standing next to each other", "09790-01view.jpg": "a building with a painting on the side of it", "20038-02libera.jpg": "a man standing next to a woman in a room", "23418-thomas1.jpg": "a picture of a couple sitting in front of a fireplace", "15187-judit.jpg": "a man and a woman sitting on a couch", "00071-lucca2.jpg": "a group of people standing next to a building", "20098-24hooch.jpg": "a man and a woman sitting in a room", "20586-gardenfi.jpg": "a group of people standing around a group of people", "35644-10sketc1.jpg": "a group of people and horses in a room", "13334-31jerom.jpg": "a woman with a hat and a dog", "32102-brazlanx.jpg": "a view of a body of water with trees in the background", "32809-37baldac.jpg": "a group of people standing next to a statue", "03482-jerome03.jpg": "a statue of a man standing in front of a building", "07620-71baptis.jpg": "a man in a red dress and a dog", "09883-courb221.jpg": "a close up of a person wearing a tie", "40927-02portra.jpg": "an old man sitting in front of a doorway", "28734-quixote.jpg": "a painting of a painting on the side of a mountain", "43623-january.jpg": "a group of people walking down a dirt road", "13011-killigre.jpg": "a man sitting on a couch next to a woman", "29636-adormag.jpg": "a group of people standing in front of a building", "17038-flower11.jpg": "a blue vase filled with lots of flowers", "15314-queen_e1.jpg": "a close up of a woman in a dress", "21154-stillif1.jpg": "a bunch of fruit sitting on top of a table", "08949-pendant2.jpg": "a man in a hat is standing in a chair", "31801-battle.jpg": "a large body of water with lots of boats", "28448-landscap.jpg": "a group of people sitting on top of a dirt field", "38664-portrai2.jpg": "a woman is standing in front of a mirror", "08474-lamentat.jpg": "a group of people sitting on top of a bed", "18887-allegory.jpg": "a couple of women sitting next to each other", "20375-15ingres.jpg": "a woman sitting on a bed in a room", "13006-dualport.jpg": "a man and a woman are posing for a picture", "29733-stillif1.jpg": "a table topped with lots of fruits and vegetables", "15188-judit0.jpg": "a couple of people sitting on a couch", "24879-franc28.jpg": "a group of people standing next to a building", "32193-portrai2.jpg": "a woman is sitting on a couch with a dog", "31508-este.jpg": "a close up of a person petting a stuffed animal", "40831-08portra.jpg": "a young boy wearing a suit and tie", "22605-9annunci.jpg": "a woman is standing next to a statue", "37627-cassino2.jpg": "a group of people in a room with a dog", "07430-winter_l.jpg": "a person standing in a snow covered field", "03419-10altarp.jpg": "a couple of people that are sitting on a bed", "32769-061gonza.jpg": "a woman wearing a hat and a hat", "20883-bacchus.jpg": "a group of people sitting on top of a bed", "05860-pearl.jpg": "a group of people standing in front of a building", "23275-04young.jpg": "a man wearing a black hat and a hat", "13020-porziaim.jpg": "a man standing next to a woman in a dark room", "17503-12virgin.jpg": "a woman sitting on a bed with a baby", "23923-christ_g.jpg": "a painting of a woman sitting next to a painting", "39676-01jerome.jpg": "a man sitting on a bed with a book", "13779-parable1.jpg": "a woman sitting on the floor in the dark", "08016-charles2.jpg": "a woman is wearing a black coat and a tie", "44046-1diptych.jpg": "a painting of a woman standing next to a painting", "04771-classlan.jpg": "a couple of people that are sitting in the grass", "23457-magdalen.jpg": "a woman in a green jacket holding a vase", "03630-batavia.jpg": "a large group of people at a beach", "29527-interior.jpg": "a group of people sitting in a living room", "05595-08christ.jpg": "a man in a dress and tie holding a tie", "17676-winterla.jpg": "a large body of water next to a forest", "41598-06orsinj.jpg": "a large building with statues and a statue", "11154-1870s_17a.jpg": "a group of people standing next to each other", "17162-portra14.jpg": "a picture of a man wearing a hat and hat", "39303-05ceilin.jpg": "a close up of a person with a dog", "19171-52voorho.jpg": "a man wearing a hat and holding an umbrella", "08502-1lands02.jpg": "a painting of a painting of a painting of flowers", "00373-6lovers.jpg": "a man and a woman sitting on a wooden table", "41106-08ursula.jpg": "a group of people standing next to each other", "00631-baptist.jpg": "a stone building with statues and statues", "13782-port_act.jpg": "a man in a leather jacket holding a cell phone", "05029-waterbas.jpg": "a group of people sitting on a beach", "31314-altar_1.jpg": "an old photo of a woman holding a baby", "29932-vill_tav.jpg": "a person sitting on the ground next to a bear", "19100-12coupl.jpg": "a black and white photo of a man and a woman", "38609-peas_dic.jpg": "a group of people standing around a table", "22739-madonna1.jpg": "a group of people standing next to each other", "34832-vanita_s.jpg": "a couple of vases sitting on top of a table", "35887-man_helm.jpg": "a man is standing next to a river", "39040-2homer3.jpg": "a group of people standing next to a building", "38364-1vescov1.jpg": "a statue of a woman in a dress", "05702-venus1.jpg": "a group of people sitting in a room", "26109-30young1.jpg": "a large vase with flowers on top of it", "39874-virgin_c.jpg": "a woman holding a baby in her arms", "44770-stil_lif.jpg": "a coffee cup sitting on top of a table", "30303-capriccs.jpg": "a large stone building with statues on it", "35017-selfport.jpg": "a man with a beard and a black jacket", "23848-3manet07.jpg": "a man is holding a bottle of beer", "11467-stil_lif.jpg": "a pile of fruit sitting on top of a wooden floor", "32826-0segnat.jpg": "a large room with a large stone wall", "26046-13nodo1.jpg": "a man standing in a doorway next to a white cat", "35852-riversce.jpg": "a boat that is floating in the water", "33374-sorrento.jpg": "a tree in front of a body of water", "18380-1707grec.jpg": "a man standing next to a large elephant", "21138-sister.jpg": "a little girl in a white dress shirt", "40749-01icon32.jpg": "a painting of a woman sitting next to a woman", "11938-sgotthar.jpg": "a painting of a painting on the side of a wall", "04490-stil_gra.jpg": "a bunch of fruits and vegetables on a table", "33303-flowers2.jpg": "a vase filled with flowers on top of a table", "43569-viewtown.jpg": "a couple of people standing in front of a building", "15381-neptune.jpg": "a couple of women sitting next to each other", "41012-122portr.jpg": "a man in a black hat and a black hat", "34263-gregory.jpg": "a group of people sitting on top of a building", "15218-lot_daug.jpg": "a woman sitting on a bed next to a man", "25268-giese1.jpg": "a woman sitting on a couch with a book", "18493-widow_pr.jpg": "a group of people sitting on a couch next to a dog", "42211-0110vela.jpg": "a group of people sitting around a bed", "23521-descent1.jpg": "a group of people standing next to each other", "08807-niagara.jpg": "there is a large body of water on the beach", "10446-portrait.jpg": "a man wearing a shirt and tie with a beard", "11101-cottage.jpg": "a tree in the middle of a field", "37711-stillife.jpg": "a glass vase filled with lots of flowers", "18124-virgin_c.jpg": "a woman in a yellow shirt holding a paper", "06686-wedding.jpg": "a group of people standing next to each other", "17836-blac631.jpg": "a woman is sitting on a rock looking at a rock", "02856-entombme.jpg": "a painting of a man on a cell phone", "06118-wooded.jpg": "a herd of cattle grazing on a lush green forest", "20649-capricc2.jpg": "a large stone building with statues on it", "03586-03ventur.jpg": "a display of people standing in a room", "38540-port_pla.jpg": "a woman sitting on a bed with a dog", "36901-c_virgin.jpg": "a group of people standing next to each other", "07556-39garden.jpg": "a black and white photo of a man and woman", "00626-b_miracu.jpg": "a group of people standing in front of a building", "00476-virgin_c.jpg": "a woman holding a baby in her arms", "09855-courb116.jpg": "a man standing next to a cow in the dirt", "18201-0207grec.jpg": "a group of people sitting around a statue in a room", "40021-brothe04.jpg": "a close up of a person with an umbrella", "19341-grandpri.jpg": "a group of people riding in a horse drawn carriage", "18801-2tobias.jpg": "a dog that is laying down in the sand", "31241-idealcit.jpg": "a large building with a large building in the background", "14245-3nativit.jpg": "a couple of women standing next to each other", "43722-cromwel2.jpg": "a couple of women standing next to each other", "37805-manett06.jpg": "a couple of people that are wearing hats", "07179-canal223.jpg": "a group of people walking down a street", "29435-baptism.jpg": "a group of people standing next to each other", "30064-3wolfga3.jpg": "a statue of a cow standing next to a cow", "44273-4rome.jpg": "a bridge over a river with a bridge in the background", "07852-05george.jpg": "a statue of a person riding a horse", "18589-1view1.jpg": "a large building with a painting on the wall", "22356-oriental.jpg": "a statue of a man wearing a blue shirt", "37319-1avignon.jpg": "a wall with a painting of a man on the wall", "44704-p_landsc.jpg": "a group of people and a dog on a field", "32686-stillife.jpg": "a large building with a bunch of animals on it", "17150-portra02.jpg": "a man wearing a red hat and a hat", "21020-pendant2.jpg": "a man wearing a hat with a hat on", "08322-davidzit.jpg": "a group of people standing next to each other", "14243-1biccher.jpg": "a wall with a bunch of mannequins on it", "34860-youngman.jpg": "a man in a suit is brushing his teeth", "00920-01compag.jpg": "a portrait of a woman and a clock", "10943-crucifix.jpg": "a group of people standing next to each other", "34924-05gartem.jpg": "a stone wall with a painting on it", "19545-feast.jpg": "a crowd of people standing in front of a building", "39570-08nolim.jpg": "a man and woman are sitting on the beach", "38280-humility.jpg": "a little girl sitting on top of a bench", "11303-405delac.jpg": "a close up of a close up of a giraffe", "10715-farm.jpg": "an old building with a tree in the background", "22664-4cintola.jpg": "a large group of people dressed in costumes", "25898-calmwate.jpg": "a group of boats floating in a body of water", "03951-sacracon.jpg": "a couple of people that are sitting down", "14601-stillifz.jpg": "a bunch of birds sitting on top of a table", "06873-mirror.jpg": "a group of women standing next to each other", "36124-d_juana.jpg": "a woman in a black jacket and a black dress", "44431-marsvulca.jpg": "a group of people that are sitting on a couch", "19552-scipio.jpg": "a group of people standing around a building", "18118-selfport.jpg": "a man sitting on a chair with a pair of scissors", "09329-sassuolo.jpg": "a large building with a clock on the wall", "26553-01_2ce1f.jpg": "a group of people standing on top of a table", "43303-odoni.jpg": "a black and white photo of a man and a dog", "44381-white_ho.jpg": "a man leading a horse down a dirt road", "04791-children.jpg": "a boy and a woman are sitting on a couch", "23951-sjerome.jpg": "a statue of a man standing next to a statue", "42201-0101vela.jpg": "a group of people sitting around a table", "11668-0view1.jpg": "a large building with a large clock on it", "19603-altar3.jpg": "a large group of people in a room", "34644-summer.jpg": "a group of people standing around a small boat", "40056-2cafe1.jpg": "a painting of a man sitting on a window sill", "32988-1separat.jpg": "a black and white photo of a person laying on a stone wall", "39080-03adorat.jpg": "a group of people standing next to each other", "12043-drops_wp.jpg": "a lamp sitting on top of a wooden table", "09780-adormagi.jpg": "a large group of people standing next to each other", "12196-cro_v_8.jpg": "a group of people standing next to each other", "00687-road_cal.jpg": "a group of people standing next to a building", "20978-venusfor.jpg": "a bunch of statues are sitting in a room", "11170-1870s_70.jpg": "a group of people sitting around a window", "42328-annuncia.jpg": "a woman standing next to a woman in a room", "24525-10clemen.jpg": "a statue of a person on a building", "19542-phaeton.jpg": "a group of people standing next to a pile of animals", "00750-11fieso7.jpg": "a statue of a man holding an umbrella", "05248-04stjohn.jpg": "a woman sitting in the middle of a garden", "43535-portmoen.jpg": "a man wearing a black jacket and a black jacket", "42523-elegant.jpg": "a couple of women standing next to each other", "05069-doctors.jpg": "a group of people sitting around a table", "26380-puddlers.jpg": "a black black and white photo of a black and black vase", "00376-01sgeorg.jpg": "a herd of animals grazing in a forest", "17092-1arles04.jpg": "a large boat is sitting in the water", "22168-organ_re.jpg": "a woman standing in front of a building", "30645-virgin_e.jpg": "a group of people sitting on top of a couch", "00924-02compa3.jpg": "a group of people standing next to a building", "28713-stjerome.jpg": "a man is sitting on the ground with a dog", "20290-chesspla.jpg": "a group of people sitting around a table", "02628-landscap.jpg": "a group of men standing next to each other", "04574-drinking.jpg": "a young man holding a glass of red wine", "09107-marine2.jpg": "a black and white photo of a boat and a boat", "21399-echevins.jpg": "a group of people standing next to each other", "07116-martyrdo.jpg": "a group of people sitting on top of a wooden chair", "26073-21novirg.jpg": "a woman in a red dress sitting on a bed", "43366-sacra_co.jpg": "a group of people standing next to each other", "20814-christi7.jpg": "a close up of a woman in a dress", "05258-14carryi.jpg": "a group of people sitting in a room", "04554-italland.jpg": "a herd of cattle walking across a lush green field", "21522-virgin_c.jpg": "a man and a child are sitting on a couch", "16554-crucifix.jpg": "a statue of a man standing next to a clock", "30934-angelica.jpg": "a group of people sitting on a beach", "24895-stigmata.jpg": "a statue of a man standing next to a clock", "28918-madruzzo.jpg": "a man in a black suit and a dog", "02902-port_old.jpg": "a close up of a person wearing a hat", "03325-catherin.jpg": "a large group of people in a room", "32576-02noah.jpg": "a group of people standing next to each other", "04818-crucifix.jpg": "a group of people standing next to each other", "44696-bacchana.jpg": "a group of people on a beach playing with horses", "00469-venus_a1.jpg": "a group of people with a dog and a dog", "43872-riding.jpg": "a man standing next to a tree in a forest", "19040-w_anitre.jpg": "a large pile of rocks sitting next to a stone wall", "18296-1010grec.jpg": "a close up of a person wearing a suit", "08546-3figure6.jpg": "a statue of a man wearing a tie", "17183-2enclos6.jpg": "a painting of a building with a mural on it", "29820-stillife.jpg": "a bunch of flowers that are in a vase", "18081-1monica.jpg": "a statue of a woman standing next to a statue", "17204-olive06.jpg": "a close up of a table with a painting on it", "24977-castell1.jpg": "a group of people standing next to each other", "36205-preachin.jpg": "a building with a red brick building and a red brick building", "24897-coronat.jpg": "a building with a clock on top of it", "28354-abraham.jpg": "a group of people standing around a pile of animals", "04082-virgin_c.jpg": "a woman sitting in a chair holding a baby", "34718-j_gritti.jpg": "a man with a beard sitting in a chair", "14832-virgin.jpg": "a group of people that are sitting down", "08803-portrait.jpg": "a man in a red jacket using a laptop", "04908-jacob.jpg": "a group of animals that are standing in the dirt", "07143-caesar.jpg": "a group of people standing next to each other", "20678-soldiers.jpg": "a group of people sitting in a room", "34273-susanna.jpg": "a couple of people that are sitting down", "28757-1philip.jpg": "a close up of a person wearing a hat", "07818-5triump.jpg": "a group of people standing next to horses", "36798-carondel.jpg": "a woman sitting on a couch holding a book", "21654-alexande.jpg": "a group of people sitting on top of an elephant", "38646-oldwoman.jpg": "a young boy holding a plate of food in a room", "02961-johnbapt.jpg": "a woman is petting a goat with a rope", "34921-03gartem.jpg": "a brick wall with a brick wall and stone walls", "08272-meeting.jpg": "a group of people standing next to each other", "13216-predella.jpg": "a group of people standing in front of a building", "44768-shepherd.jpg": "a group of people sitting on a stage with a skateboard", "18209-0302grec.jpg": "a man wearing a black jacket and jeans", "17211-copies03.jpg": "a painting of a woman holding a woman", "37235-saints40.jpg": "a statue of a woman in a dress", "20935-caspar1.jpg": "a woman sitting on a chair in a room", "13333-30christ.jpg": "a close up of a person in a mirror", "32920-4oathleo.jpg": "a group of people standing next to each other", "24941-crucifix.jpg": "a statue of a man standing next to a statue", "30823-madchild.jpg": "a woman holding a baby next to a baby", "38608-peas_dax.jpg": "a group of people standing around a pile of food", "11957-orsett08.jpg": "a painting of a person laying on a bed", "11444-portrait.jpg": "a statue of a man sitting on a wooden chair", "08268-death_jo.jpg": "a couple of people that are laying down", "41148-altar1.jpg": "a clock that is on top of a wall", "29986-dead_roe.jpg": "a group of dogs that are standing in the dirt", "06765-p_woman4.jpg": "a statue of a man wearing a costume", "17789-608goya.jpg": "a painting of a man playing with a dog", "18363-1514grec.jpg": "a man sitting in a chair next to a cow", "12556-landaue.jpg": "a large painting of a painting on a wall", "44189-suitor.jpg": "a couple of people standing next to each other", "25255-innocent.jpg": "a large group of people standing in front of a building", "11492-ladygree.jpg": "a woman in a dress holding a tennis racket", "25115-7veronic.jpg": "a close up of a person wearing a hat", "29886-isaac.jpg": "a man and a woman standing next to each other", "07268-canal718.jpg": "a group of people standing around a bridge", "05599-12agony.jpg": "a group of people laying on a bench", "01029-selfspin.jpg": "a man with a beard and a black shirt", "32130-cowwater.jpg": "a herd of animals drinking from a tree", "35095-athens.jpg": "a group of people standing around a stone building", "31745-08figure.jpg": "a couple of women standing next to each other", "13605-sorrento.jpg": "a group of people standing next to a body of water", "08458-betrayal.jpg": "a group of people standing around each other", "00425-3giacom1.jpg": "a large building with people standing in front of it", "16678-arezzo5.jpg": "a statue of a man standing next to a building", "28658-5cathed3.jpg": "a very tall tree in front of a tree", "42618-26lady.jpg": "a woman sitting in a chair next to a woman", "38613-return_h.jpg": "a man standing next to a group of animals", "33561-090portr.jpg": "a woman in a white dress is standing in the dark", "39512-27selfp.jpg": "a man with a beard is looking at something", "10132-12religi.jpg": "a couple of women standing next to each other", "34900-14austri.jpg": "a painting of a painting on a wall with a painting on it", "10161-54religi.jpg": "a group of people standing next to each other", "09105-shepherd.jpg": "a couple of people walking across a snow covered hillside", "32951-07folig.jpg": "a group of people standing next to each other", "17035-flower08.jpg": "a vase filled with flowers on a table", "15744-assumpti.jpg": "a group of people sitting on a stage", "19664-italland.jpg": "a herd of animals walking across a dirt road", "19892-92oldman.jpg": "a man in a suit holding a piece of food", "03933-saints_1.jpg": "a couple of men standing next to each other", "44375-sceneroc.jpg": "a group of people riding horses on a beach", "26374-cavalry1.jpg": "a group of people riding on the backs of horses", "35616-00battle.jpg": "a group of people riding on the backs of elephants", "35300-cefalu.jpg": "a view of a mountain with a mountain in the background", "40185-allegory.jpg": "a group of people that are sitting on a bed", "35582-25titia3.jpg": "a man and a woman sitting on a table", "32750-tondo1.jpg": "a group of women standing next to each other", "29638-capricci.jpg": "a group of people standing in front of a building", "20895-vestal.jpg": "a woman standing next to a wooden wall", "19273-view1.jpg": "a large building with a mountain in the background", "42215-0201vela.jpg": "a man standing next to a statue of an elephant", "32730-annehart.jpg": "a woman standing in front of a tree", "35124-warriors.jpg": "a group of people riding on top of a rock", "36742-selfport.jpg": "a man in black jacket holding a cigarette", "33239-mecklenb.jpg": "an older woman in a suit and tie", "35703-damsquar.jpg": "a crowd of people walking down a street", "03452-giacinto.jpg": "a group of people sitting on top of horses", "21358-pendant2.jpg": "a man riding on the back of two horses", "14041-crucifix.jpg": "a statue of a man holding a teddy bear", "42605-22pearl.jpg": "a close up of a person wearing a mask", "18778-guard401.jpg": "a tree in the middle of a field", "22812-selfport.jpg": "a man wearing a hat and a hat", "31454-4susanna.jpg": "a large building with statues and a statue", "01115-annunci.jpg": "a group of people standing around a wall", "32623-marymagd.jpg": "a man in a red shirt standing next to a man", "14374-triumph1.jpg": "a group of people standing next to each other on a mountain", "09784-concert.jpg": "a group of women standing next to each other", "08278-studiolo.jpg": "a group of people standing in front of a building", "07718-5altar3.jpg": "a statue of a man holding a book", "10410-15woman.jpg": "a statue of a person wearing a costume", "42230-0216vela.jpg": "a large stone building with a tree in front of it", "18470-girlbird.jpg": "a woman with a cat in her lap", "08788-virgin_c.jpg": "a woman sitting on top of a blue chair in a room", "41410-17chape2.jpg": "a vintage photo of a man and a statue", "20117-49hooch.jpg": "a statue of a woman standing in a room", "13903-still_fi.jpg": "a close up of a vase with a vase on it", "29778-virginch.jpg": "a woman and a child sitting on a wooden floor", "13920-p_rembra.jpg": "a man wearing a hat with a hat on", "32192-portrai1.jpg": "a man is standing in front of a man", "32204-09deathg.jpg": "a group of people standing next to each other", "30382-village.jpg": "a group of people standing around a herd of sheep", "16631-standrew.jpg": "a woman standing in front of a wall with a guitar", "31178-9exal01.jpg": "a group of people standing next to each other", "24966-0view3.jpg": "a fireplace with a painting on the wall", "39058-4virgil21.jpg": "a painting of a woman sitting on top of a <unk>", "36658-quandt.jpg": "a woman in a red coat with a hat on", "43207-flora.jpg": "a woman holding an umbrella over her head", "16764-2south.jpg": "a group of people standing next to a stone wall", "05433-06glory.jpg": "a woman sitting on a chair with a teddy bear", "14453-216fried.jpg": "a mountain with a mountain in the background", "26030-13john2.jpg": "a group of people standing next to each other", "00760-2open2.jpg": "a woman in a red dress holding a piece of paper", "32317-15summer.jpg": "a group of people standing around a forest", "26062-17rein.jpg": "a picture of a man in a picture", "11967-allegr07.jpg": "a clock on a wall in a room", "35811-ft_trunk.jpg": "a statue of a vase with flowers in it", "07498-22barber.jpg": "a man in a dark suit holding a knife", "41432-11buonco.jpg": "a large painting of a painting of a building", "32206-11arcadi.jpg": "a group of people that are sitting down", "10980-204david.jpg": "a group of people sitting on top of a bed", "43619-ambush.jpg": "a black and white photo of a group of people", "27189-selport.jpg": "a woman sitting on a couch in a living room", "10711-vesuvius.jpg": "a group of horses standing on top of a rocky hillside", "29896-stillife.jpg": "a bird that is sitting on top of a table", "26722-lu11ies.jpg": "a couple of men sitting on a bench next to a sign", "09325-pitti2.jpg": "a large building with a clock on top of it", "00632-charity.jpg": "a man sitting on a couch with a child", "36208-predel3.jpg": "a group of people standing in front of a building", "14145-05park.jpg": "a park with trees and trees in the background", "30328-portrait.jpg": "a picture of a man wearing a hat", "16709-chateaub.jpg": "a man in a suit sitting on a couch", "20949-contine2.jpg": "a room filled with lots of different pictures", "40246-3june.jpg": "a painting of a building with a painting on the wall", "30144-musicalc.jpg": "a group of people are sitting in a room", "34175-christsb.jpg": "a man sitting on a bed next to a man", "25930-angel2.jpg": "an old woman with a tie on her head", "09328-pitti5.jpg": "a large clock mounted to the side of a building", "35097-window.jpg": "a couple of potted plants sitting in front of a window", "21639-didobull.jpg": "a man and a woman sitting next to each other", "39968-08early.jpg": "a man sitting on a rock next to a stone wall", "18932-4parts.jpg": "a painting of a man on a horse in a room", "14085-madonna.jpg": "a woman with a baby in a dress", "24384-pandemon.jpg": "a person on a horse in front of a building", "40161-courtshi.jpg": "a group of children sitting on top of a bed", "06757-portra02.jpg": "a woman wearing a hat and a tie", "34632-farnese2.jpg": "a stone wall with a stone wall and a stone wall", "26123-33nopor1.jpg": "a woman holding a baby in her arms", "16987-nuenen02.jpg": "a black and white photo of a man sitting in a house", "37336-charity.jpg": "a woman sitting on top of a man with a dog", "11564-studio.jpg": "a painting of a woman and a dog in a room", "24205-soyer.jpg": "a woman holding a brown and white dog", "34240-coastal.jpg": "a group of people riding horses on a beach", "32811-38lamb.jpg": "a woman holding a baby while standing next to a dog", "42658-winter_s.jpg": "a group of people standing around a group of horses"}