{"44153-landscap.jpg": "a group of people walking down a dirt road", "35464-03mythol.jpg": "a dog laying on top of a black and black dog", "44793-veronica.jpg": "a close up of a person wearing a shirt and tie", "08321-xpanel4.jpg": "a man is holding a skateboard in front of a painting", "04014-psforza.jpg": "a statue of a man with a hat on", "22308-portrai3.jpg": "a woman sitting on a chair in a living room", "27015-mystic_m.jpg": "a group of people standing next to each other", "14499-garden.jpg": "a woman standing in front of a bunch of flowers", "13255-river_la.jpg": "a mountain with a mountain in the background", "14203-arlotto.jpg": "a group of people sitting around a table", "07249-canal618.jpg": "this is a picture of a large building", "38933-12madon.jpg": "a group of people watching a group of people", "43790-16paris.jpg": "a close up of a horse in a room", "06919-b_venus.jpg": "a group of kids laying on top of a bed", "40754-12icon.jpg": "a group of people standing next to each other", "25169-cecilia.jpg": "a painting of a woman sitting in front of a window", "35760-parents.jpg": "a man and a woman standing next to each other", "41954-tobacco.jpg": "a couple of people that are eating something", "42092-10annunc.jpg": "a couple of people that are sitting down", "42524-messenge.jpg": "a black and white photo of a woman in a dress", "14005-portlady.jpg": "a woman standing in front of a red wall", "42900-2loggia1.jpg": "a couple of people sitting next to each other", "35684-bentheij.jpg": "a scenic view of a castle with a castle in the background", "41142-triptych.jpg": "a painting of a woman standing next to a statue", "00559-10saint.jpg": "a group of people standing next to each other", "03176-virgin1.jpg": "a group of people standing around a building", "06230-panciat2.jpg": "a woman in a red dress sitting on a chair", "05685-pompado2.jpg": "a black and white photo of a woman sitting on a rock", "12464-stillif2.jpg": "a group of birds sitting on top of a wooden table", "17939-river_la.jpg": "a group of people riding in a boat on a river", "43390-f_mark.jpg": "a large building with a statue of a man on it", "04507-port_boy.jpg": "a man in a red shirt standing in front of a bed", "38100-stilglas.jpg": "a couple of vases sitting on top of a table", "13184-dejected.jpg": "a person standing in a room with a red umbrella", "09075-temple.jpg": "a group of people standing in front of a large building", "10239-1venus12.jpg": "a statue of a woman in a dress", "12036-portcoup.jpg": "an old photo of two women and a dog", "07631-84jupite.jpg": "a picture of some people in a mirror", "15158-04quarat.jpg": "a statue of a woman standing next to a building", "03833-131portr.jpg": "a close up of a person wearing a hat", "18111-4descent.jpg": "a group of people standing next to each other", "11413-paris2.jpg": "a horse drawn carriage on a snowy street", "35828-river_l2.jpg": "a group of people in a boat on a river", "20086-12hoock.jpg": "a couple of women standing next to each other", "39065-5tasso1.jpg": "a group of people sitting on top of a large rock", "08006-purgator.jpg": "a group of people sitting on top of a horse", "10458-evangeli.jpg": "a woman sitting on the ground next to a wall", "05866-stillife.jpg": "a tea kettle sitting on top of a table", "14142-05cradle.jpg": "a group of people sitting on top of a couch", "39435-3senate1.jpg": "a group of people standing next to each other", "34711-battle.jpg": "a group of people sitting in front of a building", "26546-09_0bay9.jpg": "a painting of a dog on a wall", "33608-13group.jpg": "a group of people sitting next to each other", "19770-woodland.jpg": "a couple of people standing in a field", "39176-11valmar.jpg": "a couple of women standing next to a tree", "09890-courb305.jpg": "a man laying on top of a bed with his hands up", "17170-1asylu03.jpg": "a bunch of purple flowers in a field", "37932-celbirth.jpg": "a group of people standing around a table with food", "40824-youngwo2.jpg": "a woman standing in front of a wooden wall", "41387-10colom2.jpg": "a painting of a person standing next to a building", "31761-annuncia.jpg": "a couple of women standing next to each other", "36097-paul3_1.jpg": "a large building with a painting on the wall", "06454-01adorat.jpg": "a group of people standing around a stone wall", "31008-shepher.jpg": "a man laying in a car next to a man", "34277-2bathshe.jpg": "a group of people standing around a statue of a horse", "44116-artistmo.jpg": "a black and white photo of a woman in a room", "07844-04medita.jpg": "a group of people sitting next to each other", "22611-00portr1.jpg": "a statue of a woman wearing a red hat", "09626-mystic_m.jpg": "a group of people sitting on a couch", "35447-78religi.jpg": "a statue of a man standing next to a man", "13264-0oranje.jpg": "a room with a large painting on the wall", "17215-copies07.jpg": "a painting of a man sitting on a rock", "04144-nieuwez.jpg": "a small boat in the water next to a building", "19564-musician.jpg": "a woman sitting on a suitcase in the dark", "30835-certosa1.jpg": "a statue of a person on a horse statue", "26518-1doniton.jpg": "a group of people sitting on a table", "14697-02andrew.jpg": "a man and woman standing next to a tree", "26568-04_3ce4a.jpg": "a man in a dress sitting on a couch", "29184-8death.jpg": "a group of people sitting in a room", "44303-c_cross.jpg": "a woman in a red dress standing in front of a waterfall", "24014-zeno3p.jpg": "a statue of a man standing next to a statue", "14653-03baronc.jpg": "a large building with statues and statues on it", "05460-301magni.jpg": "a picture of a man reading a book", "26674-00_2bn1.jpg": "a stuffed animal sitting in front of a building", "35940-2bavo6.jpg": "the inside of a building with a large window", "34862-cecilia1.jpg": "a woman with a hat on holding a remote", "37464-woodedla.jpg": "a tree that is sitting in the grass", "42973-00view.jpg": "a large room with a large ceiling and ceiling", "33625-13sp1634.jpg": "a woman wearing a hat and a hat", "09292-selfport.jpg": "a woman sitting at a table with a suitcase", "15826-bluwater.jpg": "a group of rocks on a rocky hillside", "31934-00leda.jpg": "a shirtless man in a bathing suit holding a baby", "43853-a_ruins.jpg": "a group of people riding on the backs of horses", "17755-407goya.jpg": "a man is sitting in a dark room", "25926-cremona1.jpg": "a group of people standing next to each other", "26160-0245savo.jpg": "a woman wearing a hat and a tie", "10603-meadow.jpg": "a herd of cattle laying on top of a dirt field", "35560-10portra.jpg": "a close up of a person looking at the camera", "12206-pre_f_2.jpg": "a painting of a cat and a stuffed animal", "05997-family.jpg": "a group of people sitting around a couch", "25301-ladygrey.jpg": "a group of people standing around each other", "15603-spedale.jpg": "a group of people standing around a building", "27129-still_1.jpg": "a bunch of fruit sitting on top of a table", "21789-adoratio.jpg": "a group of people sitting on top of a boat", "18377-1704grec.jpg": "a man standing next to a bunch of animals", "17461-morningt.jpg": "a large tree in front of a large tree", "05200-12carry.jpg": "a group of people sitting next to each other", "04031-youngart.jpg": "a man sitting in a chair with a bunch of scissors", "37722-stillif1.jpg": "a picture of a vase with flowers in it", "01030-clichy.jpg": "a group of people standing in front of a building", "30994-death_da.jpg": "a group of people standing around a group of horses", "21971-4leda.jpg": "a couple of people sitting next to each other", "18736-guard201.jpg": "an old building with a building in the background", "33935-atalantb.jpg": "a man standing next to a man on a beach", "32980-02inghir.jpg": "a man in a red hat sitting at a table", "19355-selfport.jpg": "a woman with a hat and a hat", "34696-st_john.jpg": "a statue of a man standing next to a wall", "42480-woodenla.jpg": "a group of people walking down a dirt road", "13463-sentry.jpg": "a man sitting on the ground next to a dog", "16146-chris14.jpg": "a group of people standing next to each other", "39070-5tasso51.jpg": "a painting of a woman standing next to a statue", "19618-bonaven.jpg": "a woman standing in front of a building holding a cell phone", "21417-canova.jpg": "a man standing next to a man on a couch", "44450-battlesc.jpg": "a group of horses running across a hill", "04891-jacob_dr.jpg": "a woman is standing next to a man", "18744-guard210.jpg": "a group of people standing in front of a building", "10080-08altar.jpg": "a group of people standing next to each other", "38703-matthew.jpg": "a group of men standing next to each other", "43069-portlady.jpg": "a woman wearing a hat and wearing a hat", "29486-twilight.jpg": "a person riding a horse next to a river", "38363-1vescov.jpg": "a couple of people sitting in front of a building", "14915-2martin1.jpg": "a large body of water next to a mountain", "34925-06gartem.jpg": "a painting of a painting on a wall", "34298-sermon.jpg": "a group of people sitting on top of a tree", "37541-scene11.jpg": "a group of men standing next to a building", "30873-c_baptis.jpg": "a painting of a man and a painting on a wall", "33465-00mythol.jpg": "a black and white photo of a woman in a suit", "06134-fresco1.jpg": "a horse drawn carriage on a dirt road", "19375-71hayez.jpg": "a man in a suit sitting on a couch", "37684-tavern.jpg": "a group of people sitting in a room", "33901-16noremb.jpg": "a man wearing a hat and a hat", "04577-pendant1.jpg": "a woman holding a cat in a womans hand", "32643-rocky_cr.jpg": "a group of people in boats on a river", "43883-a_couple.jpg": "a black and white photo of two children in a room", "08874-17david.jpg": "a group of people standing next to each other", "28906-battle.jpg": "a large crowd of people standing in front of a building", "07858-07christ.jpg": "a group of people sitting on top of a wooden bench", "18959-dossal.jpg": "a large statue of a man in a red jacket", "13001-wharton.jpg": "a man in a red robe is standing on a stage", "16590-5pitti.jpg": "a large wall with a painting on the wall", "03916-208bacch.jpg": "a young girl is sitting on the ground", "28426-winter_s.jpg": "a group of people standing next to a river", "00823-panel4.jpg": "a man standing in a room holding a book", "44407-lakenem.jpg": "a large body of water next to a river", "18423-2104grec.jpg": "a statue of a man sitting next to a man", "32629-noblewom.jpg": "a woman in a dress and a tie", "29802-family.jpg": "a group of people standing next to each other", "12379-italland.jpg": "a group of people riding horses down a dirt road", "41645-portrai2.jpg": "a man wearing a hat with a hat on", "39140-07zianig.jpg": "a statue of a man standing next to a statue", "31702-winter01.jpg": "a group of people walking down a snow covered road", "22338-zcrucifi.jpg": "a man standing on top of a stone wall", "41397-13panel2.jpg": "a group of people standing next to each other", "32307-05landsc.jpg": "a large body of water next to a river", "09945-ph_savoy.jpg": "a close up of a clock on a wall", "07790-02redber.jpg": "a man wearing a red hat and a red hat", "24243-view2.jpg": "a large clock tower in front of a castle", "05046-virgin.jpg": "a couple of men sitting next to each other", "34102-4renoi19.jpg": "a dog laying on a bed next to a man", "08627-richelif.jpg": "a man wearing a red jacket and a tie", "21106-liberty.jpg": "a woman standing on a table with a umbrella", "35543-06medici.jpg": "a group of people that are in a room", "44706-rape_eur.jpg": "a group of people in a field with some animals", "42499-letenter.jpg": "a group of people standing around a pile of rocks", "07947-romanriv.jpg": "a couple of people sitting on top of a bridge", "11593-magdalen.jpg": "a woman wearing a tie holding a tie", "10419-20illmat.jpg": "a couple of men standing next to each other", "06991-07roof.jpg": "a snow covered building in the snow", "08585-5portra2.jpg": "a statue of a man wearing a hat and hat", "03811-068pred5.jpg": "a statue of a woman sitting next to a statue", "41171-y_dipti2.jpg": "a group of people riding on the back of a horse", "36984-1sorrent.jpg": "a group of people sitting on a dirt road", "32162-eleonora.jpg": "a little girl that is sitting down with a flower", "08205-couple.jpg": "a woman in a costume with a dog", "08297-cazin1.jpg": "a group of people standing around a wooden fence", "29856-haneton2.jpg": "a group of people standing next to each other", "16819-1troia3.jpg": "a group of people standing around in front of a building", "42995-1darius.jpg": "a group of people standing next to each other", "28554-argent14.jpg": "a view of a beach with a sailboat in the background", "44507-portlady.jpg": "a close up of a person wearing a shirt and tie", "19803-shrimp_g.jpg": "a woman holding a dog in her arms", "18522-tobias.jpg": "a couple of people sitting on top of a river", "23564-drummer.jpg": "a woman sitting on a chair next to a doll", "36298-christ.jpg": "a statue of a man holding a banana", "24885-gilles2.jpg": "a group of people standing next to each other", "06916-1weisse2.jpg": "a group of people sitting on top of a table", "30423-rocca6.jpg": "an old woman is sitting in a painting", "36390-4borgo3.jpg": "a woman standing in front of a large building", "14795-bearded.jpg": "a close up of a person with a beard", "13015-meerstr1.jpg": "a man in a black jacket and a dog", "08787-sorrow.jpg": "a couple of men standing next to each other", "22299-allegor.jpg": "a couple of people sitting next to each other", "08962-still_li.jpg": "a table topped with plates of food and wine", "41679-1virgin.jpg": "a statue of a woman dressed in a costume", "04391-dominic.jpg": "a group of people riding on the backs of horses", "37713-stillif2.jpg": "a bunch of apples sitting on top of a table", "34865-ceres.jpg": "a woman in a red dress sitting in a chair", "10343-3fragmen.jpg": "a tree that is in front of a building", "34997-17italia.jpg": "a painting of a man standing next to a clock", "34465-21rippl.jpg": "a close up of a picture of a couple of <unk>", "22429-chinese.jpg": "a vase filled with flowers on a table", "11642-2scene1.jpg": "a group of people sitting in front of a building", "40364-3clock1.jpg": "a statue of a man with a mask on her face", "19537-prestemp.jpg": "a group of people standing around a museum", "04763-portrait.jpg": "a man in a black jacket holding a bird", "23249-jupiter.jpg": "a group of people that are sitting down", "26144-37frag2.jpg": "a woman holding a baby in a room", "11529-sacrific.jpg": "an old photo of a man and a woman", "21378-aurora.jpg": "a woman sitting on top of a brown horse", "42698-harbour.jpg": "a group of people standing in front of a castle", "17100-1arles12.jpg": "a couple of vases sitting on top of a table", "34447-03rippl.jpg": "a statue of a person holding a toy", "42748-buff1.jpg": "a group of people standing next to a statue", "30004-bathing.jpg": "a group of people that are standing in the grass", "30016-italia1.jpg": "a couple of women sitting on top of a couch", "19605-altar5.jpg": "a group of people standing next to each other", "05088-ven_mars.jpg": "a man and a woman standing next to each other", "31251-perseus.jpg": "a group of people standing around an elephant", "22505-5meeting.jpg": "a group of people standing next to each other", "05856-3manna.jpg": "a group of people riding on the backs of horses", "42501-river_la.jpg": "a group of people standing next to a river", "40266-organ_2.jpg": "a group of people riding on the backs of horses", "18327-1301grec.jpg": "a large clock mounted to the side of a wall", "30312-musical.jpg": "a very large room with a large clock", "38250-allegory.jpg": "a couple of women standing next to each other", "06239-3tondo4.jpg": "a woman in a mirror with a baby", "16472-4crucif2.jpg": "a large gold clock sitting on top of a building", "21211-faust.jpg": "a man standing in a living room holding a glass of wine", "38657-dancing.jpg": "a group of people standing next to each other", "12488-03hair_d.jpg": "a woman sitting on a couch next to a window", "09262-chastity.jpg": "a picture of a man and a woman", "38674-woman_w.jpg": "a woman standing next to a woman in a room", "35558-08artist.jpg": "a man is sitting on a leather horse", "34731-davidbat.jpg": "a group of people sitting on top of a bed", "38636-btoilet.jpg": "a woman standing next to a little girl", "28780-madonna1.jpg": "a woman with a hair dryer and a boy", "17173-1asylu06.jpg": "a tree filled with lots of green plants", "17103-2maries3.jpg": "a large stone wall covered in lots of trees", "41349-07marga.jpg": "a large wooden structure with a clock on top", "29755-s_musici.jpg": "a group of people standing around a building", "08832-annuncia.jpg": "a painting of a man holding a baby", "13300-03tript.jpg": "a display of people standing in a room", "06994-10incafe.jpg": "a man standing in front of a window", "02793-stillix.jpg": "a bowl of fruit sitting on top of a table", "30686-vase2.jpg": "a painting of a vase with flowers in it", "15906-07portra.jpg": "a woman in a black shirt and a tie", "00601-1eve.jpg": "a statue of a woman standing on a ledge", "31692-paris02.jpg": "a large group of people standing next to each other", "03757-021pieta.jpg": "a group of people standing next to each other", "36713-stillife.jpg": "a table topped with a bowl of cake and a cup", "00639-madonna.jpg": "a group of people sitting on top of a couch", "40743-11icon.jpg": "a clock on the side of a building in a museum", "39850-5betwee2.jpg": "a painting of a building with a clock on it", "07415-chaslove.jpg": "a group of people sitting on top of a table", "18175-kingdavi.jpg": "a man with a beard is holding a bat", "38515-pair1.jpg": "a black and white photo of a fire hydrant", "39507-22senato.jpg": "a man with a beard and a tie", "03628-simeon.jpg": "a woman in a white dress and a dog", "29770-winter.jpg": "a large building with a large wooden wall", "13840-globe.jpg": "a man in a red dress holding a ball", "12582-5empero2.jpg": "a woman in a red coat is holding an umbrella", "24520-05clemen.jpg": "a group of people standing in front of a building", "39257-10deposi.jpg": "a group of people standing around a group of elephants", "19361-wordswor.jpg": "a man in a suit is sitting down", "13639-16ferenc.jpg": "a couple of people standing next to each other", "16909-crucifix.jpg": "a man standing next to a statue of a man", "18072-15scene.jpg": "a group of people standing next to each other", "35519-50mythol.jpg": "a group of people standing around a tree", "44697-bullhunt.jpg": "a group of people standing in a field next to a tree", "37468-vegetabl.jpg": "a pile of stuffed animals sitting on top of a table", "42122-06vecchi.jpg": "a picture of a painting on a wall", "24169-portrait.jpg": "a man in a dress shirt and tie posing for a picture", "41898-executio.jpg": "a man standing in front of a building", "09838-courb103.jpg": "a man sitting on top of a pile of dirt", "04731-adoratio.jpg": "a group of people standing next to each other", "23257-03rossi2.jpg": "a painting of a man sitting next to a tree", "34934-14berze.jpg": "a clock with a picture of a man on it", "04591-tobias1.jpg": "a man in a costume is sitting on a horse", "33446-10oldtes.jpg": "a man standing next to a woman in a costume", "41185-zhairy4.jpg": "a close up of a person wearing a hat", "07242-canal611.jpg": "a group of people standing next to a building", "07319-paris2.jpg": "a group of people standing in front of a building", "23562-christ_b.jpg": "a group of people standing around each other", "11446-egypt.jpg": "a group of people that are laying down", "25347-circumci.jpg": "a group of people sitting around a building", "21707-birth_v.jpg": "a group of people sitting on top of a couch", "36081-1view2.jpg": "a large room with a painting and a painting", "10156-50relig2.jpg": "a statue of a man wearing a santa hat", "17131-arles53.jpg": "a couple of people walking down a dirt road", "29517-madonna.jpg": "a woman in a blue dress and a dog", "18276-0815grec.jpg": "a man sitting in the back of a bed with an umbrella", "28688-soap_bub.jpg": "a couple of people standing next to each other", "16163-chris20.jpg": "a painting of a family sitting on a bed", "39783-09gonzag.jpg": "a man is holding a brown teddy bear", "36972-self_old.jpg": "a close up of a person wearing a shirt", "43430-selfport.jpg": "a close up of a man wearing a hat", "27192-harbour.jpg": "a group of people standing in front of a castle", "17027-antwerp6.jpg": "a painting of a bird on a tree", "40892-03tripty.jpg": "a group of people standing next to each other", "37039-02view.jpg": "a building with a painting on the wall", "39806-06charle.jpg": "a statue of a man riding on the back of a horse", "18803-4tobias.jpg": "a group of people standing next to a cow", "09919-christi8.jpg": "a group of people sitting on a table in a room", "22302-family1.jpg": "a group of young people standing next to each other", "19311-material.jpg": "a bottle of alcohol sitting on top of a table", "33905-20noremb.jpg": "a woman sitting on top of a horse", "30111-madsaints.jpg": "a group of people sitting on a bench", "23245-deathpet.jpg": "a group of people sitting on top of a bench", "43824-norfolk.jpg": "a boat floating on top of a body of water", "21443-picnic.jpg": "a group of people standing next to each other", "39978-1misc01.jpg": "a painting of a dog sitting on a bed", "18358-1509grec.jpg": "a group of people sitting on top of a bed", "20765-portrait.jpg": "a woman wearing a hat and holding a cell phone", "40231-s_luca_1.jpg": "a statue of a man sitting on a couch", "40996-06wilton.jpg": "a couple of men standing next to each other", "05814-portrai1.jpg": "a man wearing a red hat and wearing a red hat", "20594-iofather.jpg": "a group of people riding on top of an elephant", "03794-069portr.jpg": "a man with a beard and a beard", "20816-glade.jpg": "a group of people walking around a park", "20252-portlady.jpg": "a woman in a dress and tie standing in a room", "35527-58mythol.jpg": "a group of people that are playing with a dog", "42249-0317vela.jpg": "a close up of a person with a hot dog", "18960-dossal1.jpg": "a couple of women standing next to a building", "11976-1repeta2.jpg": "a large clock on the wall of a building", "40183-portrai2.jpg": "a woman standing in front of a christmas tree", "30799-nativity.jpg": "a group of people that are sitting down", "18066-11scene.jpg": "a group of people standing next to each other", "04824-virginchi.jpg": "a statue of a woman in a dress", "13023-stevens2.jpg": "a woman in a black jacket standing next to a wall", "05629-adoratio.jpg": "a building with a clock and a statue", "06300-smokingm.jpg": "a group of people sitting on top of a wooden bench", "00566-x_madonn.jpg": "a group of people standing in a room", "18393-1806grec.jpg": "a man wearing a white shirt and a white shirt", "18544-youngboy.jpg": "a close up of a person with a beard", "21234-zbathing.jpg": "a small child in the water on a beach", "20873-stilporc.jpg": "a black and white photo of a fire hydrant", "08652-06drinki.jpg": "a close up of a blender on a table", "03854-135barb.jpg": "a group of people sitting on top of a bed", "02942-corpses.jpg": "a couple of men standing next to each other", "13506-zodiac10.jpg": "a large building with statues and statues", "23845-3manet04.jpg": "a close up of a person with a <unk>", "20049-09dentis.jpg": "a group of people standing around each other", "19819-portrai2.jpg": "a close up of a person wearing a hat", "00217-apocaly.jpg": "a large painting of a painting on a wall", "16901-harbour.jpg": "a boat that is sitting in the water", "23809-3early4.jpg": "a woman sitting on top of a large pool", "26064-17rein2.jpg": "a group of people sitting in a room", "37480-market3.jpg": "a woman sitting in front of a bunch of baskets", "42918-4ceilin1.jpg": "a painting of a woman standing next to a statue", "42410-taking.jpg": "a couple of boats that are sitting in the water", "24919-lawrenc3.jpg": "a group of men standing next to each other", "14567-10macbet.jpg": "a black and white photo of a man and a woman", "23099-7stigma.jpg": "a statue of a man sitting on top of a stone wall", "25191-crucifix.jpg": "a group of people standing next to a painting", "17955-zestuary.jpg": "a group of boats floating on top of a body of water", "35578-23gevart.jpg": "a man in a white shirt and tie sitting next to a man", "30794-garden.jpg": "a group of people sitting on top of a stone wall", "21214-richter2.jpg": "a close up of a person wearing a tie", "00809-altar_sm.jpg": "a large group of people standing in front of a building", "07832-2sermon.jpg": "a large group of people standing in front of a building", "17716-203goya.jpg": "a group of people standing around a table", "30729-girl_kit.jpg": "a little girl sitting next to a cat", "02790-stillif4.jpg": "a pile of carrots sitting on top of a table", "41162-x_magi.jpg": "a group of people standing next to a building", "13330-26barbar.jpg": "an old photo of a man sitting on a stone wall", "31073-3anton03.jpg": "a statue of a man sitting on top of a couch", "43822-riverlan.jpg": "a man standing on top of a lush green field", "16056-legend.jpg": "a close up of a wall with a sign", "37704-concert.jpg": "a group of people sitting around a table", "22698-22leave.jpg": "a statue of a building with statues and statues", "36459-jerome.jpg": "a man is sitting on a bench in the water", "32106-labrador.jpg": "a group of people standing on a beach", "30877-apollo_m.jpg": "a man and a woman standing next to each other", "38235-baptist1.jpg": "a woman with a tie and a tie", "43999-00beaun1.jpg": "a wall with a painting on the wall", "39003-19labia1.jpg": "a large painting of a man flying a bird", "39534-conradin.jpg": "a group of people standing around each other", "42829-04lattu1.jpg": "a group of people standing next to each other", "26157-39dipty.jpg": "a group of people standing around each other", "09673-2venere3.jpg": "a group of people are in front of a wall", "17930-beach_sc.jpg": "a group of people standing around a horse drawn carriage", "40061-3messal3.jpg": "a statue of a man standing next to a woman", "04488-sti_life.jpg": "a table that has some food on it", "24633-virgin5.jpg": "a woman sitting on a couch next to a baby", "26626-3ceil_ho.jpg": "a room filled with lots of colorful decorations", "03616-8annunci.jpg": "a woman standing next to a woman in a room", "07321-venice.jpg": "a group of people standing next to a large body of water", "00781-3predel4.jpg": "a painting of a woman standing next to a building", "17203-olive05.jpg": "a tree covered in lots of green plants", "21283-cyrusann.jpg": "a couple of women standing next to each other", "34691-grif_07.jpg": "a statue of a woman sitting on a statue", "44765-nolasco1.jpg": "a man and a woman sitting next to each other", "32135-fourbulm.jpg": "a herd of cattle standing on top of a dirt field", "29938-drinker.jpg": "a man sitting in a chair in a room", "41699-11ildefo.jpg": "a group of people standing around a building", "29640-landscap.jpg": "a large group of cows and a group of people", "18986-11guilla.jpg": "there is a large rock in the middle of the water", "09246-sagradaf.jpg": "a group of people standing around a building", "38907-00bagli5.jpg": "there is a large white building with a clock on it", "35516-48mythol.jpg": "a woman and a dog are playing with a dog", "03174-stillife.jpg": "a wooden table topped with bowls of food", "24557-annuncia.jpg": "a painting of a man standing next to a building", "22778-1market.jpg": "a large crowd of people standing next to each other", "20778-bust_man.jpg": "a man in a black shirt and a black shirt", "03516-roberts.jpg": "a man standing in a room with a statue", "36656-feast.jpg": "a group of people standing next to each other", "03337-prophet.jpg": "a man sitting on a chair reading a book", "37534-scene03.jpg": "a group of people standing around a building", "18341-1408grec.jpg": "a statue of a man standing next to a statue", "40035-cabare01.jpg": "a group of people sitting around a wooden ramp", "18335-1402grec.jpg": "a group of people standing next to a group of horses", "04255-port_boy.jpg": "a close up of a person on a couch", "40879-03gudulf.jpg": "a group of women standing next to each other", "24926-annunci.jpg": "a couple of women standing next to each other", "03283-panel2.jpg": "a group of people standing next to a statue", "30736-port_boy.jpg": "a woman is standing in front of a wall", "38354-gonzaga.jpg": "a woman standing next to a statue in a room", "44675-portrait.jpg": "a woman sitting on the floor next to a painting", "43188-alessio.jpg": "a close up of a person holding a sign", "00072-lucca3.jpg": "a group of people standing next to each other", "32785-24cowper.jpg": "a woman sitting on a couch next to a baby", "43742-marengo.jpg": "a white horse walking across a sandy beach", "17125-arles47.jpg": "a view of an old abandoned building", "14978-tahiti24.jpg": "a painting of a train covered in graffiti", "38877-15udine.jpg": "a group of people standing next to a statue", "44761-defence.jpg": "a group of men standing next to each other", "18534-horsebac.jpg": "a group of people riding on the back of a horse", "05434-07rosega.jpg": "a statue of a woman sitting next to a clock", "30418-rocca1.jpg": "a painting of a group of people and a dog", "00677-sack.jpg": "a painting of a man sitting next to a woman", "34770-5relate6.jpg": "a black cow sitting on top of a wooden table", "28744-angler.jpg": "a woman sitting on a bench next to a woman", "14569-alcestis.jpg": "a group of people that are standing around", "15951-pieta.jpg": "a group of people standing next to a building", "05872-chiswic2.jpg": "a room with a clock on top of it", "16166-chris21.jpg": "a painting of a woman in a dress", "43820-musicia2.jpg": "a group of people standing next to a group of dogs", "12089-drummer.jpg": "a young girl is holding a baseball bat", "31239-montefe7.jpg": "a statue of a statue of a statue of a statue", "26356-valckeni.jpg": "a group of people standing in front of a building", "21284-grisail1.jpg": "a man standing in front of a wall", "07210-canal413.jpg": "a large stone building with a clock tower", "25349-jerome.jpg": "a statue of a man sitting on a bench", "42097-16stephe.jpg": "a group of people sitting on a couch", "08201-portyoun.jpg": "a man wearing a hat with a hat on", "11626-landsca5.jpg": "a group of people standing around a body of water", "20397-massgreg.jpg": "a group of people sitting around a building", "22618-02annunc.jpg": "a statue of a woman standing next to a statue", "35394-05resur.jpg": "a group of people standing on top of a wall", "14722-15dudley.jpg": "a black and white photo of a woman in a dress", "32061-cremona.jpg": "a large cathedral with a clock mounted to the ceiling", "00634-harpies0.jpg": "a group of people standing around a statue", "19695-bedford.jpg": "a picture of a woman in a mirror", "37371-moret1.jpg": "an old church with a tree in the background", "04937-palacasi.jpg": "a group of people standing next to each other", "43907-crucifix.jpg": "a group of people standing next to each other", "29618-virgin_c.jpg": "a painting of a man standing next to a clock", "31480-rosso1.jpg": "a large clock in the middle of a building", "10510-candele4.jpg": "a painting of a woman standing next to a wall", "04887-aport_ma.jpg": "a man wearing a black hat and a black hat", "17451-selfport.jpg": "a man in a black shirt is looking at the camera", "37636-meeting.jpg": "a group of people standing next to each other", "05789-sparre.jpg": "a woman holding a bag and a bag", "18987-12guilla.jpg": "a painting of a painting of a body of water", "02883-ap_franc.jpg": "a painting of a painting on a wall", "09629-portrait.jpg": "a woman sitting on top of a blanket on a beach", "10433-portlady.jpg": "a woman with a tie and a tie", "35725-woodland.jpg": "a field with trees and trees in the background", "15937-nude.jpg": "a rock wall with a stone wall and a stone wall", "34687-grif_03.jpg": "a couple of people standing next to each other", "41347-070cruci.jpg": "a painting of a woman standing next to a painting", "35383-16religi.jpg": "a group of people sitting next to each other", "21365-clio.jpg": "a couple of women laying on top of a bed", "05546-03youngw.jpg": "a close up of a person wearing a hat", "42116-01arezz6.jpg": "a large statue with a statue on it", "41510-cosimo1.jpg": "a man wearing a suit and tie with a hat on", "09884-courb222.jpg": "a man in a suit and tie standing in front of a window", "28445-hillylan.jpg": "a large building with a building in the background", "04457-cook.jpg": "a young boy sitting on a chair holding a basket", "15094-bones.jpg": "a crowd of people standing around a building", "44068-1gros2.jpg": "a man in a black shirt and a black hat", "42428-cavalier.jpg": "a black and white photo of a woman in a dress", "05991-castele.jpg": "a man and a woman sitting next to each other", "21241-alexande.jpg": "a person riding a horse on a dirt road", "23525-demoliti.jpg": "a large cathedral with a large building and horses", "41941-massacre.jpg": "a group of people standing around a small village", "43275-concert.jpg": "a large building with people standing around it", "39883-fishsell.jpg": "a couple of people standing next to each other", "08309-sebastia.jpg": "a group of people standing next to each other", "24032-0sposi1.jpg": "a large building with people standing around it"}