{"33579-120portr.jpg": "a close up of a dog in a body of water", "32650-aaron.jpg": "a group of people standing in front of a building", "13384-u1annun2.jpg": "a close up of a person reading a book", "37011-concarn1.jpg": "a blue and white umbrella and some rocks", "17798-702goya1.jpg": "a piece of bread sitting on top of a bed", "17280-selfpo07.jpg": "a man wearing a hat and a hat", "02820-m_crozat.jpg": "a woman sitting on a bed with a blanket", "43245-forest1.jpg": "a group of people standing in a forest", "31062-1miser09.jpg": "a black and white photo of a man talking on a cell phone", "43377-polypty4.jpg": "a group of people standing in a room", "23501-flowers.jpg": "a painting of flowers in a black vase", "23165-04monaco.jpg": "a group of people standing next to each other", "09993-stgeorge.jpg": "a group of people standing around a statue", "08580-3victor6.jpg": "a large body of water surrounded by rocks", "20535-altar2.jpg": "a couple of women standing next to each other", "36372-4lastsup.jpg": "a group of people standing around a building", "34021-2renoi02.jpg": "a woman and a dog are in the water", "03651-harbour.jpg": "a large building with a bunch of boats on it", "34725-portnobl.jpg": "a statue of a man in a black and white suit", "33360-apointer.jpg": "a dog that is sitting in the grass", "22682-12dispu.jpg": "a group of people standing in front of a building", "36202-panel1.jpg": "a couple of women standing next to a white horse", "10452-study.jpg": "a black and white photo of a dog in a room", "10682-pancraz3.jpg": "a painting of a man standing next to a painting", "19679-townhal.jpg": "a large building with a building in the background", "22211-lastjud0.jpg": "a group of people standing next to each other", "16793-4west.jpg": "a large group of people in a room", "39532-port_art.jpg": "a man and woman standing next to a dog", "10878-giralda.jpg": "a large building with a building in the background", "32404-port_man.jpg": "a man with a beard is looking at the camera", "15626-old_man.jpg": "a man wearing a hat and a hat", "09418-leisure.jpg": "a little girl laying in a high chair", "32075-saints.jpg": "a man riding on the back of a horse", "13026-tassis2.jpg": "a woman in a dress and a dress", "03197-annuncia.jpg": "a group of people sitting in a room", "38644-munster.jpg": "a group of people standing next to each other", "39339-002inter.jpg": "a large building with a clock on the wall", "30660-pendulum.jpg": "a wooden table topped with lots of vases", "08439-pillow.jpg": "a group of people sitting in a room", "18181-parable.jpg": "a couple of people sitting next to each other", "05012-michael.jpg": "a woman riding on the back of a horse", "00102-stilliff.jpg": "a bunch of grapes sitting on a table", "26024-13john1.jpg": "a group of people standing next to each other", "37863-dogger.jpg": "a boat that is floating in the water", "37823-poorpoet.jpg": "a man sitting on a couch under an umbrella", "39659-07lawren.jpg": "a group of people riding on top of horses", "09864-courb204.jpg": "a woman is holding a dog in her lap", "38299-spaniel1.jpg": "a brown and white dog sitting on the floor", "43076-winter1.jpg": "a group of people walking down a street", "34698-castle.jpg": "a body of water with mountains in the background", "11412-paris1.jpg": "a group of people standing around in a courtyard", "22553-4vault.jpg": "a statue of a woman and a woman", "12019-warrior.jpg": "a man wearing a hat and a hat", "07273-canal802.jpg": "a large building with a large clock on it", "22537-2assump0.jpg": "a group of people standing next to each other", "18348-1413grec.jpg": "a black and white photo of a man with a beard", "15894-gerolami.jpg": "a group of people standing next to a fireplace", "16010-03facade.jpg": "an old building with a large clock on it", "14133-01psyche.jpg": "a group of people sitting on a bed", "35049-allegor.jpg": "a group of men standing next to each other", "27118-girlblow.jpg": "a woman sitting on a couch holding a phone", "31067-2august4.jpg": "a man standing in front of a door holding a guitar", "01008-railway.jpg": "a train traveling through a lush green field", "19521-riverlan.jpg": "a sailboat in the water near a building", "39103-08goldfi.jpg": "a woman holding a baby and a baby", "17052-paris02.jpg": "a tree filled with lots of unripe bananas", "19422-stilfrui.jpg": "a bunch of fruit sitting on top of a table", "32208-13martyr.jpg": "a group of people riding on the backs of horses", "34157-keppel.jpg": "a man in a suit and tie standing next to a stone wall", "10991-215david.jpg": "a woman is sitting on a couch in a room", "43086-admirals.jpg": "a little girl standing in front of a dog", "42052-betrotha.jpg": "a painting of a man and a painting on a building", "44379-staghunt.jpg": "a group of people riding horses on a beach", "19486-flight_e.jpg": "a man and a woman sitting on a beach", "23076-3washin.jpg": "a large ornate building with a painting on it", "08982-022itali.jpg": "a woman sitting in front of a river with animals", "15103-lazarus.jpg": "a group of people standing next to each other", "23388-10ancona.jpg": "a group of people standing around a dog", "34257-annuncia.jpg": "a woman in a blue shirt is holding a bag", "38891-main08.jpg": "a woman sitting on top of a statue next to a statue", "30416-virgin_c.jpg": "a woman sitting on top of a brown elephant", "42782-1ceilin3.jpg": "a group of people sitting on top of a boat", "32755-02baron1.jpg": "a woman holding a guitar and a guitar", "31826-findmose.jpg": "a group of people standing next to each other", "20107-42hooch.jpg": "a group of people sitting in a room", "17813-717goya.jpg": "a woman is posing with a pair of skis", "43119-offering.jpg": "a group of people sitting in a room", "28803-1selfpor.jpg": "a close up of a person with a beard", "33183-ilelouis.jpg": "a large body of water surrounded by buildings", "02877-preach.jpg": "a large group of people dressed in costumes in front of a castle", "18071-14scene.jpg": "a large building with a painting on it", "43333-milo_cro.jpg": "a statue of a man sitting on top of a fire hydrant", "33318-closedey.jpg": "a black and white photo of a woman in a mirror", "13332-29founta.jpg": "a painting of a woman standing in a room", "32212-17lament.jpg": "a group of people sitting on a couch", "26368-battle3.jpg": "a group of people riding horses in a field", "09019-12europa.jpg": "a group of people riding horses down a dirt road", "32148-the_farm.jpg": "a group of cows standing in front of a building", "02500-4seaso2.jpg": "a bunch of fruit that are in a basket", "44559-04monza.jpg": "a group of people standing next to each other", "27100-magdalen.jpg": "a woman sitting on the ground next to a rock", "19199-69gerae1.jpg": "a black and white photo of a woman in a dress", "14227-rinieri1.jpg": "a large clock mounted to the side of a wall", "37874-certosa.jpg": "a clock on the wall of a building", "39100-081visio.jpg": "a group of people sitting on top of a couch", "43962-3luke1.jpg": "a couple of women standing next to a stone wall", "11707-lanton_j.jpg": "a woman sitting on a chair in a living room", "38207-river_la.jpg": "a group of people riding horses down a beach", "36727-2alexand.jpg": "a black and white photo of a man in a room", "44373-rocky.jpg": "a group of people standing in front of a mountain", "32053-vanitas.jpg": "a painting of a man and a cat", "44372-riding.jpg": "a group of people riding horses down a dirt road", "19575-allegory.jpg": "a man and woman sitting on a bench", "38477-flowers.jpg": "a bunch of animals that are in the ground", "10607-peasants.jpg": "a group of people riding on the backs of horses", "31232-malatest.jpg": "a close up of a person wearing a mask", "14716-10hallet.jpg": "a couple of people standing next to each other", "09143-henri2_f.jpg": "a picture of a man and a woman", "09862-courb202.jpg": "a woman is holding a black dog in her hand", "24025-3gonzaga.jpg": "a close up of a person wearing a pink hat", "28510-early19.jpg": "a couple of people standing next to each other", "15246-reading.jpg": "a woman sitting in a bed reading a book", "02849-magdalen.jpg": "a group of people sitting on top of a bed", "07806-12woman.jpg": "a close up of a person with a cell phone", "39386-33stroch.jpg": "a statue of a man standing next to a horse", "07839-01woman.jpg": "a close up of a person wearing a bow tie", "27099-luteplay.jpg": "a couple of women standing next to each other", "39492-09soranz.jpg": "a close up of a person wearing a tie", "20732-educatio.jpg": "a group of people sitting on top of a bed", "14908-early10.jpg": "a man is sitting in front of a building", "17246-auvers06.jpg": "a painting of a building with a bunch of trees", "30019-p_pforr.jpg": "a woman sitting next to a cat and a cat", "13269-diogenes.jpg": "a group of people standing in front of a building", "24053-2sposi041.jpg": "a group of people standing next to each other", "00432-immacula.jpg": "a group of people standing around a blue vase", "03019-07_7ages.jpg": "a group of people sitting on top of a beach", "22344-4elemen2.jpg": "a man is holding a black and white dog", "18780-guard403.jpg": "a large building with a clock on it", "18865-samson.jpg": "black and white photograph of a man and a dog", "22567-2crucifi.jpg": "a group of people standing next to a statue", "02494-2seaso3.jpg": "a basket filled with lots of different types of flowers", "17529-7adamev.jpg": "a couple of men standing next to each other", "04806-cremona4.jpg": "a group of people standing next to each other", "31267-adorati.jpg": "a picture of a man and a teddy bear", "24385-wrath.jpg": "a large body of water with a rock in the background", "11291-313delac.jpg": "a close up of a person wearing a suit", "18709-1ospeda1.jpg": "a room with a large window and a chandelier", "24961-cassone2.jpg": "a group of horses that are on the ground", "12201-pre_f_1.jpg": "a statue of a woman standing in front of a building", "14177-072game.jpg": "a group of people riding on the backs of elephants", "15025-marque08.jpg": "a group of people riding horses on a beach", "14473-404fried.jpg": "a bench covered in snow next to a bench", "03375-resurrec.jpg": "a statue of a man holding a baseball bat", "18490-student.jpg": "a woman sitting at a table with a book", "08953-herrin.jpg": "a wooden table topped with lots of food", "20094-21hooch.jpg": "a group of people standing around a building", "42289-0707vela.jpg": "a group of people sitting on top of a bed", "20113-46hoock.jpg": "a group of people walking down a street", "30574-oharbour.jpg": "a boat that is floating in the water", "40421-3pinnac1.jpg": "a statue of a woman holding a sign in front of a building", "00763-predel1.jpg": "a group of people standing around a building", "19642-day_farm.jpg": "a group of horses standing next to each other", "24823-virgin_c.jpg": "a woman sitting in a chair holding a baby", "07197-canal313.jpg": "a large body of water next to a body of water", "17123-arles45.jpg": "a tree in the middle of a forest", "15431-latina2.jpg": "a painting of a painting on the wall of a building", "19026-autumn.jpg": "a large tree with a bunch of animals in it", "03766-031madon.jpg": "a woman holding a baby with a baby", "43594-01portra.jpg": "a man wearing a blue shirt and tie", "03487-miracl5.jpg": "a group of people standing in front of a building", "23653-portal.jpg": "a wooden grandfather clock with statues on it", "21926-5benois.jpg": "a woman holding a baby in her arms", "29409-allegory.jpg": "a couple of women sitting on top of a bed", "44613-timevirt.jpg": "a group of people sitting on top of a bed", "35325-luxembou.jpg": "a group of people standing next to a statue", "22917-arrigoni.jpg": "a picture of a man in a mirror", "39323-4cruci.jpg": "a group of people standing in front of a building", "44591-3olympu1.jpg": "a room filled with furniture and a chandelier", "21834-folksong.jpg": "a couple of women standing next to each other", "00765-predel3.jpg": "a group of people standing in front of a fountain", "43598-02presen.jpg": "a group of people standing next to each other", "16550-altar7.jpg": "a group of women standing next to each other", "24524-09clemen.jpg": "a large painting of a man and a giraffe", "43093-port_boy.jpg": "a little girl sitting in a chair next to a dog", "10866-08drama.jpg": "a group of people standing around a stone wall", "03791-057ferrf.jpg": "a couple of men standing next to each other", "06219-colonna.jpg": "a man is sitting on a black motorcycle", "42897-2ceilin2.jpg": "a painting of a painting on the wall", "44193-pair1.jpg": "a person sitting on a bench in front of a river", "32649-paulbar2.jpg": "a group of people standing on top of horses", "42960-2dieci.jpg": "a group of people laying on top of a bed", "11702-5predel5.jpg": "a couple of people standing next to a building", "21483-eremiti2.jpg": "a group of people standing in front of a tree", "44617-cantu1.jpg": "a man in a suit and tie holding a cell phone", "44433-peterwte.jpg": "a man with a beard and a white shirt and a white shirt", "16008-02bay3.jpg": "a large ornate building with a large window", "21472-owlshead.jpg": "a man standing on a beach next to a boat", "20955-harbours.jpg": "a group of birds sitting on top of a body of water", "33386-09newtes.jpg": "a black and white photo of a woman with a dog", "26018-09lament.jpg": "a group of people that are sitting down", "11133-early24.jpg": "a man in a suit is holding a guitar", "08711-melancho.jpg": "a woman sitting on the ground in the dark", "41995-fourages.jpg": "a group of people sitting in a room", "13337-u1adam1.jpg": "a man standing in front of a mirror", "32221-26david.jpg": "a group of people standing next to each other", "02935-bearing.jpg": "a group of people sitting on a bench", "41989-crowning.jpg": "a couple of people that are sitting down", "37579-gcushion.jpg": "a young child is laying in a chair", "24853-altar_l.jpg": "a man in a dress and a tie", "16424-evang1.jpg": "a painting of a man and a painting on a wall", "34846-shuvalov.jpg": "a woman wearing a red jacket and a tie", "43078-valcken1.jpg": "a man in a suit standing next to a man", "17083-orchar04.jpg": "a tree covered in lots of green leaves", "36378-7thomas.jpg": "a person standing next to a brick building", "02717-extensiv.jpg": "a forest filled with trees and trees", "39980-1misc03.jpg": "a person that is laying down on a bed", "31197-92decor4.jpg": "a close up of a statue of an elephant", "38704-matthew1.jpg": "a couple of people that are sitting on a couch", "20067-05procur.jpg": "a couple of women sitting next to each other", "19247-stillif6.jpg": "a wooden table topped with pots and pans", "39717-1dana_pr.jpg": "a man and a woman laying on a bed", "30337-virgin.jpg": "a group of people standing next to each other", "20343-market.jpg": "a group of people standing around a group of horses", "16763-1west.jpg": "a painting of a man standing next to a stone wall", "17505-14virgin.jpg": "a man is holding a baby and a baby", "41888-vendra11.jpg": "a painting of a bird in front of a window", "16402-mary01.jpg": "a group of people standing next to a building", "20797-virgin_c.jpg": "a woman sitting on a couch with a camera", "35303-maratho.jpg": "a large body of water with a rock in the background", "10009-achilles.jpg": "a group of people sitting on top of a couch", "24335-het_loo.jpg": "a water fountain in front of a fountain", "32472-h_ulysse.jpg": "a couple of men sitting on top of a bed", "42027-portlady.jpg": "a close up of a person in a dress", "06645-adorati.jpg": "a group of people standing in front of a house", "23256-03rossi1.jpg": "a man in a suit is holding a cigarette", "33416-39newtes.jpg": "a black and white photo of people sitting on a bench", "32246-19rescue.jpg": "a group of people standing next to each other", "01111-stjerome.jpg": "a living room filled with furniture and a window", "35452-80religi.jpg": "a group of people that are in a room", "03532-prodigal.jpg": "a group of people standing around a statue", "40930-04wings.jpg": "a couple of women standing next to each other", "38013-bernard3.jpg": "a painting of a woman standing in front of a christmas tree", "24518-03clemen.jpg": "a group of people standing next to a large building", "15277-107geric.jpg": "a man with a beard and a backpack", "00615-05trinit.jpg": "a statue of a woman standing next to a woman", "39814-12selfpo.jpg": "a man sitting in a chair with his hand on his head", "13134-apolloca.jpg": "a large tree filled with lots of animals", "36821-port_man.jpg": "a woman is reading a book on a table", "43974-3miraflo.jpg": "a woman standing in front of a large building", "17411-hercule2.jpg": "a man in a dress sitting on a bench", "41001-092parle.jpg": "a group of people standing in front of a building", "44288-pozzuoli.jpg": "a view of a beach with people in the background", "10014-piamun.jpg": "a couple of women sitting on a bench", "06685-villagef.jpg": "a crowd of people standing in front of a building", "32800-33cardel.jpg": "a woman and a baby sitting next to each other", "00468-sisera.jpg": "a man and woman laying on a bed", "13378-l4hermi.jpg": "a group of people standing next to each other", "34156-hughes.jpg": "an older man wearing a yellow tie and a yellow shirt", "41117-18franci.jpg": "a group of people sitting around a tree", "30209-1cicogn1.jpg": "a group of people standing around each other", "04253-andr_tho.jpg": "a couple of people that are laying down", "15602-13nativi.jpg": "a couple of people sitting next to each other", "44423-daughter.jpg": "a woman wearing a hat is sitting on a couch", "09821-maze.jpg": "a group of people sitting on top of a bench", "04501-marieant.jpg": "a woman in a black dress is standing next to a dog", "35975-shepherd.jpg": "a herd of animals standing next to a tree", "36602-danneck1.jpg": "a woman sitting on top of a stone wall", "40128-sanfilip.jpg": "a painting of a man laying in a painting on a wall", "32752-01sebast.jpg": "a woman wearing a red shirt and a red tie", "22687-13funer.jpg": "a group of people standing in front of a building", "36837-zreturn.jpg": "a couple of horses pulling a carriage down a hill", "04991-annuncia.jpg": "a picture of a woman standing in front of a building", "24891-triptych.jpg": "a picture of a woman sitting in front of a mirror", "43355-ambrose.jpg": "a group of people standing next to each other", "21828-pauline1.jpg": "a black and white photo of a woman in a dress", "15942-tramonto.jpg": "a statue of a person sitting on a bench", "24266-vase_fl1.jpg": "a bouquet of flowers in a vase on a table", "23495-still2.jpg": "a bunch of food sitting on top of a table", "43667-estuary.jpg": "a tree in the middle of a field", "02933-marsvenu.jpg": "a group of people sitting on top of a bed", "40217-thegorz.jpg": "a man standing next to a brown horse", "29125-portlady.jpg": "a woman in a white shirt looking at a cell phone", "23527-louvre1.jpg": "a black and white photo of a group of people", "41340-04virgi2.jpg": "a statue of a man sitting next to a statue", "04175-landscap.jpg": "a group of animals that are sitting in the dirt", "39311-13ceilin.jpg": "a man laying on top of a bed holding a baby", "15230-3ossian.jpg": "a group of people sitting on top of a couch", "10106-11virgin.jpg": "a baby is holding a baby in her hand", "07909-children.jpg": "a woman holding a cat next to a cat", "09353-peacock.jpg": "a group of chickens standing next to each other", "13587-selfport.jpg": "a man holding a knife and a knife in his hand", "28401-denying.jpg": "a large group of people sitting on a bench", "04535-nativity.jpg": "a statue of a man standing next to a horse", "29621-intbavo2.jpg": "an old building with people walking around", "40771-12icon.jpg": "a picture of a man and a woman", "18933-apotheos.jpg": "a large group of people standing next to each other", "11581-catheri.jpg": "a woman sitting in a chair with a child", "18048-01scene.jpg": "a group of people standing next to each other", "37401-portrait.jpg": "a man sitting in a chair with a bag", "32859-parnass.jpg": "a group of people sitting on top of a table", "03810-068pred2.jpg": "a group of people riding on the backs of horses", "33486-03histos.jpg": "a woman standing next to a statue of a horse", "19765-wooded_l.jpg": "a train that is sitting in the water", "40434-4prede7.jpg": "a painting of a woman and a child", "22604-8barbad3.jpg": "a black and white photo of a man and a woman", "04736-adorshep.jpg": "a group of people sitting on top of a couch", "23591-spinning.jpg": "a man sitting in a chair in a room", "39151-15zianig.jpg": "a painting of a bird flying in the air", "07585-53mercy.jpg": "a group of people riding on the back of a elephant", "10636-pairs2.jpg": "a picture of a man and a horse", "30903-coastal.jpg": "a large body of water next to a forest", "24467-pisa_pr4.jpg": "an old photo of people sitting on a bed", "20355-02ingres.jpg": "a statue of a man in a dress", "02507-6elem3.jpg": "a close up of a vase on a table", "01152-adormagi.jpg": "a group of people standing next to each other", "15500-3testfi.jpg": "a group of people standing next to a building", "36649-elisabet.jpg": "a group of people sitting in a room", "05641-aft_meal.jpg": "a group of people sitting in a room", "16787-2north2.jpg": "a group of people that are in a room", "20638-fellahwo.jpg": "a woman sitting on a couch next to a man", "17546-04portra.jpg": "a man in a red shirt is holding a glass", "00393-2scenes1.jpg": "a group of people riding on the back of a horse", "08303-pitti.jpg": "a building with statues and statues on it", "34628-capricc1.jpg": "a group of people standing on top of a lush green field", "17771-502goya.jpg": "a woman laying on a bed with a blanket", "08961-sti_life.jpg": "a glass of wine and a plate of food on a table", "14178-073game.jpg": "a group of people standing in front of a large tree", "29808-port_man.jpg": "a man in a black jacket and a black jacket", "25138-port_man.jpg": "a man wearing a black hat and a black hat", "12313-7poly28.jpg": "a group of men standing next to a building", "23927-mharbour.jpg": "a group of people sitting on a beach next to a boat", "03307-predell4.jpg": "a group of women standing next to each other", "15549-2visita.jpg": "a group of people standing next to each other", "39135-03zianig.jpg": "a group of people standing next to each other", "09928-battle.jpg": "a group of people standing next to a mountain", "13037-cupid.jpg": "a man and a woman laying on a beach", "44340-setter.jpg": "a couple of dogs that are playing in the grass", "06542-stillife.jpg": "a couple of women sitting next to each other", "20779-descent.jpg": "a group of people riding on the backs of elephants", "42128-09casafl.jpg": "a painting of a man standing next to a statue", "15152-adormago.jpg": "a group of people standing next to a cow", "24483-st_agnes.jpg": "a group of people standing around a statue of a horse", "07659-carlev04.jpg": "a large crowd of people standing in front of a building", "23853-3manet12.jpg": "a man in a hat is sitting on a boat", "30324-viewrome.jpg": "a view of a city with a city in the background", "12158-maest_01.jpg": "a group of people standing next to each other", "37489-boarhunt.jpg": "a group of dogs that are laying down", "32886-2panel3.jpg": "a group of people standing around a giraffe", "44380-watering.jpg": "a group of people riding horses on a beach", "08170-pyrrha.jpg": "a group of people standing next to each other", "23492-portgent.jpg": "a man in a black jacket and a tie", "39241-01adult1.jpg": "a group of people standing next to each other", "03871-157mira.jpg": "a woman standing in front of a mirror", "44614-venicese.jpg": "a woman sitting in a bed with a dog", "41287-03crucif.jpg": "a statue of a man standing next to a statue", "24493-08bardi.jpg": "a group of people standing next to each other", "30916-cochois.jpg": "a group of people that are sitting down", "04136-damsquay.jpg": "a large building with people walking around it", "18388-1801grec.jpg": "a man is sitting in a suit case", "40885-07virgin.jpg": "a woman holding a baby in a room", "30102-madonna.jpg": "a group of people sitting on top of a couch", "27156-slingela.jpg": "a group of women sitting next to each other", "31964-061madon.jpg": "a couple of men sitting next to each other", "17142-arles64.jpg": "a table with a variety of items on it", "39314-15ceilin.jpg": "a man laying on top of a bed with a blanket", "40022-brothe05.jpg": "a group of people sitting on top of a couch", "08536-2still1.jpg": "a blue vase filled with lots of flowers", "39007-23labia.jpg": "a statue of a man on a horse", "26318-3meszoly.jpg": "a couple of people standing next to a building", "18131-virgin_c.jpg": "a group of people standing next to each other", "34627-aldobran.jpg": "a group of people sitting on a dock next to a fountain", "43965-2tripti1.jpg": "a woman standing next to a woman in a room", "03746-miracl3.jpg": "a large cathedral with people standing around it", "02927-viewvlaa.jpg": "a group of boats floating on top of a river", "43499-moonlit.jpg": "a large stone structure with a fountain in the background", "00369-4susanna.jpg": "a group of people standing in front of a large building", "04450-musical2.jpg": "a table with a variety of items on it", "05549-06medici.jpg": "a man in a red shirt is standing next to a door", "02770-tobias.jpg": "a group of people standing next to each other", "35263-1moses.jpg": "a group of people sitting on top of a bed", "19251-brutus.jpg": "a group of people sitting on a stage", "00773-1annunc1.jpg": "a painting of a woman in a dress", "12212-pre_f_4.jpg": "a painting of a man standing next to a building", "35601-04landsc.jpg": "a group of people riding horses in a field", "00759-2open1.jpg": "a woman standing in front of a wall", "04728-samson.jpg": "a man sitting on top of an old boat", "19563-granida.jpg": "a woman in a red dress holding a glass", "03526-landscap.jpg": "a group of people standing next to a river", "32634-womensea.jpg": "a statue of a woman standing next to a woman", "21263-a_abbot.jpg": "a group of people that are on some horses", "14268-2nativi.jpg": "a group of people standing around a building", "15432-pieta.jpg": "a group of people standing next to each other", "42195-flowerst.jpg": "a vase filled with flowers sitting on top of a table", "03461-p_widow.jpg": "a man in a black jacket is talking on a cell phone", "08419-finding.jpg": "a group of people standing next to each other", "15004-tahiti621.jpg": "a horse sitting in front of a tree", "21022-portgent.jpg": "a man sitting on a chair in a room", "19869-7godsal.jpg": "a man and a woman sitting at a table", "14182-076stair.jpg": "a group of people standing in front of a tree", "08046-seasons4.jpg": "a black and white photo of a person laying in a bed", "00396-3predel2.jpg": "a group of people standing around a tree", "15016-tahiti74.jpg": "a painting of a man standing next to a man", "41285-01spin.jpg": "a woman standing in front of a wall holding a teddy bear", "32250-02cecili.jpg": "a woman reading a book to a child", "25045-3birds.jpg": "a bunch of birds are sitting on the ground", "23267-01recan1.jpg": "a group of people standing next to each other", "40010-2mouli06.jpg": "a statue of a man wearing a hat", "12519-2adorat.jpg": "a group of people are sitting on horses", "07184-canal301.jpg": "a bunch of boats that are sitting in the water", "36871-1reale.jpg": "a room with a clock and a chandelier", "08500-14early.jpg": "a table topped with lots of different items", "12049-oldcandl.jpg": "a woman standing in front of a mirror", "41320-030franc.jpg": "a statue of a man in a baseball uniform", "20446-group1.jpg": "a large group of people standing around each other", "03980-bello208.jpg": "a large body of water next to a river", "31974-12medici.jpg": "a man in a black hat and a black hat", "19977-3pembert.jpg": "a picture of a woman sitting on a wall", "10045-agatlucy.jpg": "a statue of a woman standing next to a building", "08504-1lands04.jpg": "a large stone wall with a mountain in the background", "20000-venus_am.jpg": "a couple of people laying on top of a couch", "41515-oratory.jpg": "a group of people standing in a room", "02833-scene_ic.jpg": "a large group of people standing around a building", "32156-nativity.jpg": "a group of people sitting on top of a stone floor", "32433-absolom.jpg": "a group of people sitting around a group of people", "21373-rinaldo.jpg": "a group of people are sitting on the ground", "39287-1mark0.jpg": "a group of people standing in front of a statue", "34038-2renoi19.jpg": "a statue of a person standing in a field", "34259-bacchan1.jpg": "a group of people sitting in front of a tree", "32453-st_john1.jpg": "a group of people sitting on a bench in the dark", "09482-foundry.jpg": "a group of people standing next to a train", "40274-terpsic.jpg": "a group of people standing next to each other", "39440-5maggio.jpg": "a building with a clock on the wall", "09872-courb210.jpg": "a man in a dark room with a guitar", "32909-1borgo.jpg": "a group of people standing next to each other", "10464-lutist.jpg": "a man sitting on top of a chair in a room", "35966-barn_int.jpg": "a group of people sitting around a table", "12253-verso06.jpg": "a group of people standing next to each other", "00207-venus2.jpg": "a group of people on a beach next to a tree", "36454-abbot.jpg": "a couple of people standing next to each other", "20799-polypty2.jpg": "a group of people standing next to each other", "21495-apostoli.jpg": "a group of people sitting in front of a building", "37414-musschen.jpg": "a couple of women standing next to each other", "14702-040alsto.jpg": "a man standing next to a statue of a man", "41407-16polypt.jpg": "a group of people standing in front of a building", "09347-holyfamy.jpg": "a couple of kids that are laying down", "21823-colbert.jpg": "a black and white photo of a woman wearing a tie", "23810-3early5.jpg": "a black and white photo of a man", "25899-seanight.jpg": "a group of people rowing a boat in the water", "26684-10_4pe41.jpg": "a group of people sitting on top of a wooden bench", "17136-arles58.jpg": "a painting of a man standing next to a tree", "18596-1view2l.jpg": "a man with a beard is standing in front of a mirror", "22556-0view1.jpg": "a large cathedral with a clock on the wall", "26669-5outside.jpg": "a very tall building with a building in the background", "17757-408goya.jpg": "a picture of a person in a large pool", "06654-crucifix.jpg": "a crowd of people standing around a group of horses", "13324-24dipty1.jpg": "a statue of a woman standing next to a wall", "10724-river_la.jpg": "a group of people standing on top of a sandy beach", "18408-1908grec.jpg": "a painting of a cow and a cow", "41122-01crucif.jpg": "a picture of a painting on a wall", "03232-polyptyc.jpg": "a picture of a building and a clock", "26259-winckelm.jpg": "a man in a suit sitting in a room", "26272-07menzel.jpg": "a group of people standing in front of a building", "13162-glacier.jpg": "a mountain range with a mountain in the background", "30299-capricci.jpg": "a large stone structure with statues in front of it", "41416-21davanz.jpg": "a room that has a painting on the wall", "35626-071garde.jpg": "a group of people standing in front of a statue", "19213-77post.jpg": "a man wearing a black hat and a black hat", "38293-darkbay.jpg": "a couple of horses standing next to each other", "13127-room.jpg": "a woman is standing in front of a window", "38645-officer.jpg": "a statue of a woman on a horse", "38217-bayhunte.jpg": "a woman riding on the back of a brown horse", "32627-colonna.jpg": "a man standing next to a statue of a man", "30732-huquier2.jpg": "a woman wearing a bow tie and a cat", "05256-12thorns.jpg": "a group of men standing next to each other", "23340-06manpa.jpg": "a man in a suit and tie holding a hand", "08976-vanitas2.jpg": "a table with a table and a lamp on it", "10406-13cruci.jpg": "a group of people standing next to each other", "23506-stillifx.jpg": "a vase filled with pink and white flowers", "29259-109muril.jpg": "a woman holding a baby in a bed", "42263-0507vela.jpg": "a teddy bear riding on the back of a horse", "04602-medici7.jpg": "a flower is in the middle of a tree", "23361-01lucret.jpg": "a woman in a green dress and a scarf", "38715-esausell.jpg": "a group of people standing around a table", "39952-5newtest.jpg": "a stone wall with vases and vases on it", "32175-m_medic.jpg": "a woman in a dress is wearing a dress", "15601-12sasset.jpg": "a man standing next to a man in a red shirt", "04580-port_man.jpg": "a woman in a black jacket and black jacket", "26089-25more1.jpg": "a group of people standing around a statue", "23765-madchild.jpg": "a woman holding a teddy bear in her arms", "07561-43jerome.jpg": "a man in a red shirt is holding a dog", "41881-vendra04.jpg": "a large building with a statue in front of it", "10549-apollo3.jpg": "a decorative clock on the side of a building", "08812-shepherd.jpg": "a statue of a woman standing next to a statue", "14595-stil_dog.jpg": "a dog that is standing in front of some flowers", "20068-06concer.jpg": "a group of people that are sitting on a bench", "39426-1antico1.jpg": "a couple of men laying on top of a couch", "18332-1306grec.jpg": "a group of people standing next to each other", "14538-lot_daug.jpg": "a group of people sitting next to each other", "07229-canal516.jpg": "a large body of water with boats in it", "24936-berswor1.jpg": "a wall with a painting on the wall"}