{"09272-titangob.jpg": "there is a large fountain in the water", "34311-maruce11.jpg": "a picture of a man sitting on a rock", "24940-bielefe2.jpg": "a couple of women standing next to each other", "24526-11clemen.jpg": "a painting of a painting on a wall", "21673-triumph.jpg": "a group of people riding on the back of an elephant", "00068-ark3.jpg": "a group of people standing next to each other", "31238-montefe6.jpg": "a group of people riding in a horse drawn carriage", "24350-forestfx.jpg": "a painting of a bear and a ball on a tree", "13083-abraham.jpg": "a group of people sitting around a tree", "37241-10cloak.jpg": "a man standing next to a statue of a horse", "37795-3east1.jpg": "a large ornate building with a painting on it", "41119-19adorat.jpg": "a group of people standing next to each other", "43785-142indif.jpg": "a black and white photo of a person with a dog", "25196-s_agnes.jpg": "a group of people standing next to each other", "31428-04homag.jpg": "a large ornate building with statues on it", "07235-canal604.jpg": "a group of people walking down a street", "28587-paris4.jpg": "a painting of a painting of a graffiti covered wall", "28794-visiongr.jpg": "a woman standing next to a brown horse", "17938-rhine.jpg": "a large body of water with many boats in it", "44608-caldogn1.jpg": "a room that has a painting on the wall", "31057-1miser04.jpg": "a group of people standing next to each other", "17774-503goya.jpg": "a woman sitting on a couch with a group of horses", "36220-triptych.jpg": "a statue of a man reading a book", "42510-hagar_is.jpg": "a group of people standing next to each other", "21118-assumpti.jpg": "a group of people standing around a wall", "21468-queen.jpg": "a couple of people sitting on a bench", "04628-landsca1.jpg": "a group of people standing next to a river", "05643-allego2.jpg": "a couple of people sitting on top of a bed", "08434-laundres.jpg": "a man standing next to a woman in a building", "44385-coevorde.jpg": "a large crowd of people are standing around horses", "18278-0901grec.jpg": "a large statue of a man on a horse", "18295-1009grec.jpg": "a man in a leather jacket sitting on a couch", "33516-21portra.jpg": "a close up of a person wearing a costume", "43549-st_anne.jpg": "a group of people sitting on top of a couch", "21133-riders.jpg": "a man riding a horse on a dirt road", "21377-allegwis.jpg": "a group of people standing around a statue", "23241-interchu.jpg": "a group of people walking around a church", "35294-adorati2.jpg": "a group of people standing around a statue", "00115-cook.jpg": "a man is sitting on a bench with a dog", "06051-preachin.jpg": "a large group of people standing in a field", "07331-limbo.jpg": "a group of people standing in a room", "09514-massacr.jpg": "a group of people standing around a group of people", "23834-2manet13.jpg": "a couple of men standing next to each other", "08494-08early.jpg": "a black and white photo of a man and a dog", "43710-journey.jpg": "a group of people standing next to each other", "30409-port_man.jpg": "a man wearing a hat and a black hat", "04006-golden.jpg": "a building with a clock on the front of it", "04773-flight2.jpg": "two people are riding horses down a hill", "16387-chris15.jpg": "a group of people standing next to each other", "06081-oldwoman.jpg": "a man sitting in a room next to a table", "20417-6outing.jpg": "a man riding on the back of a motorcycle", "13504-zodiac08.jpg": "a woman standing next to a building with a clock", "22623-03coron.jpg": "a group of people standing next to each other", "39884-market1.jpg": "a group of people standing in front of a building", "19888-6chesema.jpg": "a man holding a bird in his hands", "25300-captives.jpg": "a woman is sitting on a bed with a kite", "43516-pendant1.jpg": "a man in a black jacket holding a paper", "34697-cairo.jpg": "a group of people standing outside of a building", "07091-adormagi.jpg": "a group of people that are sitting on a couch", "00854-0_view.jpg": "the inside of a building with a building in the background", "23094-3deposi.jpg": "a large painting of a man and a statue", "26543-06_0bay6.jpg": "a picture of a man sitting on a wall", "24203-christ_s.jpg": "a group of people standing next to each other", "44199-mawddach.jpg": "a group of people standing on top of a mountain", "40000-1misc02.jpg": "a man standing in front of a stone wall", "07238-canal607.jpg": "a large stone building with a statue on it", "39890-beach.jpg": "a person on a beach with a bike", "38195-port_wom.jpg": "a woman sitting in a chair in front of a window", "39298-00view2.jpg": "a picture of a man in a large room", "38319-studio.jpg": "a group of people are sitting in a room", "23173-11monaco.jpg": "a statue of a man holding a sign", "30234-05apol1.jpg": "a group of people sitting on top of a couch", "18456-stillife.jpg": "a wooden table with a picture of a woman sitting on a chair", "26250-marialui.jpg": "a small child wearing a red bow tie", "39002-19labia.jpg": "a large painting of a man and a horse", "07413-3singing.jpg": "a painting of a man sitting next to a statue", "12032-old_woma.jpg": "a man in a red hat is holding a <unk>", "37331-6orsini.jpg": "a group of people sitting on top of a table", "07691-iphigeni.jpg": "a group of people standing next to each other", "10076-04altar.jpg": "a group of people standing next to each other", "05711-extensi2.jpg": "a group of people sitting on top of a dirt road", "26768-3lastjud.jpg": "a man sitting on a couch with a man", "05181-cornar07.jpg": "a painting of a man sitting on a bed in a room", "13709-polyptyc.jpg": "a painting of a building with a painting on it", "14137-02contes.jpg": "a group of people sitting on top of a tree", "44364-hunting.jpg": "a group of people riding horses along a river", "34640-ripetta.jpg": "a group of people standing around a stone structure", "18185-v_player.jpg": "a man with a camera taking a picture of himself", "08459-christ_p.jpg": "a group of people that are holding a dog", "08472-fresco3.jpg": "a large clock mounted to the side of a building", "02775-basketfr.jpg": "a table topped with lots of fruits and vegetables", "35443-74religi.jpg": "a group of people sitting on a couch", "33434-02oldtes.jpg": "a group of people sitting on top of horses", "41008-102portr.jpg": "a man wearing a hat and a tie", "16437-franc1.jpg": "a large glass window with a painting on it", "33389-12newtes.jpg": "a group of people sitting on top of a boat", "42330-cattle.jpg": "a herd of cattle grazing on a lush green field", "05741-selfpor1.jpg": "a close up of a person in a room", "16995-nuenen10.jpg": "a bottle and a bottle on the floor", "03453-honorius.jpg": "a large group of people standing around each other", "20740-restdian.jpg": "a group of people that are in a room", "23444-nativity.jpg": "a group of people standing next to each other", "39124-minuet1.jpg": "a group of people sitting on the ground with umbrellas", "21325-ferrand.jpg": "an old photo of a woman in a dress", "28498-early07.jpg": "a group of people standing around a cake", "42156-2mappa2.jpg": "a display of birds and other animals on display", "34935-15isere.jpg": "a wall with a clock on the side of it", "35100-battlesc.jpg": "a group of people standing around a group of horses", "20965-magdelen.jpg": "a bunch of flowers that are in a vase", "34285-anthony.jpg": "a painting of a man and a man on a horse", "34418-holmes.jpg": "an old photo of a woman holding a baseball bat", "38026-havre.jpg": "a woman in a dress is standing in the water", "14698-02edgar.jpg": "a woman wearing a bow tie sitting in front of a mirror", "04476-womanveg.jpg": "a group of people that are sitting down", "42248-0316vela.jpg": "a close up of a person with a dog", "31320-virgin.jpg": "a close up of a person wearing a hat", "35104-demons2.jpg": "a stone brick oven with a brick oven", "04004-flowduck.jpg": "a couple of birds sitting in the middle of a forest", "41097-00christ.jpg": "a picture of a bunch of <unk> and <unk>", "22557-0view2.jpg": "a clock is on the side of a building", "12345-kessel1.jpg": "a man in a suit standing in a room", "39762-10gonzag.jpg": "a woman in a dress sitting on a couch", "18313-1201grec.jpg": "a group of people riding on the backs of horses", "40992-02jeanbo.jpg": "a man standing next to a stone wall", "25044-2flowers.jpg": "a bunch of flowers sitting on top of a table", "07170-canal213.jpg": "an old stone building with a bridge in the background", "29224-09nunzia.jpg": "a group of people sitting in a room", "11108-training.jpg": "a couple of people riding on the backs of horses", "00764-predel2.jpg": "a group of people standing next to each other", "11522-crypt1.jpg": "an old stone building with a stone wall", "13398-l2johnb.jpg": "a statue of a statue of a man in a dress", "40354-06prato.jpg": "a statue of a man with a mask on his head", "05421-ruins.jpg": "a group of people standing on top of a grass covered field", "17308-selfpo35.jpg": "a close up of a statue of a <unk> face", "26085-24nojov2.jpg": "a picture of a man with a mask on his face", "36891-s_louis1.jpg": "a painting of a man standing next to a statue", "37642-1paolo01.jpg": "a clock that is on the side of a building", "09233-triptych.jpg": "a picture of a man and a woman", "05508-temptat.jpg": "a group of people standing next to a building", "40273-stjerome.jpg": "a statue of a man standing next to a statue", "37038-01view.jpg": "a large cathedral with a large ornate clock", "39807-07granve.jpg": "a man in a black jacket and a black jacket", "40045-cabare11.jpg": "a painting of a bear sitting on top of a bed", "37105-1apostl4.jpg": "a statue of a woman standing next to a woman", "43406-altarpie.jpg": "a large ornate ornate building with a statue on it", "36704-esthermo.jpg": "a group of people sitting in a room", "20682-02jongk.jpg": "a boat that is sitting in the water", "06314-poppies.jpg": "a field filled with lots of red flowers", "32366-xavier.jpg": "a group of people sitting on a couch", "23907-ecstasy.jpg": "a person sitting on a couch holding a stuffed animal", "20509-1c2_up1.jpg": "a group of people sitting on top of a bed", "37504-wildboar.jpg": "two dogs that are laying down on the ground", "24202-adultere.jpg": "a group of people standing around a building", "35605-07landsc.jpg": "a herd of animals standing in the middle of a forest", "23297-08spiri.jpg": "a group of people with stuffed animals on a stage", "21285-grisail2.jpg": "a statue of a man standing next to a wall", "33521-35portra.jpg": "a black and white photo of a woman in a dress", "39341-01braze.jpg": "a group of people standing around in a room", "02744-scene05.jpg": "a group of people standing next to a stone wall", "36747-noblewom.jpg": "a woman in a costume with an umbrella", "12570-4wolgemu.jpg": "a close up of a person wearing a hat", "09823-baptism.jpg": "a group of people standing in front of a building", "16511-0baronce.jpg": "a wall with a painting on the wall", "29257-108muril.jpg": "a group of people standing next to each other", "21308-10penite.jpg": "a black and white photo of a woman sitting on a couch", "38229-arachne.jpg": "a woman holding a banana in her hand", "24360-hunter.jpg": "a group of people standing next to horses", "21418-portgent.jpg": "a man in a leather jacket sitting in a chair", "08436-paderne1.jpg": "a statue of a woman standing next to a statue", "23442-maurizio.jpg": "a large building with a lot of windows", "23124-14umilta.jpg": "a man standing next to a building with a horse", "05938-virgin_c.jpg": "a woman in a dress sitting next to a baby", "24643-grabow0.jpg": "a wall with many pictures on it", "12548-4young_m.jpg": "a close up of a person wearing a hat", "06073-dam.jpg": "a crowd of people walking down a street", "36726-1allegor.jpg": "a group of people standing next to each other", "42841-08adorat.jpg": "a large group of people in a room", "06972-death_c.jpg": "a woman is sitting in a chair with a purse", "36868-archduch.jpg": "a statue of a person wearing a costume", "15501-4obsequ.jpg": "a group of people standing next to each other", "22359-samsonde.jpg": "a group of people standing next to each other", "25310-infanta.jpg": "a picture of a woman sitting on a bench", "18390-1803grec.jpg": "a man sitting on a couch with a dog", "26997-crucifix.jpg": "a group of people riding horses in a parade", "26116-33nieuw.jpg": "a woman sitting in front of a mirror with a baby", "20792-lazarus4.jpg": "a statue of a man sitting on top of a statue", "41696-08visita.jpg": "a couple of women standing next to each other", "06213-g_medici.jpg": "a small child wearing a red leather jacket", "21545-partridg.jpg": "a painting of a bird with a bird in its mouth", "19268-chamber.jpg": "a fire place sitting in a dark room", "08548-1bather2.jpg": "a group of men standing next to a waterfall", "25941-1angel31.jpg": "a dog with a bow and tie on its head", "21927-5benois1.jpg": "a woman sitting on a couch holding a baby", "22810-snow_sun.jpg": "a large body of water next to a body of water", "14083-charles.jpg": "a man wearing a hat and hat with a hat on", "10474-sacrame5.jpg": "a group of people sitting on top of a couch", "14389-oratory.jpg": "a group of people sitting on top of a bed", "14165-021love.jpg": "a painting of a person in a pool", "22753-kurfurst.jpg": "a man in a dress is holding a tie", "43884-amorous.jpg": "a black and white photo of a man and a man", "25905-stilfish.jpg": "there is a statue of a bird on the table", "02741-heroic.jpg": "a close up of a person wearing a costume", "43765-05propos.jpg": "a group of people standing in front of a tree", "17936-haar_sea.jpg": "a sailboat in the middle of a body of water", "42123-07vecchi.jpg": "a large room with a fireplace and a fireplace", "23868-4manet06.jpg": "a man standing next to a statue of a man", "29811-fall_man.jpg": "a woman standing next to a bunch of animals", "06022-4odysseu.jpg": "a group of people standing next to a statue", "15575-7vault1.jpg": "a black and white picture of a man and a woman", "18315-1203grec.jpg": "a black and white photo of a man and a cow", "32736-sinclair.jpg": "a woman standing on top of a snow covered slope", "41514-madchild.jpg": "a little girl sitting on a couch with a baby", "17561-19portra.jpg": "a statue of a person holding a statue", "10615-view_dor.jpg": "a group of boats floating on top of a body of water", "28901-thunder.jpg": "a man riding on the back of a horse", "21442-mouline2.jpg": "a large group of people standing next to each other", "04401-tomb_pet.jpg": "a group of people standing around a building", "24592-st_anne2.jpg": "a group of people sitting next to each other", "34979-02formis.jpg": "an old building with a painting on the wall", "20969-riverlax.jpg": "a group of people standing next to a boat", "40349-02prato.jpg": "a group of people standing in front of a building", "38576-mad_meg.jpg": "a group of people standing around a stone wall", "35713-landscap.jpg": "a view of a building with a church in the background", "07719-5altar4.jpg": "a statue of a man standing next to a door", "03594-11ventur.jpg": "a picture of a man and a woman", "00610-8boccacc.jpg": "a man in a dress shirt and tie standing in front of a door", "03888-179madon.jpg": "a man sitting on a bed with a teddy bear", "10404-11christ.jpg": "a group of people sitting next to each other", "02766-isaacble.jpg": "a group of people that are sitting down", "19249-stillif8.jpg": "a table topped with plates of donuts and cups", "10470-sacrame1.jpg": "a group of people that are sitting on a bench", "10101-30altar1.jpg": "a group of people standing around a window", "39050-3ariost31.jpg": "a painting of a woman sitting on a bed", "14560-06macbet.jpg": "a couple of people that are holding a dog", "34118-pittipal.jpg": "a group of people on a bridge near a bridge", "29997-still_li.jpg": "a couple of birds sitting on top of a table", "24097-5grisai2.jpg": "a statue of a man sitting on top of a table", "03834-132portr.jpg": "a man in a red shirt is wearing a hat", "44167-reading.jpg": "a group of people sitting around a table with laptops", "37949-intemper.jpg": "a group of people are sitting on a couch", "40092-1gouach2.jpg": "a painting of a man and a woman on a wall", "06665-peasantw.jpg": "a group of people standing around a fire place", "38640-knife_gr.jpg": "a couple of people standing next to a building", "35304-marathon.jpg": "a large body of water with a mountain in the background", "21555-throckmo.jpg": "a close up of a person laying in a bed", "15568-1heretic.jpg": "a group of people standing next to each other", "12224-pre_v_2.jpg": "a building that has a window and a window", "36823-portgirl.jpg": "a woman in a black shirt is holding a carrot", "15860-homage.jpg": "a group of people standing around a table with food", "11142-1870s_07.jpg": "a young woman sitting on top of a bed", "40309-200turne.jpg": "a palm tree in front of a body of water", "02868-depositi.jpg": "a group of people standing next to each other", "40871-12john_f.jpg": "a man wearing a black hat and a black hat", "20887-masterso.jpg": "a man wearing a tie and a red jacket", "24733-h_bishop.jpg": "a statue of a man dressed in a <unk> costume", "17071-paris21.jpg": "a dining room table with a table and chairs", "09357-landscap.jpg": "a group of people standing next to a tree", "17147-arles69.jpg": "a large body of water next to a lush green field", "43557-staghunt.jpg": "a couple of animals that are laying down", "03499-achilles.jpg": "a group of people standing around a tree", "15596-11pala2.jpg": "a woman standing in front of a mirror", "42812-6jesusdo.jpg": "a group of people sitting in front of a building", "36963-zcircus2.jpg": "a painting of a painting on a wall", "42266-0601vela.jpg": "a black and white photo of a woman riding a horse", "29256-107murin.jpg": "a young boy and woman sitting on a bed", "24365-osteria.jpg": "a group of women standing around a table", "14439-206fried.jpg": "a person walking on a path in the woods", "32889-0eliodop.jpg": "a large stone building with statues and statues", "43676-ramming.jpg": "a boat that is floating in the water", "00901-3vault2.jpg": "a painting of a painting on the side of a painting", "15502-5confir.jpg": "a large group of people standing next to each other", "09367-flatfory.jpg": "a body of water next to a river", "39310-12ceilin.jpg": "a woman laying on top of a blanket on a bed", "17722-209goya.jpg": "a group of people riding horses in a field", "11604-langmat2.jpg": "a large body of water with boats in it", "07654-virgin_e.jpg": "a group of people standing in front of a painting", "06849-dutchint.jpg": "a room with a chair and a mirror", "15210-david1.jpg": "a man sitting on a rock next to a dog", "10121-12jerome.jpg": "a man sitting on a bench reading a book", "17703-vertemnu.jpg": "a couple of people riding on the backs of horses", "06367-01carniva.jpg": "a crowd of people standing around a building", "10232-1venus05a.jpg": "a young boy standing next to a tree", "32523-holyfami.jpg": "a group of people standing next to a river", "35048-woodedla.jpg": "a large tree in the middle of a river", "34254-aesculap.jpg": "a group of people standing next to a stone wall", "23626-prayingm.jpg": "a group of people standing next to each other", "42152-altar.jpg": "a large painting on the wall of a building", "22797-saints.jpg": "a man standing next to a woman in a room", "33466-01mythol.jpg": "a painting of a man and a woman on a boat", "00389-10birth.jpg": "a group of people sitting in front of a building", "20538-coronati.jpg": "a group of people standing next to each other", "23820-7marine1.jpg": "a black and white photo of a boat", "40319-208turne.jpg": "a picture of a person in the water", "20149-concert.jpg": "a group of people standing around each other holding baseball bats", "20876-woman.jpg": "a group of people sitting in the middle of a room", "35744-windmill.jpg": "a black and white photo of a body of water", "19514-selfport.jpg": "a man wearing a black jacket and a black shirt", "43481-friedric.jpg": "a man sitting in a chair holding a remote", "04641-kitchen.jpg": "a group of people standing around a kitchen", "06516-01navalb.jpg": "a group of boats that are sitting in the water", "42672-micault2.jpg": "a picture of a man standing next to a painting", "15621-annuncia.jpg": "a clock with a painting on the wall", "40221-triptych.jpg": "a group of people standing next to each other", "00418-4saints2.jpg": "a group of people standing next to a building", "05239-11eouter.jpg": "a man sitting on a bench with a dog", "16388-chris16.jpg": "a group of people standing next to each other", "37624-bathsheb.jpg": "a group of people sitting on top of a motorcycle", "32510-allegory.jpg": "a group of people standing next to each other", "24123-scene6a.jpg": "a group of people standing in front of a building", "24625-gillis.jpg": "a woman sitting in a chair reading a book", "20502-virgin_j.jpg": "a woman sitting on a bed with a teddy bear", "14667-1crucifi.jpg": "a large painting of a woman and a statue", "13968-knight.jpg": "a man standing next to a group of horses", "04635-signoria.jpg": "a large building with a clock tower in front of it", "42699-islands.jpg": "a group of people standing on top of a sandy beach", "09607-mad_geor.jpg": "a group of people sitting in a room", "26179-madonna.jpg": "a man sitting on a couch holding a baby", "18419-2007grec.jpg": "a close up of a horse in a stable", "07962-farnes06.jpg": "a wall with a painting on the wall", "31968-08mauri.jpg": "a group of people riding on the back of a soccer ball", "30922-selfport.jpg": "a couple of women sitting next to each other", "41315-02cruci.jpg": "a clock on a wall with a statue on it", "20970-seashore.jpg": "a couple of dogs laying on top of a beach", "35384-17religi.jpg": "a group of women sitting on top of a bed", "16468-2crucifi.jpg": "a statue of a woman standing next to a wall", "19462-stil_fru.jpg": "a painting of a bunch of flowers in a tree", "39787-12charle.jpg": "a man with a dog standing next to a dog", "32471-stillife.jpg": "a table topped with lots of fruit and vegetables", "19980-5brando2.jpg": "a boy sitting in a chair with a book", "31060-1miser07.jpg": "a woman standing in front of a painting of a woman", "00908-armadio4.jpg": "a woman standing in front of a stone building", "06853-crucifix.jpg": "a couple of people standing next to each other", "03501-crowle.jpg": "a statue of a woman standing next to a dog", "38304-sin.jpg": "a black and white photo of a woman in a dark room", "00414-3george2.jpg": "a statue of a man riding a white horse", "20344-marriage.jpg": "a group of people standing next to each other", "29424-pompadou.jpg": "a close up of a person laying on a bed", "10238-1venus11.jpg": "a man holding a baby in front of a statue", "10175-2judith2.jpg": "a young boy wearing a red and white tie", "21952-5ceilin1.jpg": "a close up of a tree with a sign on it", "20433-coronati.jpg": "a display of people standing in a room", "16385-chris13.jpg": "a group of people sitting around a building", "42433-interior.jpg": "a black and white photo of a group of people", "23293-05susann.jpg": "a group of people standing around a statue", "17823-807goya.jpg": "a close up of a dog in a dark room", "19684-view_her.jpg": "a large brick building with trees in the background", "16833-madchild.jpg": "a woman sitting on a couch with a baby", "41356-02sancta.jpg": "a painting of a painting on a wall", "12278-verso20.jpg": "a statue of a man holding a large <unk>", "31285-cosimo.jpg": "a man wearing a red hat wearing a red hat", "07011-martyrdo.jpg": "a man taking a picture of himself in a mirror", "10612-sijctghe.jpg": "a black and white bird standing next to a ball", "35914-merlini.jpg": "a man in a suit and tie in a dark room", "17152-portra04.jpg": "a statue of a man wearing a suit and bow tie", "17098-1arles10.jpg": "a man standing in the middle of a dirt field", "05117-lastsupp.jpg": "a group of people sitting around a table", "24107-93pallas.jpg": "a group of people standing next to each other", "07628-77tooth.jpg": "a group of men standing next to each other", "08887-crucifix.jpg": "a painting of a painting on the side of a wall", "16168-chris22.jpg": "a group of people standing next to a painting", "38655-boy_flea.jpg": "a woman sitting on a bench next to a dog", "14669-3refecto.jpg": "a large display display in a large room", "18697-2triump.jpg": "a living room with a painting on the wall", "34112-07repin.jpg": "a statue of a man sitting in a forest", "15124-tobias.jpg": "a couple of women standing next to each other", "14443-209fried.jpg": "a person standing on top of a pile of rocks", "17569-27portra.jpg": "a man wearing a black hat and a hat", "32655-cathedra.jpg": "a large building with a large clock tower", "30507-versaill.jpg": "a view of a city in the distance", "38952-03verol1.jpg": "a group of people standing in front of a window", "40357-09prato.jpg": "a statue of a woman in a <unk>", "22286-jupiter.jpg": "a dog that is laying down on a bed", "08157-rebecca.jpg": "a group of people standing next to each other", "09344-gethsema.jpg": "a group of people sitting on top of a large elephant", "18421-2102grec.jpg": "a close up of a person with a horse", "23030-0view.jpg": "a building with a painting on the wall", "00532-2east0.jpg": "a large clock display in a building", "36833-moroccan.jpg": "a man wearing a red hat and holding a pair of scissors", "13243-portgent.jpg": "a man wearing a tie and a blue shirt", "43630-warscene.jpg": "a large group of people and horses on a beach", "30383-virgin_c.jpg": "a group of people sitting under an umbrella", "36345-madamex.jpg": "a woman in a black dress standing in a room", "25227-stjerome.jpg": "a man in a red hat is holding a piece of paper", "02719-landscap.jpg": "a herd of animals walking down a dirt road", "13685-firebird.jpg": "a brown horse standing next to a brown horse", "03400-presenta.jpg": "a group of people standing around a building", "11951-orsett02.jpg": "a painting of a painting on a wall with a painting on the wall", "13923-parable.jpg": "a man is sitting on the ground with a stick", "39733-8tarquin.jpg": "a group of people standing next to each other", "03412-05adorat.jpg": "a group of people that are sitting down", "17258-auvers18.jpg": "a large building with a clock on it", "19161-46anoroo.jpg": "a man in a black jacket holding a black umbrella", "44411-portrait.jpg": "a close up of a person wearing a suit", "44047-2abegg.jpg": "a group of people standing next to a statue", "08728-reverend.jpg": "a man in a black shirt and black pants", "29861-portmarg.jpg": "a close up of a person wearing a hat", "05082-portrai1.jpg": "a man in a black shirt and black tie", "39224-stillif1.jpg": "a bunch of stuff sitting on top of a bed", "14387-grimani1.jpg": "a large building with a painting on it", "44322-bethhesd.jpg": "a group of people sitting in a room", "00382-06crucif.jpg": "a couple of women standing next to a statue", "31359-seasons1.jpg": "a group of people walking along a rocky hillside", "06513-09nester.jpg": "a man standing in the woods holding a stick", "13079-parisnow.jpg": "a view of a city from a snowy landscape", "27130-still_2.jpg": "a bunch of fruit are in a tree", "31880-y_woman2.jpg": "a close up of a person with a hat on", "05817-virgin.jpg": "a woman holding a baby in a red jacket", "00006-rosegard.jpg": "a bunch of flowers that are in a garden", "35804-bouquet1.jpg": "a bouquet of flowers in a vase on a shelf", "15162-08quarat.jpg": "a statue of a man standing next to a clock", "12015-pesaro1.jpg": "a painting of a bird on a tree branch", "33304-stilfish.jpg": "a table with a pot and a pot on it", "42479-townhill.jpg": "a scenic view of a body of water", "10270-03juris1.jpg": "a man sitting in a chair reading a book", "05792-dutchint.jpg": "a black and white photo of a woman in a room", "30863-keys.jpg": "a large group of people standing in front of a building", "36036-storm.jpg": "a group of people standing on top of a beach", "23743-queenann.jpg": "a woman wearing a hat and a hat", "03215-virgin_c.jpg": "a group of people sitting on top of a bed", "34646-washerw.jpg": "a group of people sitting on the side of a building", "43177-self_da.jpg": "a woman sitting on a couch holding a stuffed animal", "38497-artemisi.jpg": "a woman in a dress is holding a glass", "32641-goatherd.jpg": "a man standing next to a couple of horses", "40018-brothe01.jpg": "a man standing next to a woman in a room", "29194-04munkac.jpg": "a group of people standing around a table", "18815-turkish1.jpg": "a group of people standing around a living room", "08039-port_man.jpg": "a man is wearing a tie and smiling", "21548-portrait.jpg": "a man with a beard and a beard", "08214-campidog.jpg": "a group of people walking around a stone building", "20135-selfpor.jpg": "a close up of a person wearing a tie", "30701-trinita.jpg": "a group of people standing next to a building", "13224-immacula.jpg": "a woman in a blue and white dress with a stuffed animal", "43796-201peace.jpg": "a group of people sitting on the side of a river", "38089-river_la.jpg": "a large building with a large boat in it", "00938-60bosco.jpg": "a group of people standing in front of a building", "18309-1108grec.jpg": "a group of cows standing next to each other", "09938-charity.jpg": "a couple of people that are in a room", "37306-foglian1.jpg": "a statue of a man on a horse statue", "08246-22oldtes.jpg": "a close up of an elephant statue in front of a building", "11083-mosque.jpg": "a group of people standing next to a stone building", "17169-1asylu02.jpg": "a close up of a bunch of colorful flowers", "22805-outing.jpg": "a group of people riding horses down a street", "23993-6sebasti.jpg": "a statue of a statue in front of a building", "24379-bard.jpg": "a picture of a mountain with a mountain in the background", "31965-06madonn.jpg": "a group of people standing next to each other", "08433-evening.jpg": "a group of people sitting around a horse statue", "39789-14franci.jpg": "a man wearing a hat and a tie", "05672-winter.jpg": "an old photo of two people sitting on a horse", "23129-2chapte5.jpg": "a statue of a woman standing next to a statue", "37097-predell2.jpg": "a group of people sitting around a table", "03044-09mucius.jpg": "a group of people standing around a building", "43774-09loveso.jpg": "a group of people riding on the back of a elephant", "39423-2martmar.jpg": "a group of people sitting in a room", "42987-3love2.jpg": "a group of people sitting in a room", "33419-63newtes.jpg": "a couple of women standing next to each other", "20889-port_wom.jpg": "a couple of women standing next to each other", "35973-river_la.jpg": "a group of people standing next to a river", "06085-spinner.jpg": "a woman sitting in a chair next to a teddy bear", "42774-2altar.jpg": "a group of people sitting on top of a building", "13930-z_nude.jpg": "a small elephant sleeping on top of a bed", "40031-brothe14.jpg": "a painting of a bird on the side of a building", "35293-adorati1.jpg": "a group of people sitting around a building", "07763-30return.jpg": "a group of people standing in front of a building", "02764-eccehomo.jpg": "a group of people standing next to each other", "11665-stlucy.jpg": "a painting of a woman standing in front of a building", "40155-susanna.jpg": "a group of people standing next to each other", "41312-01madonn.jpg": "a black and white photo of a vase and a mirror", "24073-3sposi04.jpg": "a picture of a woman and a dog", "13558-1view.jpg": "a group of people standing in front of a stone building", "37675-basketgr.jpg": "a bunch of fruits and vegetables on a table", "40340-1green.jpg": "a painting of a painting of a man and a woman", "25206-roudnice.jpg": "a man sitting on a bed with a baby", "07914-head_man.jpg": "a close up of a person in a dark room", "36714-paulvirg.jpg": "a group of people with a dog on a boat", "43703-selfport.jpg": "a statue of a man in a leather jacket", "33336-2descent.jpg": "a group of people sitting on top of a bed", "26350-portarti.jpg": "a couple of people that are sitting down", "17237-5portra5.jpg": "a statue of a man wearing a blue shirt and tie", "24644-grabow1.jpg": "a group of people sitting on top of a brown horse", "08979-01mill.jpg": "a couple of boats that are sitting in the water", "30051-1lauren2.jpg": "a group of people standing around a building", "41404-14ufres4.jpg": "a statue of a man standing next to a wall", "43855-deadpart.jpg": "a black cat standing on top of a rock", "00835-01_nolim.jpg": "a painting of a woman standing next to a woman", "44182-shipwrec.jpg": "a couple of boats that are in the water", "09664-1stufa2.jpg": "a room with a painting on the wall", "15801-stillife.jpg": "a table topped with lots of fruits and vegetables", "19752-marshy.jpg": "a tree in the middle of a field", "21736-lady_red.jpg": "a woman in a red dress standing next to a window", "22378-oratory.jpg": "a group of people standing next to a building", "38105-vanitas.jpg": "an image of a doll sitting on a table", "09368-haywain.jpg": "a small dog in a boat near a river", "11078-l_halles.jpg": "a crowd of people standing in front of a castle", "16338-vice_3.jpg": "a black and white photo of a woman in a dress", "32108-olinda.jpg": "a view of a building with a sky background", "08019-juan.jpg": "a woman wearing a black jacket and black jacket", "39605-31matthe.jpg": "a man with a beard and a beard", "31855-moscow.jpg": "a small child standing in front of a church", "08037-leblond.jpg": "a close up of a person holding a piece of food"}