{"13099-terrace.jpg": "a group of people sitting on top of a red couch", "14648-nobili.jpg": "a group of people standing next to each other", "20273-consacra.jpg": "a statue of a man standing next to a building", "36744-rape_eur.jpg": "a group of people in a room with some animals", "03143-emperor.jpg": "a statue of a man standing next to a chair", "24049-2sposi01.jpg": "a large building with statues and statues on it", "14696-01conver.jpg": "an old photo of two women and a woman", "10273-04donor2.jpg": "a man in a white shirt and a tie", "04493-still_li.jpg": "a bowl of fruit sitting on top of a table", "22554-0view.jpg": "a large clock in the middle of a building", "38042-goethe.jpg": "a man in a black jacket holding a newspaper", "13496-zodiac01.jpg": "a group of people standing in front of a building", "43957-2luke.jpg": "a man holding a teddy bear in front of a building", "30306-ideal_la.jpg": "a group of people standing next to a stone building", "39811-09philip.jpg": "a statue of a man sitting on a bench", "23773-family.jpg": "a couple of people sitting on top of a chair", "32959-03sisti.jpg": "a group of people sitting on top of a bed", "26538-01_0bay1.jpg": "a building with statues and statues on it", "16937-monfor.jpg": "a group of people standing next to each other", "15387-girlshep.jpg": "a woman with a hat on her head", "02945-stillife.jpg": "a table filled with lots of fruits and vegetables", "15228-2cupid_p.jpg": "a woman in a dress and a woman", "18198-0204grec.jpg": "a statue of a woman standing next to a statue", "20979-portfami.jpg": "a group of people standing in front of a window", "02884-apotheos.jpg": "a group of people standing around a pile of food", "30245-9lucreti.jpg": "a group of people laying on top of a bed", "42757-4convers.jpg": "a group of people standing next to each other", "44677-prince_e.jpg": "a man in a suit and tie standing in the dark", "16804-1cavall.jpg": "a large cathedral with a clock on the wall", "03750-010jerom.jpg": "a person sitting on the ground next to an elephant", "29668-port_wom.jpg": "a woman holding a knife in her hand", "05538-nastag2.jpg": "a statue of a horse and some trees", "26687-10_5bn4.jpg": "a statue of a dog sitting on top of a wall", "16990-nuenen05.jpg": "a black and white photo of a person standing in a field", "17967-06monte1.jpg": "a large clock on the side of a wall", "26335-manwomax.jpg": "a group of people sitting in a room", "22432-stillife.jpg": "a bowl of fruit on a wooden table", "19667-bridge2.jpg": "a statue of a building in front of a building", "16780-1south1.jpg": "a group of people standing around a large elephant", "04861-1boilly.jpg": "a group of people sitting next to each other", "33529-40portrd.jpg": "a man wearing a hat and a black hat", "16478-10madonn.jpg": "a couple of women standing next to each other", "35869-studio.jpg": "a group of people sitting around a table", "30307-interio.jpg": "a large cathedral with people walking around it", "14536-hylasnym.jpg": "a group of people sitting on a beach", "14023-1zenob09.jpg": "a woman standing in front of a building", "19105-14nojonk.jpg": "a group of people standing next to each other", "24834-virgin_c.jpg": "a group of people standing next to each other", "35884-gamestil.jpg": "a dog that is laying down on a table", "26612-03_5ne.jpg": "a woman sitting on top of a wooden chair", "09613-allegory.jpg": "a group of people riding on the backs of elephants", "10596-children.jpg": "a group of children standing next to a cow", "19778-archduke.jpg": "a man sitting on top of a wooden chair", "21336-countess.jpg": "a woman sitting on a bed reading a book", "19867-6lady.jpg": "a woman wearing a hat holding a small bird", "21354-cakesell.jpg": "a man standing next to a bunch of people", "35051-card_pla.jpg": "a group of people sitting around a table", "40901-12annunc.jpg": "a painting of a woman standing next to a mirror", "34114-padua1.jpg": "a room with a painting on the wall", "12001-circe_me.jpg": "a couple of women sitting on top of a couch", "00993-company.jpg": "a group of people sitting next to each other", "27090-peasant.jpg": "a man sitting on a couch holding a brown bear", "03031-02altar2.jpg": "a group of people standing next to each other", "03798-080madon.jpg": "a woman sitting on a bench next to a woman", "39098-080rina2.jpg": "a group of people standing next to a stone wall", "04185-winterla.jpg": "a large group of people standing in front of a castle", "07601-59jerome.jpg": "a man sitting on a bench with a guitar", "21953-0monalis.jpg": "a young woman is sitting on a chair", "43847-peacock.jpg": "there is a horse that is on the ground", "26240-annibald.jpg": "an old photo of a man wearing a suit and tie", "44366-landpeas.jpg": "a group of people standing next to a stone building", "18484-portwill.jpg": "a man with a beard and a tie", "12320-8london1.jpg": "a painting of a clock on the side of a building", "35388-21religi.jpg": "a man sitting on a bench next to a woman", "04143-marketsr.jpg": "a church with people walking and horses and horses", "40239-rovere_4.jpg": "a group of people standing next to a statue", "10992-301david.jpg": "a man sitting down reading a book", "38764-deesis3.jpg": "a painting of a man standing next to a tree", "42649-351seat.jpg": "a woman standing in front of a fireplace", "20080-02hooch.jpg": "a group of people sitting around a building", "07955-triptyc2.jpg": "a picture of a woman on a mirror", "15372-madonnac.jpg": "a woman standing in front of a clock", "22942-09ridott.jpg": "a woman in a white dress is sitting on a bed", "21400-judith.jpg": "a man sitting on a bed with a dog", "36648-dianacte.jpg": "a group of people standing on top of a stone wall", "30009-lottery.jpg": "a group of people standing outside of a building", "14941-6pould11.jpg": "a statue of a man with an umbrella", "28495-early04.jpg": "a couple of people riding on the back of a horse", "04598-medici3.jpg": "a close up of a bunch of fruit in a tree", "42700-landbath.jpg": "a group of people standing around a body of water", "03271-trustgod.jpg": "a statue of a woman sitting in a chair", "30375-charles3.jpg": "a group of people standing around in a museum", "04215-breton2.jpg": "a painting of a man standing next to a woman", "40003-1misc05.jpg": "a man sitting at a table with a plate of food", "16351-02scenes.jpg": "a painting of a dog sitting on top of a painting", "14787-bearded.jpg": "a man with a beard and a green hat", "09310-twinsons.jpg": "a little girl standing next to a little girl", "21609-mytholo3.jpg": "a group of kids playing with a bird", "32070-cremona9.jpg": "a group of people standing next to each other", "41405-14virgin.jpg": "a painting of a man sitting next to a clock", "20176-aragon.jpg": "a picture of a woman sitting on a table", "44127-navyacht.jpg": "a sailboat that is floating in the water", "35448-79relig.jpg": "a large group of people in a room", "20277-saints.jpg": "a couple of people standing next to each other", "32808-36montef.jpg": "a woman wearing a black hat and a black hat", "27153-lute.jpg": "a woman in a red jacket holding a tennis racket", "39321-3pilate.jpg": "a statue of a man standing next to a statue", "35307-rossau1.jpg": "a large painting on a wall in a room", "00350-judith_p.jpg": "a couple of people standing next to each other", "30277-3nichola.jpg": "a painting of a man standing next to a building", "19058-rambler.jpg": "a woman standing in front of a building holding an umbrella", "05396-studio1.jpg": "a group of people standing around a fire place", "39998-4misc02.jpg": "a group of people standing next to each other", "21257-calling.jpg": "a group of people standing next to each other", "10124-15jerome.jpg": "a man with a bag and a dog", "05596-09crucif.jpg": "a painting of a man standing next to a statue", "14700-02wife.jpg": "a woman is standing in the dark looking at the camera", "33475-07mythom.jpg": "a dog that is jumping in the air", "31040-virgin_c.jpg": "a woman holding a baby in her arms", "09808-virgin_c.jpg": "a woman sitting on a chair with a teddy bear", "30296-old_city.jpg": "a blurry photo of a city street at night", "00941-70lastju.jpg": "a large group of people in a store", "19398-crab.jpg": "a table topped with a table with a table cloth", "05063-annuncia.jpg": "a woman standing next to a painting on a wall", "04627-cabinet.jpg": "a room that has a painting on the wall", "09851-courb113.jpg": "a couple of people that are laying down", "20993-portman.jpg": "a man wearing a white shirt and a white shirt", "41143-virgin.jpg": "a man holding a baby on a bed", "41492-1view3.jpg": "a living room with wooden floors and wooden floors", "13138-dream.jpg": "a dog laying on the ground next to a tree", "03502-extasy.jpg": "a black and white photo of a group of people", "09546-corot02.jpg": "a man in a suit sitting in a chair", "28850-noah.jpg": "a group of people standing around a man", "02958-dreamjos.jpg": "a group of people sitting on top of a wall", "13992-family.jpg": "a group of people sitting around a table with a dog", "20774-vendor.jpg": "two people standing next to a stone wall", "16789-3east.jpg": "a large building with a painting on the wall", "43145-turkish.jpg": "a woman in a leather jacket and tie", "23335-02young.jpg": "a woman wearing a hat and a striped shirt", "16533-baptist.jpg": "a woman in a dress standing on a ledge", "25878-napoleo.jpg": "a man riding on the back of a horse", "38620-temptati.jpg": "a group of people sitting around a stone structure", "43838-deadhare.jpg": "a couple of animals that are on the ground", "20819-princess.jpg": "a woman standing next to a little girl", "29142-ideal_la.jpg": "a group of people that are on horses", "37228-00view2.jpg": "there is a painting of a woman and a dog", "38572-hustleca.jpg": "a group of people that are sitting down", "40359-1hawkwoo.jpg": "a statue of a horse and a statue", "02895-portlady.jpg": "a woman is holding a piece of hair", "07751-sophonis.jpg": "a woman sitting on a couch holding a bowl", "23352-13goldsm.jpg": "a couple of men standing next to each other", "26613-03_5nw.jpg": "a woman sitting on a bench with a dog", "07643-stigmata.jpg": "a man laying in bed with a dog", "43023-mad_john.jpg": "a group of people standing next to a statue", "43845-hunt5.jpg": "a painting of a man and a man and a cow", "05557-14dante.jpg": "a man sitting on top of a red couch", "16608-venus_ce.jpg": "a group of people sitting on top of a bed", "06009-parents.jpg": "a black and white photo of a man", "24270-life1.jpg": "a painting of a man and a woman and a dog", "44674-borbone.jpg": "a man sitting on a couch with a dog", "37936-dissolu.jpg": "a group of people sitting around a living room", "14977-tahiti23.jpg": "a painting of a woman and a woman sitting on a bed", "05716-04beach.jpg": "a group of people standing next to a bunch of rocks", "44181-river_sc.jpg": "a group of people riding on the backs of horses", "34110-05repin.jpg": "a group of people standing around a table", "39559-pasture.jpg": "a couple of goats standing next to a forest", "32429-1valle1.jpg": "a large clock mounted to the side of a building", "43989-3crucifi.jpg": "a woman in a red dress holding a sign", "00421-1view.jpg": "a large room with a stone wall and a stone building", "10613-valkhof.jpg": "a dog laying on the side of a river", "10194-adamev05.jpg": "a man in a bathing suit holding a donut", "18055-07scene.jpg": "a group of people and horses in a store", "31695-paris05.jpg": "a group of people standing in front of a building", "29306-314muril.jpg": "a group of people that are sitting down", "06185-02right1.jpg": "a group of people standing next to each other", "10723-wooded.jpg": "a group of people riding horses in a field", "43578-2fortun.jpg": "a group of people sitting next to each other", "18352-1503grec.jpg": "a man in a black jacket and a red tie", "42680-emigres.jpg": "a group of people on a beach with horses", "37803-manett04.jpg": "a man wearing a hat and a hat", "17209-copies01.jpg": "a little boy sitting next to a painting on a wall", "26222-1altar5.jpg": "a painting of a woman standing next to a painting", "31983-1depos.jpg": "a group of people standing next to each other", "12391-gerard.jpg": "a black and white photo of a woman in a dress", "40013-2mouli09.jpg": "a painting of a man standing next to a wall", "04582-shephers.jpg": "a woman wearing a hat and a hat", "42333-frozenca.jpg": "a black and white photo of people walking a dog", "28444-extensiv.jpg": "a group of people standing on top of a lush green field", "15733-madonna.jpg": "a group of young people sitting next to each other", "11977-1repeta3.jpg": "a man laying in bed with a stuffed animal", "38097-elements.jpg": "a cat that is standing next to a bowl", "32989-2animals.jpg": "a group of animals that are on a wall", "05032-femminie.jpg": "a couple of people standing next to each other", "09306-ex_birds.jpg": "a group of birds that are standing on the ground", "06252-nolime.jpg": "a couple of women standing next to each other", "29192-02munkac.jpg": "a black and white photo of a group of people", "38925-05berga2.jpg": "a group of people standing around a statue", "08559-3lands06.jpg": "a painting of a painting of a painting of a tree", "29439-women.jpg": "a group of people are sitting on a bench", "16669-1miniatx.jpg": "a woman standing on top of a wooden bench", "34009-1renoi101.jpg": "a young woman is sitting on a bed", "07829-matthew.jpg": "a group of people standing in front of a building", "17732-301goya.jpg": "a woman standing in a room holding a plate", "20267-indiaman.jpg": "a group of boats that are sitting in the water", "25164-marymag1.jpg": "a woman in a red dress holding a cell phone", "10509-candele3.jpg": "an old photo of a woman in a dress", "10111-16virgin.jpg": "a woman sitting on a couch with a teddy bear", "29533-seductio.jpg": "a couple of women sitting next to each other", "04128-woman_lu.jpg": "a woman is sitting on a couch in a room", "28605-2vario11.jpg": "a painting of a man sitting in a garden", "17559-17portra.jpg": "a young man sitting in a chair holding a fork", "17028-flower01.jpg": "a painting of flowers in the water", "05001-horsefai.jpg": "a large group of horses walking across a dirt road", "13032-brazense.jpg": "a group of people standing next to each other", "38030-vagrancy.jpg": "a group of people standing around a building", "17067-paris17.jpg": "a group of people walking down a dirt road", "35295-allegory.jpg": "a group of people sitting in a room", "26620-07_5ne.jpg": "a statue of a man sitting on a bench", "43240-zeuxis.jpg": "a group of people standing around a living room", "18386-1713grec.jpg": "a man with a beard and a white shirt", "18063-08scene.jpg": "a statue of a <unk> in a museum", "38903-00bagli1.jpg": "a painting of a bird on a wall", "31360-seasons2.jpg": "a group of people standing next to a mountain", "18202-0207gred.jpg": "a painting of a couple sitting on a bench", "35072-morris.jpg": "a couple of women sitting next to each other", "19502-2venus_c.jpg": "a couple of men standing next to each other", "16806-1cavall2.jpg": "a horse standing in front of a window", "05788-solomon.jpg": "a group of people standing next to a statue", "17302-selfpo29.jpg": "a close up of a man wearing a green hat", "04992-burial.jpg": "a group of people standing next to a building", "16336-vice_1.jpg": "a statue of a woman standing next to a statue", "07146-carita.jpg": "a large clock tower towering over a city", "03755-014cruci.jpg": "a couple of women standing next to each other", "12338-guardrox.jpg": "a group of people standing around a building", "05913-philosop.jpg": "a couple of women sitting next to each other", "08406-humility.jpg": "a painting of a woman standing next to a painting", "06307-chauncey.jpg": "a man in a black jacket sitting on a bed", "05597-10transf.jpg": "a painting of a woman and a dog", "35396-05resur2.jpg": "a couple of women standing next to each other", "09302-vanitas8.jpg": "a table topped with lots of different items", "25971-04notri.jpg": "a group of people standing in front of a building", "25132-virgin_m.jpg": "a couple of women standing next to each other", "26069-190portr.jpg": "a man in a black shirt and a black shirt", "32440-christ_g.jpg": "a group of people standing around a large elephant", "13525-chrysant.jpg": "a close up of a flower filled with flowers", "18417-2005grec.jpg": "a dog that is standing in front of a painting", "41130-darmsta1.jpg": "a group of people standing next to each other", "06278-kaags.jpg": "a group of boats floating on top of a body of water", "23920-fortunet.jpg": "a group of people standing around each other", "36514-holyfami.jpg": "a couple of people that are sitting down", "34658-louvre3.jpg": "a large building with statues on the wall", "17155-portra07.jpg": "a man in a suit and tie is smiling", "23741-fugger1.jpg": "a man wearing a hat and a hat", "19020-stillife.jpg": "a display of fruits and vegetables on a table", "26351-poultry.jpg": "a woman standing next to a dog in front of a building", "41463-judith.jpg": "a statue of a woman in a dress", "09481-cain.jpg": "a group of people that are on a beach", "24305-08marko.jpg": "a group of people in boats on a river", "38675-concer.jpg": "a woman sitting on a bench in a room", "19046-satyr.jpg": "a close up of a person holding a flower", "29128-sodom.jpg": "a group of people standing next to a river", "32488-rocca.jpg": "a wall with a bunch of pictures on it", "09348-holytrin.jpg": "a group of people standing next to a painting", "28712-st_peter.jpg": "a statue of a man holding a cigarette", "03180-landscap.jpg": "a couple of people standing on top of a beach", "28535-3variou4.jpg": "a black and white photo of a body of water", "22959-26mounte.jpg": "a group of people standing around in a room", "26355-v_market.jpg": "a group of people standing around a pile of food", "23911-virgin_c.jpg": "a couple of people that are sitting down", "33447-11oldtes.jpg": "a group of people sitting on the back of a car", "12312-6perugia.jpg": "a statue of a woman sitting on a <unk>", "31977-141salvi.jpg": "a man and a child standing next to each other", "31053-madchild.jpg": "an old photo of a woman holding a baby", "33515-20portra.jpg": "a man in a leather jacket and a black jacket", "23185-22monaco.jpg": "a statue of a man sitting on a bench", "22982-soap_bub.jpg": "a group of people sitting around a table", "08158-martyrdo.jpg": "a black and white photo of a group of people", "39826-4paul3.jpg": "a couple of men standing next to each other", "21885-geoffrix.jpg": "a large group of people sitting in a room", "35125-woodland.jpg": "a group of people laying on top of some rocks", "34977-01gallia.jpg": "a statue of a man standing next to a statue", "18369-1604grec.jpg": "a close up of a person on a horse", "22987-diana_ny.jpg": "a group of people sitting around a group of horses", "26076-22sorrow.jpg": "a man in black shirt holding up his hand", "11527-oriental.jpg": "a man wearing a hat and a hat", "23458-nursing.jpg": "a woman sitting on a chair next to a baby", "29312-young_g.jpg": "a woman sitting next to a little boy", "19906-04cleves.jpg": "a person wearing a hat and tie", "41693-06adorat.jpg": "a group of people standing around a building", "32211-16baccha.jpg": "a group of people are sitting on the ground", "34064-3renoi12.jpg": "a woman in a dress standing next to a woman", "08846-02baptis.jpg": "a couple of people standing on a beach", "34915-08englis.jpg": "an old painting of a painting of a painting of a painting", "11189-1880s_09.jpg": "a close up of an elephant with trees in the background", "09665-1stufa3.jpg": "a group of people sitting on top of a elephant", "36828-visitati.jpg": "a couple of women standing next to each other", "34430-art_wife.jpg": "a woman standing next to a wooden fence", "16529-washfeet.jpg": "a group of people sitting around a wooden table", "08528-1lands02.jpg": "a tree in front of a large body of water", "16572-2south.jpg": "a large building that has a painting on it", "13704-fresco30.jpg": "a statue of a man sitting on top of a horse", "16362-15figure.jpg": "a painting of a man and woman in a picture", "18331-1305grec.jpg": "a statue of a man sitting on a horse", "07688-sketch.jpg": "a group of people in a room with a bear", "42817-4cather1.jpg": "a large group of people sitting in a room", "24139-4funera3.jpg": "a group of people sitting next to each other", "40048-cabare14.jpg": "a statue of a man sitting in front of a wall", "27089-fishmong.jpg": "a woman sitting in front of a wooden table", "43170-marquise.jpg": "a group of young girls sitting on a couch", "13965-malpaga.jpg": "a building with a stone wall and a stone wall", "13780-parable2.jpg": "a group of people standing next to each other", "08701-coronati.jpg": "a painting of a woman in a <unk>", "11124-early15.jpg": "a statue of a woman eating a colorful flower", "00621-09tolent.jpg": "a statue of a man on a horse", "04835-stillife.jpg": "a large white elephant sitting on top of a couch", "13662-stpeter.jpg": "a statue of a man standing next to a statue", "31438-08mantu1.jpg": "a group of people standing around a building", "17928-viewnijm.jpg": "a large building with a large building in the background", "11422-vil_fair.jpg": "a large group of people and cows on a dirt road", "10703-aftersto.jpg": "a dog is sitting on a rocky cliff", "11646-2scene45.jpg": "a group of people standing in front of a building", "37332-battlesc.jpg": "a painting of a painting on the side of a wall", "20481-portyman.jpg": "a close up of a person wearing a red hat", "15369-assumpti.jpg": "a group of people standing next to each other", "09264-age_life.jpg": "a small child is in the water with a boat", "39052-3ariost41.jpg": "a group of people sitting on top of a bed", "04559-yosemite.jpg": "a mountain with a mountain in the background", "13630-07ferenc.jpg": "a man standing next to a statue of a man", "39356-12elijah.jpg": "a black and white photo of a man and a dog", "24889-triptyc1.jpg": "a picture of a woman in a picture", "19201-70portma.jpg": "a man in a suit and tie with a purse", "33566-095portr.jpg": "a woman standing in front of a mirror", "44141-harbour.jpg": "a group of people standing next to a stone building", "32456-standrew.jpg": "a statue of a person sitting on a bench", "34281-5repudia.jpg": "a group of people standing next to each other", "38969-112carmi.jpg": "a group of people sitting on top of a wall", "40893-04virgin.jpg": "a woman in a red dress sitting on a bed", "29852-calvary.jpg": "a group of people standing in a room", "37326-1orsini.jpg": "a statue of a man in a <unk> costume", "11204-1880s_23.jpg": "an elephant with a hat on its head", "42442-winterla.jpg": "a group of people standing in front of a tree", "10287-03young1.jpg": "a man wearing a black hat and a black hat", "09764-2april_.jpg": "a large group of people standing in front of a building", "34360-s_marco.jpg": "a large body of water with lots of boats", "17112-3arles26.jpg": "a brown vase with a flower on top of it", "04767-clasland.jpg": "a group of people sitting on top of a lush green hillside", "01107-portrai.jpg": "a close up of a person wearing a hat", "25906-stillbox.jpg": "a table with a glass and a wine glass", "38511-2coral_f.jpg": "a black and white photo of a group of people", "12496-10tucher.jpg": "a woman wearing a hat and a hat", "29724-portgent.jpg": "a woman standing next to a pile of shoes", "26254-selfporx.jpg": "a woman wearing a red shirt and a tie", "35288-russgirl.jpg": "a close up of a person wearing a green hat", "20975-still_li.jpg": "a table topped with lots of fruits and vegetables", "33926-vanitas.jpg": "a large statue of a man sitting on top of an elephant", "00837-03_annu.jpg": "a statue of a man standing in a building", "03250-landsca2.jpg": "a view of a mountain with a dog on it", "04258-selfpor3.jpg": "a close up of a person with a tie", "29293-302muril.jpg": "two women sitting on a couch with flowers in the background", "39286-1mark.jpg": "a group of people standing in front of a building", "24662-vir_dolo.jpg": "a couple of women standing next to each other", "34638-petersqu.jpg": "a group of people walking past a fountain", "42528-portrai2.jpg": "a woman in a white dress standing next to a dog", "17172-1asylu05.jpg": "a painting of a mural painted on a wall", "26218-1altar1.jpg": "a woman in a dress and a blue dress", "24007-zeno11.jpg": "a statue of a man standing next to a woman", "10471-sacrame2.jpg": "a black and white photo of a man in a room", "04865-chevrier.jpg": "a woman in a white dress and a woman in a dress", "44618-cantu2.jpg": "a man in a leather jacket holding a cell phone", "39469-07oldte1.jpg": "a couple of people standing next to each other", "05624-tobias.jpg": "a group of people standing next to each other", "17562-20portra.jpg": "a woman sitting in a room with a statue", "10242-2lucret1.jpg": "a woman wearing a purse holding a tie", "41111-12george.jpg": "a group of people standing in front of a building", "12220-pre_f_6x.jpg": "a man standing next to a wooden wall", "34992-14clemen.jpg": "a painting of a man in a santa costume", "22613-00portr2.jpg": "a woman is sitting on a wooden bench", "10185-3samson3.jpg": "a small child is sitting on a teddy bear", "35631-01sketcj.jpg": "a painting of a woman sitting on a <unk>", "09803-sebastia.jpg": "a man in a shirt holding a tie", "31842-sinecere.jpg": "a couple of people that are in the sand", "31426-03laure.jpg": "a large building with many statues and statues", "35705-f_stream.jpg": "a large tree in the middle of a forest", "11997-apollo.jpg": "a man is standing in front of a wall", "17298-selfpo25.jpg": "a close up of a stuffed animal in a cage", "14061-in_cafe.jpg": "a black and white photo of a man wearing a hat", "23829-2manet08.jpg": "a group of men standing next to each other", "17792-611goya.jpg": "a woman sitting in a chair with a cell phone", "12119-marius.jpg": "a couple of men standing next to each other", "13990-apollo.jpg": "a group of people standing around a group of people", "16001-00view.jpg": "a large cathedral with a large cathedral in it", "43367-virgin_c.jpg": "a man sitting on a couch next to a teddy bear", "19793-election.jpg": "a group of people sitting on the side of a building", "14449-213fried.jpg": "a couple of people standing next to a tree", "21954-1monali.jpg": "a woman is sitting on a couch with a umbrella", "19767-woodedlb.jpg": "a group of horses standing on top of a grass covered field", "13275-porthunt.jpg": "a woman standing next to a dog with a dog", "20940-sewing.jpg": "a woman sitting on a chair in front of a window", "44490-stillif1.jpg": "a wooden table topped with lots of fruits and vegetables", "18621-2view3r.jpg": "a painting of a man sitting on top of an elephant", "14129-don_juan.jpg": "a statue of a man standing next to a statue", "26110-31tlove.jpg": "a woman standing next to a group of cows", "34198-st_paul.jpg": "a man is holding a book in his hand", "40394-6hunt.jpg": "a group of people standing around a group of horses", "42692-cascade.jpg": "a group of people standing on top of a beach", "39539-badnews.jpg": "a couple of women sitting on top of a table", "40818-peyster.jpg": "a little girl in a dress holding a tie", "35276-eccepuer.jpg": "a close up of a bear in a window", "17803-707goya.jpg": "a man wearing a tie and a tie", "27104-old_man.jpg": "a man sitting in a chair reading a newspaper", "17036-flower09.jpg": "a vase of flowers sitting on a table", "11381-conversa.jpg": "a group of people standing in front of a church", "38415-turban.jpg": "a woman holding a flower in her hand", "24036-0sposi5.jpg": "an old building with a fireplace and a fireplace", "00456-girlport.jpg": "a close up of a person with a hair dryer", "44306-solomon.jpg": "a man and a woman standing next to each other", "43027-tobias.jpg": "a statue of a woman sitting on a statue", "33453-17oldtes.jpg": "a man sitting on a bench next to a man", "16340-vice_5.jpg": "a statue of a woman in a white dress", "44350-2horses.jpg": "a group of horses running across a field", "20499-stjerome.jpg": "a group of people standing next to each other", "42669-manglove.jpg": "a man wearing a hat and tie holding a <unk>", "06235-young_ma.jpg": "a man wearing a hat and holding a cane", "29933-violin_p.jpg": "a group of people that are sitting down", "34831-stillife.jpg": "a table with a vase and vases on it", "13190-cupid.jpg": "an old photo of a woman with a surfboard", "13434-3mohren1.jpg": "a man in a suit and tie wearing a hat", "30208-0selfpor.jpg": "a man laying on a couch with a dog", "03081-achilles.jpg": "a woman sitting on the ground next to a tree", "20448-pom_occo.jpg": "a man in a hat holding an umbrella", "38917-032udine.jpg": "a large building with statues and statues", "26083-25notri2.jpg": "a man standing next to a woman in a dress", "21554-stillife.jpg": "a glass bowl filled with lots of fruit", "43751-00acount.jpg": "a group of people standing next to each other", "05272-st_julia.jpg": "a statue of a man in a costume", "25932-angel4.jpg": "a close up of a person wearing a costume", "35045-beach.jpg": "a group of people standing on top of a grass covered field", "30368-poppy.jpg": "a woman in a dress sitting next to a woman", "18760-guard302.jpg": "a large stone building with a clock tower", "12955-1virgin.jpg": "a young boy holding a book in his hand", "05074-allegory.jpg": "a group of people sitting on a couch", "34690-grif_06.jpg": "a woman standing in front of a mirror", "44265-protestc.jpg": "a group of people sitting around a building", "17157-portra09.jpg": "a statue of a man holding a cake", "40924-15virgin.jpg": "a woman sitting on a couch next to a baby", "20028-peacocks.jpg": "a bunch of birds are sitting on the ground", "13353-u2singi.jpg": "a group of people standing next to each other", "16549-altar6.jpg": "a group of people standing in front of a painting", "42514-student.jpg": "a woman sitting in front of a stack of books", "17031-flower04.jpg": "a painting of flowers and flowers in a pond", "36020-mysticma.jpg": "a picture of a woman in a picture", "05695-the_mil.jpg": "an old building with a house on it", "30519-rockylan.jpg": "a woman sitting on the ground next to a tree", "36110-allegory.jpg": "a group of people sitting in a room", "33544-65portra.jpg": "a black and white photo of a man and woman", "06795-2lastju1.jpg": "a stone wall with a painting on it", "25207-adorati.jpg": "a group of people standing next to each other", "30606-2mira04.jpg": "a picture of a woman and a woman", "21144-heroicla.jpg": "a group of people standing next to a river", "15223-vision.jpg": "a couple of people that are sitting on a couch", "35046-torrent.jpg": "a mountain with a mountain in the background", "10876-algeria.jpg": "a group of people standing next to a stone wall", "00461-selfport.jpg": "a close up of a person wearing a tie", "10309-04luthe2.jpg": "a couple of men standing next to each other", "17422-unequal.jpg": "a couple of women sitting next to each other", "34247-landsca1.jpg": "a horse standing in a field next to a tree", "24938-bielefe.jpg": "a group of people standing in a store", "42326-amuseice.jpg": "a group of people walking down a street", "22489-2appari.jpg": "a group of people standing next to each other", "28551-argent11.jpg": "a large body of water next to a bridge", "21304-07hurdyg.jpg": "a man sitting on the floor with a guitar", "44607-5vestib.jpg": "a painting of a painting on the side of a wall", "06178-02left1.jpg": "a statue of a woman standing in front of a building", "29180-4resurr.jpg": "a group of people sitting on a bench", "42893-1view0.jpg": "a room that has a painting on the wall", "26171-1bay.jpg": "a large building with a painting on it", "17243-auvers03.jpg": "a plant in the middle of a tree", "04717-landemma.jpg": "a group of people standing next to a building", "28699-flowers2.jpg": "a bouquet of flowers sitting on a table", "35691-land_vil.jpg": "a large tree in the middle of a field", "26184-polypty2.jpg": "a man standing in front of a clock tower", "23451-jerome.jpg": "a man sitting on a couch holding a remote", "03468-3interix.jpg": "a large building with people walking around it", "12261-verso09.jpg": "a group of people standing in front of a building", "24907-francis2.jpg": "a painting of a painting on the wall of a building", "00132-dogstudy.jpg": "a bunch of animals that are in a room", "30357-polypti1.jpg": "a statue of a woman standing in a dress", "23793-anthony2.jpg": "a group of people standing next to each other", "01101-man_port.jpg": "a man wearing a black shirt and black tie", "17188-3enviro3.jpg": "a statue of a man standing next to a tree", "03573-07reale.jpg": "a large room with a bunch of statues on it", "23559-abraham.jpg": "a man and a woman standing next to each other", "12412-forestla.jpg": "a tree in the middle of a field", "24888-manmercy.jpg": "a statue of a woman standing next to a statue", "18480-polonais.jpg": "a woman with long hair looking at the camera", "14408-lamentat.jpg": "a group of people standing next to each other", "15305-portlady.jpg": "a woman sitting on a couch holding a cell phone", "13040-entryjer.jpg": "a group of people riding on the back of a horse", "39262-3vision.jpg": "a statue of a man sitting on a horse", "27008-s_elena2.jpg": "a woman in a dress is reading a book"}