{"34312-maruce12.jpg": "a statue of a person with a horse in the air", "29421-marsolli.jpg": "a couple of people that are sitting down", "38040-amalie.jpg": "a woman in a red dress standing next to a wall", "31116-4vision1.jpg": "an old picture of a woman and a man", "18123-theorbo.jpg": "a man sitting at a table holding a piece of paper", "24555-26olona.jpg": "a large clock mounted to the side of a building", "03592-09ventur.jpg": "a group of people sitting on a window sill", "13085-dafilo.jpg": "a woman holding a baseball bat in her hand", "29806-studio.jpg": "a group of people sitting on a couch in a living room", "11633-sibyl.jpg": "a woman in a red coat holding a white object", "35359-01religi.jpg": "a group of people sitting on a wooden bench", "24591-st_anne1.jpg": "a picture of a painting on the wall", "26365-armyloui.jpg": "a group of people standing around a herd of horses", "22609-00madonn.jpg": "a little girl sitting on a wooden bench", "29634-kitchen.jpg": "a group of people sitting in a room", "15265-1030geri.jpg": "a man is holding a dog in his mouth", "11671-1east.jpg": "a group of horses are in a building", "26366-battle1.jpg": "a group of people riding horses in a field", "42361-zierikze.jpg": "a group of people sitting on top of a boat", "05944-christ.jpg": "a group of people riding on the backs of horses", "04943-virgin_c.jpg": "a woman holding a baby in a costume", "05083-portrai2.jpg": "a man in a black jacket and a tie", "27191-handelsk.jpg": "a large body of water with people riding horses", "32758-02solly.jpg": "a woman holding a baby in her arms", "19633-portlens.jpg": "a woman sitting on a bed next to a statue", "23922-tavern.jpg": "a group of people that are sitting down", "27144-ploos2.jpg": "a young man in a white jacket and glasses", "13060-sculls.jpg": "a person sitting on a boat in the water", "13035-crowning.jpg": "a group of people sitting on a bed", "28368-basket_p.jpg": "a bunch of apples sitting on top of a shelf", "31510-princess.jpg": "a man wearing a hat and a tie", "31159-8herac01.jpg": "a group of people standing in front of a building", "12485-10seven2.jpg": "a man riding on the back of a brown horse", "38893-main10.jpg": "a couple of people that are sitting on a couch", "23895-5late14.jpg": "a house that is sitting in front of a house", "22270-harbour.jpg": "a large stone building with a large rock in the background", "24587-lotdaugh.jpg": "a group of people that are sitting down", "00890-2scenes.jpg": "a group of people standing in front of a building", "08186-coronati.jpg": "a group of women sitting next to each other", "22956-23interi.jpg": "a couple of women standing next to each other", "07533-30conver.jpg": "a man riding on the back of a horse", "32435-antioch.jpg": "a woman in a dress is holding a bottle", "22914-catherin.jpg": "a young girl is sitting in front of a mirror", "35037-portrai1.jpg": "a man wearing a suit and tie standing next to a wall", "28925-portgent.jpg": "a man wearing a black jacket and black pants", "43167-genius.jpg": "a person with a stuffed animal on his head", "30059-5salzbu1.jpg": "a group of people standing around a statue", "36370-1anthony.jpg": "a group of people standing next to a large elephant", "42895-1view2.jpg": "the inside of a church with a large window", "07432-winter_n.jpg": "a man standing next to a body of water", "30593-brazen.jpg": "a group of people standing in front of elephants", "04393-dominic2.jpg": "a group of people standing around a building", "39088-07rezzo2.jpg": "a clock is displayed on a wall in a room", "04534-madsaint.jpg": "a picture of a woman standing next to a painting", "04494-still_lo.jpg": "a close up of a cake on a table", "43945-1deposit.jpg": "a group of men standing next to each other", "23019-gandara.jpg": "a man sitting in a chair holding a cell phone", "21951-5ceilin.jpg": "a fire hydrant spraying water from a fountain", "39068-5tasso3.jpg": "a woman standing in front of a window", "00710-arcadia1.jpg": "a group of people standing around a tree", "34192-jerome_b.jpg": "a man and a dog are playing with a remote", "29444-sistine.jpg": "a clock on the wall of a building", "00726-3mira.jpg": "a group of people sitting on top of a bed", "15213-franci.jpg": "a man laying in a bed with a dog", "01080-immacula.jpg": "a black and white photo of a group of children", "12228-pre_v_4.jpg": "a group of men standing next to a wooden boat", "02921-vessel.jpg": "a couple of boats that are sitting in the water", "38015-judith.jpg": "a group of people in a room with a dog", "38701-flutepla.jpg": "a man in a plaid shirt holding a cane", "03976-bello204.jpg": "a large building with people walking around it", "26338-pendant2.jpg": "a man standing next to a woman in a black dress", "38010-altarpie.jpg": "a picture of a man standing in front of a clock", "37714-stillif3.jpg": "a table topped with a bowl of fruit", "08089-lucretia.jpg": "a close up of a person with a pair of scissors", "02891-il_gesu1.jpg": "a clock is displayed on a wall in a room", "42176-p_martyr.jpg": "a man wearing a hat and hat holding a book", "42377-souda.jpg": "a couple of boats that are floating in the water", "17971-10madonn.jpg": "a group of people standing next to each other", "19546-imagport.jpg": "a group of people walking down a beach", "33396-16newtes.jpg": "a woman is sitting on the floor with a baby", "18695-1gods.jpg": "a large white vase with flowers in it", "00811-marco_p1.jpg": "a group of people standing next to each other", "18142-stella_p.jpg": "a group of people standing around a building", "09793-scene09.jpg": "a large group of people standing next to each other", "34039-2renoi20.jpg": "a close up of a person in a room", "14555-05nightm.jpg": "a black and white photo of a woman sitting on a couch", "03709-napoleon.jpg": "a group of people riding on the backs of horses", "06734-chieric1.jpg": "there is a painting on the wall of a building", "20573-company.jpg": "a group of people standing around a statue", "42481-flowers1.jpg": "a tennis racket and a basket of flowers", "10119-24virgin.jpg": "a woman holding a teddy bear in her hands", "15736-poseidon.jpg": "a group of people sitting on top of a table", "21282-cornelia.jpg": "a group of people standing in front of a building", "10637-peasants.jpg": "a black and white photo of a group of people", "19759-wat_mily.jpg": "a tree in the middle of a field", "35213-monnavan.jpg": "a woman is sitting on a bed with a stuffed animal", "19254-cupid.jpg": "a woman and a child are in the woods", "32824-37entom3.jpg": "a picture of a woman and a woman", "21139-sodring.jpg": "a man sitting in a chair holding a wooden board", "44746-silver.jpg": "a group of people standing next to each other", "18949-06poly.jpg": "a statue of a woman standing next to a building", "22149-charles.jpg": "a black and white photo of a group of people", "23851-3manet10.jpg": "a man sitting on a rock on a beach", "13589-wind.jpg": "a picture of a tree in the water", "34299-silenus.jpg": "a group of people standing around a statue", "10207-1paris4.jpg": "a group of women standing next to each other", "35969-landscap.jpg": "a man standing next to a large tree", "05871-chiswic1.jpg": "a large building with a building in the background", "15109-treejess.jpg": "a group of people standing around each other", "08197-holyfami.jpg": "a couple of people that are holding a teddy bear", "12994-portrman.jpg": "a man in a black jacket holding a white object", "35730-storm.jpg": "a black and white photo of a mountain range", "38479-stillife.jpg": "a table topped with lots of fruit and vegetables", "19428-vanitas.jpg": "a painting of a man standing next to a statue", "02993-mad_chil.jpg": "a group of people standing next to each other", "32754-02baron0.jpg": "a picture of a man and a woman", "19799-portr_yw.jpg": "a woman is sitting in the back of a car", "42695-coastal2.jpg": "a group of people standing next to a body of water", "33624-12sp1634.jpg": "a close up of a person wearing a hat", "30784-crucifix.jpg": "a group of people standing next to each other", "06512-08crippl.jpg": "a group of people sitting next to each other", "16341-vice_6.jpg": "a statue of a woman in a white dress", "34071-3renoi19.jpg": "a woman dressed in a costume holding flowers", "18287-1002grec.jpg": "a group of people standing next to each other", "34209-christop.jpg": "a couple of dogs laying on top of a couch", "42085-03immacu.jpg": "a group of people sitting in a room", "04754-vertemnu.jpg": "a couple of women standing next to each other", "18818-turkish4.jpg": "a man standing in front of a stone building", "23600-perseus1.jpg": "a woman is sitting in front of a mirror", "28577-2montge3.jpg": "a picture of a person holding a <unk>", "35044-woodland.jpg": "a dirt road next to a body of water", "13169-lamentat.jpg": "a group of people sitting on top of a building", "10020-rape_eur.jpg": "a group of people in a room with some animals", "37843-delazara.jpg": "a painting of a man standing in front of a clock", "22512-cruc_pet.jpg": "a group of people standing next to each other", "05443-14esther.jpg": "a group of people standing in front of a church", "39013-1hall1.jpg": "a large room with a chandelier and a chandelier", "42976-2music1.jpg": "a couple of women sitting on a boat", "43559-stilhunt.jpg": "a group of dogs laying on top of a table", "07555-38crowni.jpg": "a group of people that are sitting down", "04803-cremona1.jpg": "a painting of a woman sitting on a <unk>", "40120-geneva.jpg": "a scenic view of a field with trees in the background", "11474-david.jpg": "a woman laying in a bed with a cat", "32077-st_luke.jpg": "a man in a red shirt is holding a guitar", "23617-cross.jpg": "a close up of a person on a horse", "26523-2leda.jpg": "a person laying on a couch with a stuffed animal", "18091-1orsini.jpg": "a group of people standing in front of a building", "13329-25tripty.jpg": "a picture of a woman in a dress", "25903-sti_frui.jpg": "a bunch of different types of fruits and vegetables", "20133-mother_c.jpg": "an old woman sitting on a bed in a room", "03010-04adam1.jpg": "a statue of a man in a bathing suit", "37800-manett01.jpg": "a picture of a man and a woman", "24862-madonna.jpg": "a woman with a teddy bear in her hand", "38171-parkland.jpg": "a group of pigeons sitting on top of a table", "20041-03christ.jpg": "a group of people standing around a table", "41439-06galati.jpg": "a statue of a woman in a dress", "29958-cut_pig.jpg": "an image of a cow standing in front of a tree", "08550-2figure2.jpg": "a group of men sitting next to each other", "37090-lamentat.jpg": "a group of people standing next to a building", "20878-musical.jpg": "a group of people standing around each other", "10628-river_la.jpg": "a group of cows that are standing in the dirt", "11624-landsca3.jpg": "a group of people and horses in a field", "28490-village1.jpg": "a group of people standing next to each other", "36551-altar1c.jpg": "a group of people standing around a building", "05736-stillif1.jpg": "a bunch of apples sitting on top of a table", "22586-4jpieta1.jpg": "a statue of a couple sitting on a bench", "42908-2wall1.jpg": "a group of birds sitting on top of a stone wall", "14735-cer_bowl.jpg": "a close up of a bowl of fruit", "19459-garland.jpg": "a woman with a dog and a christmas tree", "20287-stillify.jpg": "a wooden table topped with lots of fruits and vegetables", "15145-adormag0.jpg": "a clock is shown in front of a building", "29722-anthony.jpg": "a woman sitting next to a baby on a bed", "34366-venice.jpg": "a group of boats floating in a body of water", "08571-1variou1.jpg": "a large stone wall with a tree in it", "32581-07self.jpg": "a man in a suit and tie with a smile", "29126-househol.jpg": "a group of people sitting around a table", "20457-couple_r.jpg": "a dog laying in front of a door", "11313-501delac.jpg": "a painting of a man sitting on top of a painting", "12513-3paumg3.jpg": "a statue of a man sitting on a horse", "14012-h_family.jpg": "a couple of women standing next to each other", "13882-receptio.jpg": "a group of people riding horses down a street", "15190-judith.jpg": "a couple of women sitting on a couch", "32756-02baron2.jpg": "a woman in a brown dress and a red shirt", "12363-tivoli2.jpg": "a large tree in the middle of a forest", "03878-166portr.jpg": "a statue of a man with a hat on", "34867-rest_fli.jpg": "a couple of women sitting on top of a bed", "30068-3wolfgac.jpg": "a statue of a woman standing next to a building", "28540-argent01.jpg": "a large body of water with a river in the background", "22970-bacchus.jpg": "a group of people playing a game of frisbee", "42191-rockox.jpg": "a close up of a person with a beard", "40104-company.jpg": "a group of people sitting around a table with food", "09417-j_box.jpg": "a woman in a dress holding a bottle", "14008-youth.jpg": "a close up of a man with a beard", "03305-predell2.jpg": "a couple of women standing next to each other", "17282-selfpo09.jpg": "a close up of a stuffed animal on a tree", "06623-flowers7.jpg": "a vase of flowers sitting on a table", "44255-oldchurc.jpg": "a large building with a large building in the background", "23031-1good1.jpg": "a display of statues and statues on a wall", "31294-anatomy.jpg": "a large group of people standing around each other", "32885-2panel2.jpg": "a couple of people that are in a room", "12179-cro_f_3.jpg": "a group of people sitting next to each other", "31030-portrai2.jpg": "a woman in a white hat holding a <unk>", "44583-1centra3.jpg": "a group of people riding on the backs of elephants", "00975-0fiesol3.jpg": "a close up of a picture of a <unk>", "11207-1890s_02.jpg": "a painting of a large rock in a zoo", "34246-landsc2.jpg": "a group of people standing on a dirt road", "24522-07clemen.jpg": "a woman standing in front of a large building", "19317-palatine.jpg": "a view of a mountain with houses in the background", "19844-10lastsu.jpg": "a group of people sitting at a table with food", "34685-grif_02.jpg": "a group of people standing in front of a building", "09498-1wedding.jpg": "a group of men sitting on top of a couch", "41101-03virgin.jpg": "a woman sitting in a chair next to a baby", "37922-rommelpo.jpg": "a group of people standing around a statue", "23847-3manet06.jpg": "a dog laying on the ground next to a toy", "08314-saints3.jpg": "a statue of a man holding a nintendo wii game controller", "19568-portrai1.jpg": "a man in a hat is sitting down", "06072-bridge.jpg": "a group of people walking down a street", "17472-3malvag2.jpg": "a group of people standing next to a large cathedral", "40770-121icon.jpg": "a group of people standing in front of a building", "21313-04sebast.jpg": "a group of people sitting in a room", "00966-06franci.jpg": "a painting of a person with a large umbrella", "44671-landscap.jpg": "a group of people riding on the backs of horses", "18863-raising.jpg": "a group of people that are sitting on a couch", "04753-venus_ad.jpg": "a man sitting on a bed next to a cow", "37661-s_cheese.jpg": "a bunch of fruit sitting on top of a table", "35385-18religi.jpg": "a man and a woman laying in a bed", "31809-3celebra.jpg": "a group of people standing outside of a building", "18080-3vault1.jpg": "a painting on a wall with a painting on it", "16488-5badia.jpg": "a couple of men standing next to each other", "10411-16luthe.jpg": "a man in a black jacket holding a remote", "08533-1lands07.jpg": "a tree that is in the grass near a tree", "16659-st_john.jpg": "a painting of a woman standing next to a stone wall", "08920-canalgra.jpg": "a body of water with a building in the background", "09232-triptyc.jpg": "a painting of a woman in a costume", "18854-christ.jpg": "a close up of a person wearing a black dog", "03725-vertumnu.jpg": "a woman sitting on a bed with a baby", "34287-fr_paola.jpg": "a group of people that are in a room", "32465-mystic_m.jpg": "a group of people sitting on top of each other", "19579-company.jpg": "a group of people sitting around a building", "44467-woodland.jpg": "a man standing next to a tree in a field", "04167-1pallav4.jpg": "a large stone building with statues in it", "15779-reverse.jpg": "a window that has a paper on it", "16384-chris12.jpg": "a couple of women standing next to each other", "39023-5africa2.jpg": "a group of people sitting on top of a cow", "10942-catherin.jpg": "a group of women standing around each other", "42436-scene2.jpg": "a statue of a man with a horse and a statue", "07848-051marty.jpg": "a crowd of people standing around a group of horses", "00274-satire.jpg": "a woman and a dog in the water", "17307-selfpo34.jpg": "a man with a beard is looking at the camera", "13350-u7eve1.jpg": "a man in a black dress and a white shirt and a white shirt", "03972-bello200.jpg": "a large building with a clock on it", "23422-virgin_c.jpg": "a group of people standing next to each other", "11478-davidson.jpg": "a group of people standing next to each other", "06290-cardplay.jpg": "a group of people sitting around a fire place", "29595-panel3.jpg": "a painting of a painting on a wall", "10115-20virgin.jpg": "a clock that is on top of a wall", "37397-virgin_c.jpg": "a man and a woman sitting on a bed", "28549-argent09.jpg": "a table that has a fountain in it", "30620-angel.jpg": "a woman standing in front of a mirror", "00817-marco_p7.jpg": "a group of people standing next to each other", "38174-peacock.jpg": "a group of birds standing on top of a pile of dirt", "18366-1601grec.jpg": "a painting of a man and a picture of a person", "03017-061death.jpg": "a woman in a white dress is standing next to a woman", "36931-capture2.jpg": "a large body of water with many boats in it", "17249-auvers09.jpg": "a wall with graffiti on the side of it", "18722-guard102.jpg": "a large body of water filled with lots of boats", "21129-extensiv.jpg": "a cow laying on top of a dirt field", "21842-catherin.jpg": "a group of people playing in the water", "41440-07galati.jpg": "an old photo of a woman in a dress", "21159-stillif6.jpg": "a table topped with a glass of wine and a glass of wine", "40455-antique.jpg": "a large group of people standing next to each other", "34115-padua2.jpg": "a group of people standing next to a stone wall", "43911-agrippin.jpg": "a large group of people standing around a building", "05553-10youngm.jpg": "a close up of a person wearing a red hat", "00861-dominic.jpg": "a statue of a man standing next to a statue", "39537-goethe.jpg": "a man laying on the ground with a hat on", "43259-vanitas1.jpg": "a table that has a bunch of items on it", "42670-marriage.jpg": "a group of people sitting around a table with cakes", "08018-johnmath.jpg": "a group of people standing around a statue", "30221-4ducale3.jpg": "a group of people riding on top of horses", "34369-judith.jpg": "a woman wearing a dress shirt and a tie", "43567-viewdel.jpg": "a large stone building with a clock tower", "00361-flight_e.jpg": "a large tree in the middle of a forest", "06023-5young_w.jpg": "a woman is laying down in a dark room", "38948-00cleric.jpg": "a room filled with furniture and a chandelier", "33424-67newtes.jpg": "a man with a beard is eating something", "09390-borghese.jpg": "a clock that is on top of a building", "44762-margaret.jpg": "a woman in a dress holding a baseball bat", "05743-selfpor3.jpg": "a woman in a dress holding a <unk>", "38600-kermis.jpg": "a large group of people sitting around a building", "30279-madonna.jpg": "a man holding a baby in front of a mirror", "25309-baltazar.jpg": "a little girl standing in front of a tree", "06012-port_yw.jpg": "a close up of a person in a room", "10225-6hercule.jpg": "a shirtless man is laying on the ground", "40915-07wing1.jpg": "a group of people standing next to a building", "05757-nicolas.jpg": "a group of people sitting in a room", "32876-6gregor.jpg": "a group of people standing next to each other", "02931-entombme.jpg": "a group of people sitting on the ground", "11648-2scene7.jpg": "a group of people standing around a large window", "12524-4saints.jpg": "a man and a woman standing next to a horse", "44308-stpeter2.jpg": "a group of people standing around a church", "12422-younshep.jpg": "a woman standing in a field next to a herd of sheep", "40358-10prato.jpg": "a statue of a statue of a woman holding a <unk>", "34120-ananias.jpg": "a group of people that are sitting on a floor", "24708-madonna.jpg": "a painting of a woman standing next to a painting", "44088-1hubert1.jpg": "a large building with a woman standing next to it", "32447-lazarus.jpg": "a black and white photo of a group of people", "25295-landscap.jpg": "a group of people standing in front of a building", "23360-15lucy5.jpg": "a group of cows standing in front of a building", "10649-05csont.jpg": "a boat that is sitting in the water", "33482-14mythol.jpg": "a black and white photo of two people", "38834-holyfami.jpg": "a group of people sitting on top of a train", "24323-bertin3.jpg": "a picture of a man and a picture of a man", "00946-00virgin.jpg": "an old photo of a woman in a dress", "14960-tahiti061.jpg": "a group of people that are sitting on a bed", "21829-pauline2.jpg": "a woman in a red dress standing next to a woman", "07843-03knight.jpg": "a statue of a person on a horse", "02876-madonna.jpg": "a group of people sitting on top of a bed", "42358-winter_l.jpg": "a group of people walking down a dirt road", "37619-salome.jpg": "a couple of women standing next to each other", "14761-catholic.jpg": "a group of people standing next to each other", "17102-2maries2.jpg": "a group of boats that are sitting in the water", "34630-farnese.jpg": "a couple of people sitting next to a stone wall", "08586-5portra3.jpg": "a painting of a fire hydrant in a room", "36393-4borgo6.jpg": "a group of people standing around a building", "17202-olive04.jpg": "a painting of a painting on the side of a bed", "03828-114madon.jpg": "an old photo of a woman and a woman", "17213-copies05.jpg": "a statue of a man sitting on a bed", "04208-deathvir.jpg": "a group of people standing around a building", "03662-stillife.jpg": "a table topped with a plate of fruit and a knife", "11610-agucchi.jpg": "a man in a red shirt with a red tie", "08941-banquet.jpg": "a group of people sitting next to each other", "42081-01entomb.jpg": "a group of people standing next to each other", "18454-portrait.jpg": "a man in a suit and tie holding a bow", "09423-summer.jpg": "a man is walking with a herd of cows", "37933-celtwin.jpg": "a group of people standing around in a room", "29496-landscap.jpg": "a herd of cattle standing on top of a lush green hillside", "09927-stillfig.jpg": "a woman sitting next to a pile of fruit", "03424-13jerome.jpg": "a man standing next to a brown horse", "00654-lamentat.jpg": "a group of children sitting on a bed", "35397-07desce.jpg": "a group of people standing around a building", "30851-baptism.jpg": "a group of people standing in front of a building", "37532-0view.jpg": "the inside of a church with people sitting in it", "01099-dead_chr.jpg": "a man and a young girl sitting next to each other", "39742-08pardo.jpg": "a group of men and dogs in a field", "12509-3paumg1.jpg": "a statue of a man dressed in a costume", "25950-pomona.jpg": "a man and a woman standing next to each other", "18328-1302grec.jpg": "a statue of a woman standing next to a woman", "34390-y_women.jpg": "a couple of women standing next to each other", "26058-16portra.jpg": "a woman standing in front of a door of a door", "44096-6medici.jpg": "a group of people standing next to each other", "20194-oudekerk.jpg": "a group of people standing in front of a building", "16390-chris18.jpg": "a group of people standing next to a building", "42790-4organ2.jpg": "a group of people standing next to a building", "11110-early01.jpg": "a group of men standing next to a group of horses", "41335-04dipti1.jpg": "a statue of a man sitting on a clock", "13126-readingw.jpg": "a person sitting in a chair reading a book", "12340-notary.jpg": "a group of people standing next to each other", "03018-062death.jpg": "a woman in a white dress is standing on a stage", "40336-harmony.jpg": "a picture of a fire hydrant in the snow", "10707-dyrehave.jpg": "a giraffe standing next to a tree in a field", "43479-mancini4.jpg": "a woman standing in a room with a bag", "14364-pastoral.jpg": "a group of people sitting on top of a lush green forest", "40151-deadchri.jpg": "a group of people sitting on a couch", "39841-0chieri1.jpg": "a painting of a person with a dog", "32154-guardroo.jpg": "a group of people standing next to a building", "19272-seenfrom.jpg": "a tall building with a building in the background", "19264-calypso.jpg": "a couple of people standing next to each other", "23223-annunci.jpg": "a group of women standing next to a painting", "19235-duneland.jpg": "a man walking with a dog on a dirt road", "39730-6perseus.jpg": "a woman in a bikini holding a rope", "24486-02bardi.jpg": "a stone building with a painting on it", "23782-egypt.jpg": "a group of people sitting on a couch", "34290-holyfami.jpg": "a group of people sitting on a beach", "03912-205criso.jpg": "a group of people standing next to a statue", "33975-joseph_i.jpg": "an old man holding a baby and a baby", "34227-samarita.jpg": "a man laying next to a man and a man", "42732-dukechar.jpg": "a group of people riding on the backs of horses", "08024-queenma.jpg": "a woman standing in a dark room holding a remote", "16873-triptyc1.jpg": "a large clock on the side of a wall", "42717-shipwrec.jpg": "a person standing on a rock with a dog", "09110-hawai.jpg": "a group of boats that are floating in the water", "10332-11girl.jpg": "a close up of a person wearing a tie", "32406-portra_m.jpg": "a black and white photo of a woman wearing a tie", "04096-boulevar.jpg": "a group of people walking down a street", "04514-bianchi2.jpg": "a group of people standing next to a stone wall", "33555-084portr.jpg": "a black and white photo of a woman in a black jacket", "14903-early05.jpg": "a painting of a vase with flowers in it", "09575-corot24.jpg": "a woman sitting on a chair in a room", "42239-0307velb.jpg": "a woman in a leather jacket sitting on a floor", "08514-2nudes1.jpg": "a painting of a man standing next to a dog", "24965-0view2.jpg": "a wall with a painting on it in a building", "10970-111david.jpg": "a man is sitting in front of a table", "40240-rovere_5.jpg": "a group of people standing around a statue", "43992-0bladel1.jpg": "a statue of a woman standing next to a woman", "26090-25more2.jpg": "a group of people standing next to each other", "31200-93restau3.jpg": "a group of people standing next to each other", "44238-gabbard.jpg": "a black and white photo of a large ship", "37368-marly2.jpg": "a large body of water next to a body of water", "04786-riding_s.jpg": "a group of people riding horses down a dirt road", "35734-water_fx.jpg": "a black and white sky over a rocky cliff", "03477-sebastia.jpg": "a couple of people that are laying down", "17305-selfpo32.jpg": "a close up of a person standing next to a tree", "24872-threearc.jpg": "a statue of a woman standing next to a woman", "24225-campo_sa.jpg": "a large body of water with people on horses", "40162-musparty.jpg": "a group of people sitting on top of a bed", "07671-carlev14.jpg": "a large group of people standing on a beach", "09420-horse2.jpg": "a little boy standing next to a horse", "00391-12portra.jpg": "a woman in a costume sitting on a bench", "41145-adoratio.jpg": "a group of people sitting next to each other", "10534-madonna.jpg": "a painting of a woman holding a teddy bear", "42462-flower1.jpg": "a picture of a vase with flowers in it", "02789-stillif3.jpg": "a table topped with lots of colorful flowers", "06717-sacristy.jpg": "a building with a table and a table", "44346-meeting.jpg": "a large group of people on horses in a field", "03469-4company.jpg": "a group of people sitting around a table", "37003-woodedla.jpg": "a man riding a horse drawn carriage down a street", "07239-canal608.jpg": "a large building with statues on top of it", "00252-visitat4.jpg": "a couple of women standing next to each other", "40144-sea_view.jpg": "a man standing next to a boat with two horses", "39941-0view2.jpg": "a building with a painting on the wall", "19978-4lady.jpg": "a woman wearing a hat and holding a hat", "20427-portjane.jpg": "a woman in a dress holding a bunch of vegetables", "24910-painted.jpg": "a group of people standing next to each other", "16059-02ascens.jpg": "a painting of a man standing next to a painting", "39202-hunting.jpg": "a group of horses and dogs in a field", "07846-050vidal.jpg": "a group of people standing next to each other", "05238-05right.jpg": "a large building with many people on it", "34721-port_man.jpg": "a man in a black jacket is looking at the camera", "13431-1holzha2.jpg": "a man wearing a hat and wearing a hat", "17195-cypres06.jpg": "a painting of a painting of a painting of a <unk>", "29681-roman.jpg": "a stone building with statues and statues", "18542-preparat.jpg": "a group of people standing around in a field", "12369-3convers.jpg": "a group of people that are on some horses", "37663-still_li.jpg": "a bunch of fruits and vegetables sitting on a table", "09467-corint02.jpg": "a man standing in front of a window", "00175-brothers.jpg": "a couple of people that are standing next to each other", "32944-051portr.jpg": "a woman is laying down on a couch", "33887-02noremb.jpg": "a close up of a person wearing a hat", "39565-05head.jpg": "a man with a hat on on a boat", "04944-virginch.jpg": "a woman sitting on a couch holding a teddy bear", "32333-01ignazi.jpg": "a large cathedral with a lot of people on it", "18106-2tosse3.jpg": "a large group of people standing next to each other", "37472-fish_mon.jpg": "a group of cats sitting on top of a table", "42905-2lunett2.jpg": "a group of people sitting on top of a bed", "34478-3circumc.jpg": "a group of people sitting in a room", "08498-12early.jpg": "a close up of a tree in a forest", "09094-portrai2.jpg": "a woman sitting in front of a large mirror", "43244-extensiv.jpg": "a group of people sitting on top of a lush green forest", "15299-liondrin.jpg": "there is a dog that is walking in the water", "02708-admiral.jpg": "a man in a red dress holding a knife", "24345-stillif1.jpg": "a painting of a vase with flowers in it", "12342-selling.jpg": "a couple of people standing next to each other", "29962-traveler.jpg": "a group of people standing around a group of horses", "23118-10sorrow.jpg": "a woman holding an umbrella over her head", "10766-port_boy.jpg": "a man with a beard is holding a cigarette", "24749-concert.jpg": "a couple of women sitting next to each other", "13260-viewdord.jpg": "a group of birds sitting on top of a table", "22350-lazarus.jpg": "an old photo of a man and a woman", "21168-j_vondel.jpg": "a man wearing a black shirt and a black tie", "20670-excavati.jpg": "a view of a mountain with a mountain in the background", "10455-deathjos.jpg": "a group of people sitting on top of a couch", "19450-vanitas.jpg": "a close up of a bowl of food on a table", "16878-lisbon.jpg": "a group of people standing in front of a building", "40897-08portra.jpg": "a man and a woman are sitting at a table", "13808-dogezian.jpg": "a group of people sitting on a couch in a room", "28763-4margare.jpg": "a woman in a black jacket and a tie", "07274-canal803.jpg": "a large building with people walking around it", "19916-03denmar.jpg": "a person in a black jacket and a black jacket", "32526-2innocen.jpg": "a couple of women standing next to each other", "04713-christ_c.jpg": "a large group of people standing next to each other", "38564-gallery1.jpg": "a room filled with lots of pictures and pictures", "10752-surely.jpg": "a woman standing in front of a door", "17300-selfpo27.jpg": "a painting of a bird on the side of a building", "18590-1view1c.jpg": "a statue of a man standing next to a statue", "36072-3birth1.jpg": "a group of people sitting next to each other", "18825-fragment.jpg": "a painting of a man standing next to a stone wall", "43681-interio1.jpg": "a large cathedral with people walking around it", "02957-clio.jpg": "a man sitting on top of a metal pole", "36430-la_birds.jpg": "a bunch of birds that are standing in the water", "14884-palace.jpg": "a group of people walking down a city street", "16985-3drenth2.jpg": "a couple of people standing next to a car", "16666-wedding.jpg": "a vase with a picture of a man on it", "30617-baptist.jpg": "a man in a dress holding a <unk>", "40877-02gruuth.jpg": "a man in a black shirt holding a tie", "39022-5africa1.jpg": "a group of people standing next to an elephant", "07440-noli_me.jpg": "a man in a black shirt is holding his arm up to a man", "39283-6cassia2.jpg": "a statue of a man standing next to a statue", "33471-06mythol.jpg": "a group of people standing on top of a river", "12190-cro_v_2.jpg": "a group of people standing next to a building", "10002-allegory.jpg": "a group of kids sitting on a couch", "38045-prince.jpg": "a young man wearing a green jacket and green jacket", "31260-promethe.jpg": "a group of people standing next to a statue of a horse", "09587-duomo0.jpg": "a clock that is on top of a building", "21143-viewlake.jpg": "a person on a boat in the water", "13807-apollo.jpg": "a group of people that are in the water", "30347-altar4.jpg": "a group of people standing in front of a building", "37941-famil.jpg": "a group of people sitting around a living room", "09372-jordan.jpg": "a mountain range with a large rock in the background", "16561-ognissa5.jpg": "a statue of a man holding a newspaper"}