{"00336-portrai3.jpg": "a man with a beard and a blue shirt", "28374-stillife.jpg": "a wooden table topped with apples and apples", "22944-10furla2.jpg": "a group of people standing next to each other", "08543-3figure3.jpg": "a man wearing a blue jacket and a blue jacket", "34194-lamentat.jpg": "a man and a woman are laying on a bed", "07334-noli_me.jpg": "a man standing next to a man on a couch", "13017-palatine.jpg": "a black and white photo of a woman on a bike", "21357-pendant1.jpg": "a herd of cattle standing on top of a mountain", "22367-5elizabe.jpg": "a black and white photo of a woman holding a baby", "34276-1moses.jpg": "a group of people sitting on a couch", "44062-3entombm.jpg": "a group of people standing next to each other", "40735-03icon.jpg": "a group of people standing next to each other", "44235-graveyar.jpg": "a statue of a cow in the middle of a forest", "33526-39portrb.jpg": "a woman is posing for a picture in front of a mirror", "07154-canal104.jpg": "a large body of water with boats in it", "13157-szeche_i.jpg": "a man wearing a hat and a hat", "12009-jupiter.jpg": "a group of people sitting on a couch", "42014-bouquet.jpg": "a vase filled with flowers on a table", "25231-3garam.jpg": "a group of people standing next to each other", "28928-reddress.jpg": "a woman in a red dress holding a cell phone", "26262-01menzel.jpg": "a chair sitting in a room next to a chair", "44359-hawking.jpg": "a group of people riding horses down a dirt road", "00653-joseph_2.jpg": "a group of people standing in front of a building", "30816-mad_sts.jpg": "a group of people standing around a statue", "26547-10_0baya.jpg": "a painting of a man sitting on top of a boat", "17557-15portra.jpg": "a couple of men sitting next to each other", "36808-holy_fam.jpg": "a group of people sitting on a couch", "20547-virgin_c.jpg": "a large clock tower with a woman on it", "21249-william3.jpg": "a woman riding on the back of a brown horse", "14030-iphigeni.jpg": "a group of people riding on the backs of horses", "24372-selfport.jpg": "a man in a suit and tie looking at the camera", "22788-adorati.jpg": "a group of people dressed in traditional costumes", "30049-saints.jpg": "a couple of men standing next to each other", "39008-24labia.jpg": "a painting of a man and a woman on a statue", "06932-storytel.jpg": "a group of people are sitting on the grass", "06601-adam_eve.jpg": "a couple of horses that are standing in the dirt", "16383-chris11.jpg": "a group of people standing in front of a church", "38693-annuncia.jpg": "a woman standing next to a man holding a bird", "39409-8assum.jpg": "a statue of a man riding on the back of a tree", "17401-ceres_ba.jpg": "an old photo of a woman and a woman", "37323-5evangel.jpg": "a woman sitting on a wall next to a wall", "07976-farnes21.jpg": "a group of men sitting on top of a bed", "43775-10champs.jpg": "a group of people sitting on top of a tree", "14827-circumcx.jpg": "a group of people sitting next to each other", "07913-fishing.jpg": "a group of people standing around a river", "30302-capriccr.jpg": "a group of people standing in front of a stone building", "02963-sacred1.jpg": "there is a man that is sitting on the ground", "35423-43religi.jpg": "a couple of women in a room with flowers", "30480-p_varona.jpg": "a man in a black jacket and a black hat", "13386-u2window.jpg": "a building with a clock on the side of it", "02969-portwale.jpg": "a man wearing a hat and a hat", "05948-musician.jpg": "a group of statues sitting on top of a building", "44279-9rome1.jpg": "a large body of water next to a river", "37581-luteplay.jpg": "a woman sitting on a chair holding a remote", "07314-virgin_c.jpg": "a black and white photo of a woman holding a baby", "35381-15religi.jpg": "a group of young children sitting on a couch", "11193-1880s_13.jpg": "a group of people riding horses in a field", "39012-26labia.jpg": "a painting of a man and a dog on a table", "18951-08poly.jpg": "a statue of a woman standing next to a statue", "31313-adoratio.jpg": "a group of animals that are in a room", "23737-gypsy.jpg": "a woman is standing next to a stuffed animal", "38560-barninte.jpg": "a couple of people standing around a cow", "10237-1venus10.jpg": "a statue of a man holding a baby", "15281-111geric.jpg": "a group of people riding on the backs of horses", "18715-apotheos.jpg": "a painting of a man sitting on top of a painting", "13072-daughter.jpg": "a couple of women standing next to each other", "21245-prince_a.jpg": "a statue of a man in a military uniform", "42586-14girl.jpg": "a woman sitting in a chair next to a woman", "27116-clio.jpg": "a woman sitting on the floor holding a laptop", "08618-moses.jpg": "a man that is sitting down reading a book", "38037-valley.jpg": "a couple of men standing next to a river", "13578-4invita1.jpg": "a group of people standing next to each other", "41921-david.jpg": "a man standing next to a dog in a room", "40222-virgin.jpg": "a statue of a person sitting next to a statue", "05931-adorati.jpg": "a group of people standing around in a museum", "37751-flower_s.jpg": "a painting of a vase filled with flowers", "39745-10mirrox.jpg": "a woman laying on top of a pile of grass", "17744-312goya.jpg": "a woman in a white dress standing next to a dog", "11295-316delac.jpg": "a woman sitting on a couch with a dog", "08984-02forest.jpg": "a herd of animals standing on top of a dirt field", "37981-liberati.jpg": "a building with a horse and a chair", "23338-05odoni.jpg": "a man and a woman are sitting on a couch", "15341-poggio3.jpg": "a large painting of a painting on a wall", "40271-st_john.jpg": "a person sitting on a couch with a person", "40300-106turne.jpg": "a group of people standing in the middle of a field", "33619-07sp1630.jpg": "a woman is standing in front of a wall", "10552-levada1.jpg": "a large building with a chandelier on the wall", "21759-gervase.jpg": "a group of people standing next to each other", "08551-2figure3.jpg": "a statue of a man standing next to a statue", "37965-v_riot.jpg": "a group of people sitting around a table", "37357-winter09.jpg": "a snow covered mountain with snow covered in snow", "35848-marine.jpg": "a sailboat in the middle of a body of water", "11554-landbrid.jpg": "a group of people standing next to a bridge", "06201-alessand.jpg": "a close up of a person with a tie", "14590-gamepiec.jpg": "a cat laying next to a bunch of birds", "19831-6hertens.jpg": "a woman wearing a red hat and a red hat", "10220-3apollo4.jpg": "a man sitting next to a man with a horse", "07657-carlev02.jpg": "a group of people on boats in the water", "06925-assumpti.jpg": "a group of people sitting on top of a couch", "37967-v_school.jpg": "a group of people standing around in a room", "31738-01figure.jpg": "a couple of people standing on top of a dirt field", "08224-01lastju.jpg": "a large group of <unk> <unk> on a wall", "44123-nocturn.jpg": "a person walking down a river with a suitcase", "43121-circumci.jpg": "a group of people sitting around a table", "34300-theassum.jpg": "a group of people riding on the back of a truck", "29270-204muril.jpg": "a black and white photo of a man and a woman", "04858-viewnemi.jpg": "a view of a lake with trees in the background", "08035-le_blond.jpg": "a man with a beard is looking at the camera", "29934-violinis.jpg": "a group of people standing around a building", "30459-magdalen.jpg": "a woman sitting on a bed holding a piece of paper", "43501-seascap2.jpg": "a painting of a man standing next to a boat", "10722-river_la.jpg": "a group of people walking down a dirt road", "33948-herculeu.jpg": "a man and a woman on a cell phone", "19417-stillpie.jpg": "a table that has a lot of items on it", "11600-vittoria.jpg": "a man in a black shirt holding a cell phone", "24904-christ2.jpg": "a stone wall with a painting of a man on it", "20021-deadbird.jpg": "a dog that is sitting on a table", "31000-ecstasy.jpg": "a man and a woman are on the back of a large elephant", "13025-tassis1.jpg": "a man in a suit and tie holding a paper", "21721-v_vulcan.jpg": "a group of people sitting on a bench", "34069-3renoi17.jpg": "a woman standing next to a woman in a dress", "17146-arles68.jpg": "a view of a bench in the middle of a garden", "17728-215goya.jpg": "an old photo of a woman and two children", "28779-madonna.jpg": "a woman sitting on a couch with a baby", "43483-sons.jpg": "a couple of kids that are sitting on a couch", "18458-accord.jpg": "a group of people sitting around a table", "32540-madchild.jpg": "a couple of people sitting next to a teddy bear", "17924-view_lei.jpg": "a black and white photo of a large building", "09195-dancingl.jpg": "a group of people standing around a wooden floor", "03572-06reale.jpg": "a painting of a man sitting on top of a table", "19481-visitdoc.jpg": "a group of men sitting around a table", "28455-skittle.jpg": "a group of people walking down a dirt road", "25113-6michae.jpg": "a group of women standing next to each other", "10905-cambyse.jpg": "a group of people standing next to each other", "29207-trilog2.jpg": "a group of people standing next to each other", "20276-last_sup.jpg": "a group of people standing around a table", "18204-0209grec.jpg": "a painting of a woman sitting next to a woman", "03141-sewing.jpg": "a man is sitting on a wooden bench", "03069-j_paris.jpg": "a group of people standing next to each other", "44039-0john.jpg": "a group of people standing around a church", "36825-roman_wo.jpg": "a woman holding a cat in her lap", "13942-sacrific.jpg": "a group of people sitting on top of a beach", "37523-pieta1.jpg": "a group of people sitting on top of a large elephant", "13500-zodiac041.jpg": "a large building with statues and statues on it", "20419-8market.jpg": "a group of people standing next to a building", "37788-1south2.jpg": "a painting of a <unk> in a museum", "17269-auvers29.jpg": "a painting of a woman and a blue tie", "04088-elisa.jpg": "a woman is standing next to a little girl", "24914-zcrucif1.jpg": "a picture of a man standing on a building", "20510-1c2_up2.jpg": "a painting of a woman in a dress", "15167-13quarat.jpg": "a group of people standing next to each other", "09975-3young_m.jpg": "a group of people that are sitting on a couch", "15834-lucretia.jpg": "a woman wearing a black and white horse", "14428-103fried.jpg": "a large clock mounted to the side of a building", "29682-solomon.jpg": "a church with a clock tower and statues", "24794-2mero_l.jpg": "a woman standing next to a building holding a phone", "44424-golden.jpg": "a group of people standing in front of a tree", "42915-4allego1.jpg": "a man and a woman sitting on a bench", "12970-dewae.jpg": "a man is standing next to a horse", "14210-venus.jpg": "a woman is holding a baby in a mirror", "31065-2august2.jpg": "a statue of a man standing next to a statue", "38578-painter.jpg": "a group of people sitting on top of a statue", "13180-garden.jpg": "a woman standing in front of a building", "42487-streetsc.jpg": "a group of people sitting around a building", "23780-whaleoil.jpg": "a group of people standing on top of a sandy beach", "09009-05ulysse.jpg": "a group of people sitting on top of a wooden dock", "23183-20monaco.jpg": "a wooden clock with a painting on it", "03214-stjerome.jpg": "a man and a dog are sitting on a couch", "05696-the_mill.jpg": "a river that has a bridge and a bridge", "33893-08noremb.jpg": "a black and white photo of a man wearing a hat", "44250-market2.jpg": "there is a man sitting next to a woman", "37146-portadri.jpg": "a group of people walking down a stone wall", "42597-19woman.jpg": "a woman standing in a room next to a bed", "43922-portrait.jpg": "a couple of people sitting on a couch", "32249-01theseu.jpg": "a woman standing next to a statue of a building", "38399-italian.jpg": "a group of people standing near a body of water", "03965-bello105.jpg": "a group of people sitting on top of a horse", "30744-concert.jpg": "a couple of women standing next to each other", "26243-ferdinan.jpg": "a person sitting on a table with a baseball bat", "29832-hell.jpg": "a bunch of animals that are on a table", "07605-62behead.jpg": "a group of people sitting in a room", "23620-int_jail.jpg": "a group of people standing around a building", "32776-10spozal.jpg": "a group of people standing around a church", "13571-0view2.jpg": "a group of people standing around a statue", "09197-elegant1.jpg": "a group of people sitting on top of a wooden floor", "39389-1annunc.jpg": "a painting of a woman sitting in a room", "29277-210muril.jpg": "a group of people standing next to each other", "41901-castello.jpg": "a large building with a bridge in the background", "19119-20vanaar.jpg": "a man wearing a hat with a hat on", "43014-07gentle.jpg": "a man with a beard is holding a knife", "21312-03sebast.jpg": "a woman is sitting on a brown horse", "24328-virgin_c.jpg": "a group of people standing next to each other", "24349-forestfl.jpg": "a painting of a bird sitting on the ground", "35863-stil_lif.jpg": "a bowl of fruit sitting on a wooden table", "30282-salvator.jpg": "a man with a beard and a tie", "07744-virgchil.jpg": "a man and a woman are sitting in a car", "11533-isaac.jpg": "a group of people sitting around a table", "40141-secretle.jpg": "a man sitting on the floor next to a cat", "42540-01christ.jpg": "a couple of people sitting next to each other", "34163-port_boy.jpg": "a close up of a person with a frisbee", "14580-bird_con.jpg": "a group of birds sitting on top of a tree branch", "40794-madvitus.jpg": "a painting of a woman sitting in a mirror", "18886-abraham.jpg": "a couple of women standing next to each other", "04743-farmyard.jpg": "a painting of a man and a goat on a farm", "06825-v_girdle.jpg": "a picture of a man and a statue of jesus", "15134-pesaro1.jpg": "a clock on a wall with a painting on it", "12343-sleeping.jpg": "a couple of people that are sitting down", "21091-lucano.jpg": "a couple of people that are on horses", "07410-pepoli2.jpg": "a painting of a man sitting next to a painting on a wall", "11202-1880s_21.jpg": "a statue of a man laying on top of a bed", "26371-crossing.jpg": "a group of people riding horses down a dirt road", "42170-arliqui2.jpg": "a couple of men standing next to each other", "27178-04angel.jpg": "a couple of people standing next to a man", "10837-sunset.jpg": "a tree with trees in the background", "01007-couple.jpg": "a couple of people standing next to each other", "12145-portwom2.jpg": "a woman in a dress shirt holding a tie", "19035-land_fig.jpg": "a group of people and a dog in a field", "10450-gregory.jpg": "a group of people standing next to each other", "11190-1880s_10.jpg": "a black and white photo of a woman holding a baby elephant", "28588-paris5.jpg": "a bunch of kites flying in the air", "09199-ladyseat.jpg": "a statue of a person sitting in a chair", "13698-christ.jpg": "a large building with a large glass window", "37815-coronati.jpg": "a large building with a large painting on it", "41128-annuncia.jpg": "a woman sitting on a bench next to a building", "36057-coronati.jpg": "a woman with a dog in a room", "09278-colonna6.jpg": "a painting of a person sitting on a wall", "21461-cinderel.jpg": "a group of people standing around a building", "38580-player.jpg": "a man in a blue jacket holding a cane", "42287-0705vela.jpg": "a woman in a red and white dress jacket", "06207-eleonora.jpg": "a woman standing next to a little boy", "43756-01actors.jpg": "a group of people sitting next to each other", "08306-flutepla.jpg": "a statue of a man sitting on a wooden table", "35843-countryr.jpg": "a group of animals that are standing in a field", "07598-58rosar.jpg": "a group of people standing next to each other", "00395-3predel1.jpg": "a group of people standing next to each other", "29968-winter_n.jpg": "a group of people standing next to a river", "09741-grif_02.jpg": "a couple of people standing next to each other", "38938-02gesuat.jpg": "there is a statue with statues on it", "23197-40monaco.jpg": "a statue of a man standing next to a bear", "29136-portr_ab.jpg": "a statue of a man wearing a hat and tie", "15854-virgin_c.jpg": "a group of people sitting on top of a large elephant", "12069-vertumnu.jpg": "a couple of women sitting on top of a table", "41318-02virgin.jpg": "a picture of a man in a costume", "31980-15venus.jpg": "a couple of men laying on top of a bed", "05477-70cestel.jpg": "a painting of a man standing next to a painting", "43858-the_ford.jpg": "a group of people and a dog on a beach", "03206-nativity.jpg": "a woman in a dress standing next to a cow", "25208-catherin.jpg": "a group of women standing next to each other", "12960-brant.jpg": "a woman in a leather jacket holding a banana", "03911-196madon.jpg": "a woman sitting in a chair next to a baby", "03907-184madon.jpg": "a large building with people sitting around it", "06463-10adulte.jpg": "a group of people standing next to each other", "38761-st_paul.jpg": "a statue of a man standing next to a wall", "20805-polypty8.jpg": "a group of people standing around a wooden table", "33230-rebecca.jpg": "a group of people sitting in front of a fountain", "00850-36_naili.jpg": "a group of people standing next to each other", "06394-20dulle.jpg": "a statue of a man sitting on top of a building", "03210-portlady.jpg": "a little boy sitting in a leather jacket", "22449-classica.jpg": "a couple of people standing next to a lake", "13934-banquet.jpg": "a group of people sitting next to each other", "29193-03munkac.jpg": "a group of people standing in front of a building", "18466-curse2.jpg": "a group of people that are sitting on a couch", "34013-1renoi14.jpg": "a woman laying on top of a bed next to a painting", "29690-marquise.jpg": "a woman in a dress sitting at a table", "24381-deluge.jpg": "a group of people standing on top of a sandy beach", "17460-portrait.jpg": "a man wearing a black jacket and a black jacket", "39652-7almsgiv.jpg": "a person sitting on a bench with a dog", "13999-minerva1.jpg": "a woman standing in front of a mirror", "24499-descent.jpg": "a statue of a statue sitting next to a statue", "09697-03sacche.jpg": "a black and white photo of a woman", "42311-1002vela.jpg": "a woman is taking a picture of herself", "11378-capricci.jpg": "a large cathedral with a large cathedral in the background", "40797-nativit.jpg": "a group of people standing around a table", "06920-comtesse.jpg": "a woman is sitting on a dark couch", "15731-madonn_e.jpg": "a couple of kids sitting next to each other", "40310-201turne.jpg": "a boat that is sitting in the water", "35064-carwardi.jpg": "a woman sitting on a couch with a baby", "10044-dauphine.jpg": "a view of a mountain in the distance", "32345-13ignazi.jpg": "a large clock mounted to the side of a building", "36318-birth_ch.jpg": "a group of people that are sitting down", "43944-1deposi1.jpg": "a group of people standing next to each other", "28465-landscap.jpg": "a group of people standing next to a mountain", "18196-0202grec.jpg": "a painting of a man and a clock on display", "18207-0212grec.jpg": "a group of people standing next to each other", "02485-2busts5.jpg": "a close up of a person wearing a hat", "10555-levada4.jpg": "a group of people standing next to each other", "16136-chris10.jpg": "a group of people standing next to each other", "15521-00view1.jpg": "a large ornate clock on the side of a building", "00903-2armadio.jpg": "a group of people standing in front of a store", "39835-dauphin.jpg": "a woman standing next to a bag of luggage", "23766-pieta.jpg": "a group of people sitting on a table", "43635-trajan.jpg": "a large building with a statue on top of it", "10717-shepherd.jpg": "a large brown cow standing next to a stone wall", "36383-3corton.jpg": "a group of people standing next to a building", "31512-stgeorg.jpg": "a painting of a group of horses and horses", "40404-landmuse.jpg": "a group of people sitting around a tree", "25962-01prese.jpg": "a group of people standing next to a building", "11131-early22.jpg": "a woman standing next to a stone wall", "09373-leaping.jpg": "a group of people riding on the backs of horses", "06053-romanrui.jpg": "a stone clock tower with a sky background", "00618-07cruci1.jpg": "a statue of a man standing next to a statue", "19248-stillif7.jpg": "a table that has some food on it", "00332-christia.jpg": "a couple of people sitting on top of a bed", "28831-calmseas.jpg": "a large body of water next to a body of water", "24780-virgin.jpg": "a woman sitting on a bed reading a book", "16028-franc07.jpg": "a group of people standing next to a building", "06656-innocent.jpg": "a large group of people and horses in a village", "03026-01altar.jpg": "a group of people standing next to each other", "28923-portduke.jpg": "a man in a black jacket and a hat", "17790-609goya.jpg": "a young boy holding a cell phone in a dark room", "18216-0309grec.jpg": "a woman is sitting on top of an elephant", "07734-portrait.jpg": "a woman in a red dress is standing in the dark", "19726-elizabe.jpg": "a black and white photo of a woman holding a banana", "29304-312muril.jpg": "a group of people sitting in a room", "05178-cornar04.jpg": "a group of people standing around a statue", "42360-winterla.jpg": "a group of people standing on top of a beach", "14378-younglad.jpg": "a couple of people sitting next to each other", "37656-vansom_c.jpg": "a close up of a dog wearing a red shirt", "29493-drawingl.jpg": "a woman sitting at a table using a laptop", "37633-mad_anne.jpg": "a couple of women that are sitting down", "07847-051cruci.jpg": "a large group of people standing around a statue", "04130-bend.jpg": "a large building in the middle of a city", "11559-diogenes.jpg": "a group of people standing next to each other", "04188-catherin.jpg": "a woman standing in front of a stone wall", "30410-port_you.jpg": "a woman wearing a black hat and a black hat", "17785-604goya.jpg": "a couple of women standing next to each other", "38419-peeptrai.jpg": "a group of people standing next to each other", "16374-chris02.jpg": "a group of people standing next to each other", "20057-03prodig.jpg": "a couple of women standing next to each other", "11055-golitsyn.jpg": "a man in a jacket is looking at something", "23914-bacchus.jpg": "a man and a woman looking at a cell phone", "34972-2mustair4.jpg": "a close up of a vase on a wooden wall", "38561-cobbler.jpg": "a man sitting on top of a wooden chair", "23000-sextet.jpg": "a group of people sitting around a table with laptops", "18357-1508grec.jpg": "a statue of a man standing next to a painting", "19825-2barbara.jpg": "a picture of a woman in a dress", "07308-brigue.jpg": "a painting of a painting of a large window", "13653-village2.jpg": "a large crowd of people standing in front of a castle", "37495-stilgame.jpg": "a group of cats sitting on top of a table", "28385-bacchus.jpg": "a group of men sitting in front of a tree", "06161-04brocky.jpg": "a woman holding a baby in her arms", "00129-triptic2.jpg": "a group of people sitting on top of a horse", "33376-adoratio.jpg": "a statue of a man standing next to a building", "15623-columbus.jpg": "a close up of a person wearing a mask", "36996-crossing.jpg": "a couple of people riding on a horse drawn carriage", "44149-twoducks.jpg": "a flock of birds flying over a body of water", "00475-venus2.jpg": "a group of people playing with a frisbee", "35528-00allego.jpg": "a man and a child are holding a guitar", "20790-lazarus2.jpg": "a group of people standing next to each other", "35639-06sketci.jpg": "a painting of a couple of animals in a room", "39097-080rina1.jpg": "a group of people sitting on top of a stone wall", "32288-16rebecc.jpg": "a group of people standing next to each other", "24102-8holyfam.jpg": "a group of people standing next to each other", "40034-brothe17.jpg": "a man laying in bed with his head on a pillow", "14741-portra3.jpg": "a man with a beard and a beard with a beard", "44089-1hubert2.jpg": "a group of people sitting around a building", "21533-portpony.jpg": "a man riding on the back of a brown horse", "06655-dancing.jpg": "a group of people sitting around a fire hydrant", "08266-centurio.jpg": "a large group of people standing around horses", "28704-ulysses.jpg": "a group of people in a room with a dog", "15867-perseus.jpg": "a group of people standing next to each other", "00015-orpheus.jpg": "a group of people standing on top of a sandy beach", "18051-03scene.jpg": "a group of women standing next to each other", "38355-margheri.jpg": "a woman holding a cell phone in her hands", "04097-carriage.jpg": "a group of people riding horses down a street", "39689-10pieta.jpg": "a group of people standing in front of a church", "02854-capture.jpg": "a group of people in a room with a dog", "09528-port_man.jpg": "a man wearing a black hat and a hat", "09536-fresco2.jpg": "a group of people standing next to each other", "03404-summer.jpg": "a group of people standing around a pile of sheep", "28610-2pourvi1.jpg": "a view of a body of water with birds in it", "32274-03landsc.jpg": "a couple of people sitting on top of a beach", "43899-shepherd.jpg": "a group of people sitting in front of a fountain", "44095-5jerome.jpg": "a man in a red jacket standing next to a stone wall", "35599-03landsc.jpg": "a group of people standing around a herd of cattle", "00734-immacula.jpg": "a group of people standing next to each other", "26263-02menzel.jpg": "a dirt road next to a dirt road", "39025-6asia2.jpg": "a group of people standing next to each other", "06110-lucretia.jpg": "a group of people standing next to each other", "31394-paolina3.jpg": "a group of people standing on top of a <unk>", "43221-salinas.jpg": "a young girl wearing a hat and holding a purse", "03531-landscap.jpg": "a large green field with trees and trees", "28471-mount_br.jpg": "a group of people riding horses down a river", "41961-assumpti.jpg": "a group of people laying on top of a bed", "03082-adoratio.jpg": "a group of people standing next to each other", "43162-bariatin.jpg": "a woman in a dress and a white dress", "03165-stillife.jpg": "a vase with a bottle and a pair of scissors", "19601-altar1.jpg": "a large clock in the middle of a building", "10313-06woman1.jpg": "a woman wearing a hat and a hat", "00949-01jerome.jpg": "a painting of a man standing next to a wall", "32348-16ignazi.jpg": "a group of people sitting on a window sill", "29285-217muril.jpg": "a couple of people that are on a bed", "04065-esther.jpg": "a couple of women sitting on a bed", "35524-55mythol.jpg": "a couple of horses standing next to each other", "12269-verso13.jpg": "a group of men standing next to a building", "35747-winterla.jpg": "a black and white photo of a town with a small village", "18766-guard3071.jpg": "a large building with a clock tower in front of it", "03802-089madon.jpg": "a person in a costume sitting on a boat", "30276-2nichola.jpg": "a group of people standing in front of a building", "21856-grunewal.jpg": "a body of water with a bridge in the background", "10591-diananym.jpg": "a group of people standing next to each other", "03860-137alle3.jpg": "a couple of people that are playing with toys", "29756-song_reh.jpg": "a couple of women standing next to a dog", "16375-chris03.jpg": "a group of people standing next to a wall", "07973-farnes18.jpg": "a group of people sitting on top of a couch", "06549-caravan.jpg": "a group of people and animals in a field", "17166-portra18.jpg": "a man in a green shirt and a black shirt", "05761-beethov.jpg": "a close up of a large black clock", "17736-304goya.jpg": "a man in a suit holding a book", "41010-11lyon.jpg": "a group of people standing around a building", "42454-stilhare.jpg": "a dog laying on the ground next to a motorcycle", "30241-10verone.jpg": "a close up of a person wearing a suit", "09559-corot14.jpg": "a tree in the middle of a forest", "42768-1marcel.jpg": "a group of people standing around a statue", "20369-10ingrex.jpg": "a man in a black jacket and a red shirt", "39412-facade.jpg": "an old building with a large white building", "35116-prodigal.jpg": "a woman sitting next to a group of cows", "43695-soldiers.jpg": "a group of people standing next to a building", "04819-crucifiz.jpg": "a statue of a person on a horse", "20986-jacobdre.jpg": "a painting of a person laying on a rock", "43841-games.jpg": "a couple of dogs are laying on the ground", "36003-annuncia.jpg": "a woman is holding a book in her hand", "25373-bedouins.jpg": "a group of people standing on top of a sandy beach", "20099-25hooch.jpg": "a woman sitting in a room with a dog", "36396-6humilit.jpg": "a statue of a man sitting next to a statue", "08660-10draugh.jpg": "a person sitting on a bench holding a knife", "18088-8nictole.jpg": "a statue of a man holding a sign", "18964-crocett2.jpg": "a large stone building with a clock on it", "28537-4zaanda2.jpg": "a large building with a building in the background", "30164-urchins.jpg": "a group of people standing around a horse", "12987-leroy2.jpg": "a woman is sitting on the floor with a dog", "20672-landscap.jpg": "a group of people standing on top of a lush green field", "44430-marsvenu.jpg": "a group of people that are in a room", "33522-36portra.jpg": "a woman standing in front of a christmas tree", "27011-saints.jpg": "a man in a dress standing next to a painting", "43181-selfporx.jpg": "a woman wearing a hat and a hat", "35633-02sketch.jpg": "a painting of a dog laying on a log", "19850-2passio.jpg": "a glass window with a lot of people in it", "20036-portlloy.jpg": "a man wearing a red shirt and a tie", "06292-duneland.jpg": "a black and white photo of people walking down a road", "03433-04garden.jpg": "a group of animals that are in the grass", "18349-1414grec.jpg": "a man wearing a hat and a tie", "16916-small1.jpg": "a couple of men standing next to each other", "22435-dancing.jpg": "a large group of people sitting around a tree", "24925-metropo2.jpg": "a statue of a man holding a teddy bear", "29232-3severi1.jpg": "a large clock on the side of a building", "08537-2still2.jpg": "a painting of a bird sitting on top of a table", "05776-christi1.jpg": "a black and white photo of a woman in a suit", "39387-34stseba.jpg": "a statue of a person with a dog", "36725-gessner.jpg": "a group of people standing around a tree", "07592-54andrew.jpg": "a man standing on top of a stage", "18224-0405grec.jpg": "a statue of a man standing next to a painting", "06282-portrai2.jpg": "a man with a hat and a hat", "20404-triptych.jpg": "a couple of women standing in front of a mirror", "36800-clement7.jpg": "a man wearing a red hat sitting on a couch", "16919-calvar.jpg": "a group of people standing in front of a painting", "08283-warrior.jpg": "a man sitting on top of a leather leather bike", "40014-2mouli10.jpg": "a statue of a man standing next to a statue", "06634-landscax.jpg": "a group of people in a boat on a river", "00392-2scenes.jpg": "a group of people standing around a tree", "17552-10portra.jpg": "a woman wearing a hat and a hat", "42412-the_gust.jpg": "a large boat with smoke coming out of it", "14009-adorati1.jpg": "a group of people sitting on top of a statue", "13696-catherin.jpg": "a group of people standing in a room", "23419-thomas2.jpg": "a group of people sitting in front of a window", "12030-old_read.jpg": "a man reading a book while reading a book", "33640-23sp1669.jpg": "a man with a beard is smiling", "23291-03jerome.jpg": "a man sitting on the floor next to a dog", "37947-family.jpg": "a group of people sitting around a dog", "18963-crocett1.jpg": "a painting of a clock on the side of a building", "32468-portrai2.jpg": "a close up of a baseball bat and a sign", "25320-madonna.jpg": "a painting of a woman in a red dress", "31247-forest.jpg": "a herd of cattle walking down a road", "00604-2acciaol.jpg": "a statue of a woman holding a baseball bat", "39413-1roch.jpg": "a group of people sitting around a building", "31909-stillife.jpg": "a vase of flowers sitting on top of a table", "19267-artemis.jpg": "a couple of men standing next to each other", "41115-16_7joy.jpg": "a group of people standing in a room", "40168-stmonica.jpg": "a man with a beard and a beard", "23132-2chapte8.jpg": "a close up of a large stone wall", "19986-notiding.jpg": "a man standing next to a group of people", "17455-st_john.jpg": "a man sitting next to a baby on a horse", "31464-crucifix.jpg": "a group of people standing next to a statue", "13465-view_del.jpg": "a woman is sitting in front of a church", "40939-071ecceh.jpg": "a crowd of people standing in front of a building", "27127-v_grapes.jpg": "a woman holding a baby while sitting on a couch", "05015-outdoor2.jpg": "a group of people sitting around a table with food on it", "24767-c_thief.jpg": "a statue of a man with a hat on", "36940-bathers1.jpg": "a group of people playing with a dog", "16579-leonello.jpg": "a man wearing a red shirt and a red tie", "31976-13friend.jpg": "a man with a hat and a black hat", "07074-2diana.jpg": "a group of people that are sitting on a couch", "15748-justice.jpg": "a group of people sitting on top of elephants", "19068-fetecham.jpg": "a large group of people in a room", "29900-still_li.jpg": "a painting of a bunch of fruits and vegetables", "40769-11icon.jpg": "a group of people that are standing in a room", "44060-1crucifi.jpg": "a couple of people standing next to each other", "10140-19relig2.jpg": "a group of people standing next to each other", "08945-allegory.jpg": "a group of people standing next to each other", "22755-letter2.jpg": "a woman sitting in a room with a banana"}