{"42100-19studi1.jpg": "an old building with a clock on the wall", "26044-13nocel2.jpg": "a painting of a woman and a horse", "38614-revelle1.jpg": "a group of people standing around a hut", "34980-03formis.jpg": "a clock on the side of a building", "08194-tavern.jpg": "a group of people sitting around a wooden bench", "00367-2landsca.jpg": "a view of a tree in front of a building", "20065-051guita.jpg": "a couple of people that are holding a tie", "33426-69newtes.jpg": "a group of people standing next to each other", "36705-breakfas.jpg": "a table that has some food on it", "02918-stiffbre.jpg": "a boat that is floating in the water", "33536-47portra.jpg": "a man with a beard and a beard", "24608-manglass.jpg": "a man wearing a hat and holding a book", "23248-holy_fam.jpg": "a group of people standing in front of a mirror", "41919-bristow.jpg": "a woman in a yellow jacket holding a bird", "11314-502delac.jpg": "a painting of a painting of a man and a painting", "24001-zeno05.jpg": "a group of people standing in a room", "24949-borgo3.jpg": "a close up of a person wearing a tie", "06998-14square.jpg": "a forest with trees and trees in the background", "17115-3arles29.jpg": "a close up of a brown vase with a painting on it", "05951-sacrific.jpg": "a group of people standing next to horses", "39650-6ecceho.jpg": "a group of people standing next to each other", "28452-marketsc.jpg": "a group of people standing near a statue of a horse", "00334-portra1.jpg": "a close up of a person wearing a tie", "14556-05nightn.jpg": "a black dog sitting in front of a person", "10432-headmoor.jpg": "a close up of a person with a dog", "21634-milner.jpg": "a woman wearing a hat and a hat", "23018-casado.jpg": "a man sitting on a chair wearing a tie", "14843-konigsbr.jpg": "a large stone building with a bridge in the background", "30073-3wolfgah.jpg": "a group of people standing in front of a mirror", "17903-1sandy.jpg": "a couple of people sitting on top of a hill", "30114-grotesqu.jpg": "a painting of a dog and a man on a skateboard", "20147-capricci.jpg": "a group of people riding on the back of horses", "17281-selfpo08.jpg": "a close up of a cat with a face on his face", "18706-4sacrif.jpg": "a room with a chandelier and a chandelier", "08927-cobbler.jpg": "a group of people sitting around a table", "19974-1solomon.jpg": "a large group of statues in a museum", "17251-auvers11.jpg": "a painting of a painting of a building", "43189-archange.jpg": "a woman wearing a hat and a hat", "06913-graveyar.jpg": "a snow covered park covered in snow with trees in the background", "09866-courb206.jpg": "a man sitting on a rock holding a microphone", "16586-1pitti.jpg": "a room with a clock and a chandelier", "38516-pair2.jpg": "a group of people standing around in front of a building", "36006-orator03.jpg": "a painting of a clock on the side of a building", "30457-queen.jpg": "a woman in a dress is standing next to a wall", "08873-16madchi.jpg": "a group of people that are sitting on a bench", "39255-08gigli2.jpg": "a group of people sitting on top of a couch", "14352-art_rooz.jpg": "a living room filled with lots of furniture", "10995-304david.jpg": "an old photo of a woman sitting on a couch", "38300-whistle.jpg": "a brown horse is jumping in the air", "22712-1forest0.jpg": "a room with a large ornate clock", "12475-04self22.jpg": "a woman in a red dress holding a cigarette", "31277-mystical.jpg": "a group of people standing around each other", "32230-05tancred.jpg": "a group of horses that are standing in the dirt", "17070-paris20.jpg": "a green field filled with lots of green plants", "22676-01stluke.jpg": "a statue of a woman sitting on top of an elephant", "28522-1vario05.jpg": "a group of people sitting on a wooden boat", "43905-portlady.jpg": "a woman is sitting on a couch with a purse", "03783-057ferr61.jpg": "a statue of a woman in a dress", "33620-08sp1631.jpg": "a woman is sitting next to a black dog", "21572-orestes.jpg": "a group of people standing next to each other", "08052-young_g.jpg": "a close up of a child in a bathroom", "05426-01madonn.jpg": "a statue of a woman holding a teddy bear", "19522-riverlax.jpg": "a small boat in a body of water", "23392-3bath.jpg": "a group of people sitting on top of a bed", "06580-travel3.jpg": "a group of horses walking down a dirt road", "19137-32nogyps.jpg": "a woman with long hair is smiling", "09112-portrait.jpg": "a woman is sitting in a high chair", "11309-411delac.jpg": "a painting of flowers in a vase on a table", "29459-antwerp.jpg": "a group of people standing in front of a building", "28545-argent051.jpg": "a couple of men standing next to a tree", "20753-daughte.jpg": "a woman in a dress standing next to a river", "44252-nieuwe2.jpg": "a man walking down a street next to a dog", "02473-1fresco1.jpg": "an old man sitting on a wooden bench", "35576-22sp1623.jpg": "a man in a black shirt is standing in the dark", "00518-capture.jpg": "a group of people standing on top of a body of water", "39430-2colleg.jpg": "a large building with a painting on the wall", "40171-healing.jpg": "a group of people sitting in a room", "16616-godfath1.jpg": "a painting on a wall with a painting on it", "19591-virgin_c.jpg": "a man and a woman sitting in front of a mirror", "06255-stlawren.jpg": "a group of people standing next to each other", "29804-port_mel.jpg": "a man sitting in a chair with a laptop", "15473-4spello.jpg": "a painting of a man standing next to a statue", "39306-08ceilin.jpg": "a man laying on a couch next to a man", "24100-7parnas1.jpg": "a group of people standing around a large elephant", "07841-02prese.jpg": "a group of people standing next to each other", "04195-virgin_v.jpg": "a woman sitting on top of a wooden table", "41498-2scene04.jpg": "a group of people sitting on top of a wooden box", "39169-08valmar1.jpg": "a person sitting on a beach next to a tree", "17168-1asylu01.jpg": "a view of a river with trees and trees", "03211-portrait.jpg": "a black and white photo of a man and a woman", "11935-iii_bela.jpg": "a group of people are sitting on a bench", "42119-03cancel.jpg": "a large building with statues and statues on it", "08044-seasons2.jpg": "a woman laying down next to a woman", "39653-01adamev.jpg": "a couple of men standing next to each other", "35301-corinth.jpg": "a group of horses standing on a beach", "39872-nativity.jpg": "a picture of a man in a mirror", "12380-land_cam.jpg": "a herd of animals walking across a dirt road", "29530-marystuar.jpg": "a woman sitting on the ground next to a bird", "35888-orchard.jpg": "a group of people standing around a tree", "40381-miracle6.jpg": "a group of people are sitting on a bench", "19637-horses1.jpg": "a man standing next to a brown horse", "42424-12years.jpg": "a group of people standing next to each other", "26260-francois.jpg": "a group of people sitting around a table", "30320-ruinpaul.jpg": "a group of people are sitting on rocks", "31286-danae.jpg": "a man laying in bed next to a man", "09030-071delph.jpg": "a group of people standing in a field next to a castle", "43723-portdean.jpg": "a man wearing a leather jacket and a tie", "12289-verso26.jpg": "a couple of people standing next to a building", "09375-lock.jpg": "a couple of men standing on top of a wooden boat", "21713-milkmaid.jpg": "a group of people riding on the backs of horses", "44462-riverlan.jpg": "a group of people riding horses down a dirt road", "26143-37frag1.jpg": "a man holding a piece of food in his hand", "38430-6boating.jpg": "a group of people sitting next to each other", "40030-brothe13.jpg": "a statue of a man standing next to a wall", "02625-10arella.jpg": "a painting of a vase with flowers in it", "19841-08erasmu.jpg": "a person sitting on a table with a cat", "08883-apocaly.jpg": "a painting of a painting on the side of a wall", "23694-recovery.jpg": "a group of people standing around in a room", "05671-vulcan1.jpg": "a group of people sitting on top of a bed", "23382-05selfpo.jpg": "a close up of a person wearing a hat", "36801-crisosto.jpg": "a group of people that are sitting down", "00821-panel2.jpg": "a woman standing next to a woman in a dress", "34320-1zane2.jpg": "a painting of a painting with a painting on it", "34990-12nepi.jpg": "a painting on the side of a building", "13265-1birth_f.jpg": "a group of people sitting around a dog", "00575-023johne.jpg": "a statue of a man standing next to a statue", "00065-ark.jpg": "a group of people standing in front of a building", "21627-d_lyon.jpg": "a woman standing next to a tree in a forest", "24006-zeno10.jpg": "a group of people standing next to each other", "18103-2tosse.jpg": "a large vase sitting on top of a mantle", "23164-03monaco.jpg": "a group of people standing next to each other", "09497-marriage.jpg": "a group of people standing next to each other", "00855-annunci.jpg": "a statue of a woman sitting in a room", "43842-hunt.jpg": "a couple of people and a group of animals", "09541-humbert.jpg": "a man sitting in front of a round mirror", "15203-cecilia.jpg": "a black and white photo of a man doing a trick", "36061-lamentat.jpg": "a group of people sitting on top of a bed", "05694-syrinx.jpg": "a group of people sitting on top of a bed", "16041-franc16.jpg": "a group of people standing around a table", "37082-9decora1.jpg": "a close up of a clock on a wall", "41118-18pieta.jpg": "a group of people standing next to each other", "14869-port_lad.jpg": "a woman sitting in front of a large mirror", "22775-virgin_c.jpg": "a woman sitting on a couch holding a baby", "04121-pastoral.jpg": "a group of people and a group of cows", "22910-piazzett.jpg": "a man sitting in front of a mirror", "41371-06arena1.jpg": "a large building with a large painting on it", "32801-34ardin.jpg": "a woman and a baby sitting on top of a car", "07984-farnes29.jpg": "a statue of a man sitting on a <unk>", "12180-cro_f_5.jpg": "a statue of a man sitting next to a statue", "41538-ferdinan.jpg": "a man in a dress is standing next to a <unk>", "42664-donatian.jpg": "a man in a leather jacket holding an umbrella", "34941-25french.jpg": "a painting of a person with a cow", "28451-tobias_a.jpg": "a person standing next to a tree in a field", "31957-01madonn.jpg": "a man and a child are standing next to each other", "30607-2mira05.jpg": "a woman in a dress and a dog", "14842-klosters.jpg": "a black and white photo of a city street", "09845-courb108.jpg": "a man standing on top of a lush green field", "40889-01victor.jpg": "a group of people sitting on top of a elephant", "26081-25nobath.jpg": "a man and a woman standing next to each other", "03703-bankoise.jpg": "a black and white photo of a snowy street", "10319-08charle.jpg": "a close up of a person wearing a hat", "04781-battlesc.jpg": "a group of people riding on the backs of horses", "30778-8study2.jpg": "a black and white photo of a woman in a dress", "21482-eremiti1.jpg": "a woman in a horse is jumping in the air", "28387-david_go.jpg": "a man is sitting on a pile of food", "16391-chris19.jpg": "a large painting of a man and a statue of a man", "35158-zmadonna.jpg": "a couple of people standing next to each other", "32049-allegory.jpg": "a group of people standing around a statue", "33617-06sp1629.jpg": "a close up of a person wearing a black jacket", "29275-208muril.jpg": "a black and white photo of people in a room", "11943-zenobi03.jpg": "a colorful clock on a wall in a room", "03490-s_venera.jpg": "a group of people standing next to each other", "14134-021seesa.jpg": "a painting of a woman and two children", "20811-st_john.jpg": "a woman in an orange dress holding a book", "13646-23ferenc.jpg": "a black and white photo of a man in a suit", "24394-sacrnoah.jpg": "a group of people sitting around a table with a dog", "04020-cremona.jpg": "a group of people standing next to each other", "22493-3mad_ch.jpg": "a group of people standing next to each other", "31467-port_don.jpg": "a statue of a man standing next to a painting", "05887-the_surf.jpg": "a dog that is standing in the dark", "37112-scene27.jpg": "a group of people standing in front of a painting", "08573-1variou3.jpg": "a bunch of fruit sitting on top of a table", "24290-marko1.jpg": "a group of people standing next to a herd of horses", "42865-4brera.jpg": "a group of people sitting on top of a stage", "07491-18phylli.jpg": "a woman holding a flower in her hand", "36074-4barthol.jpg": "a man standing next to a large brown dog", "39664-03salvad.jpg": "a black and white photo of a group of people", "38353-galilei.jpg": "a man with a beard and a beard", "16986-nuenen01.jpg": "an old church with a church in the background", "23994-7agony.jpg": "a couple of people that are laying down", "13436-4signet.jpg": "a man wearing a hat holding an umbrella", "39473-1deucali.jpg": "a group of people sitting on top of a couch", "10230-1venus04.jpg": "a statue of a woman holding a baby", "22269-flock.jpg": "a couple of people standing on top of a lush green field", "30058-4mary.jpg": "a woman in a dress holding an umbrella", "40123-portlady.jpg": "a woman in a green jacket is holding a banana", "16129-chris08.jpg": "a group of people standing next to each other", "33337-3graces.jpg": "a couple of men standing next to each other", "13166-christ_x.jpg": "a group of people sitting around a building", "28581-lazare3.jpg": "a picture of a building and a building", "38055-sanmarco.jpg": "a large building with people walking around it", "18105-2tosse2.jpg": "a painting of a group of people in a room", "26754-01_61mn.jpg": "a statue of a person sitting on a couch", "17270-auvers30.jpg": "a garden with a bunch of green plants on it", "14433-107fried.jpg": "a field with a mountain in the background", "33181-port_wit.jpg": "a woman wearing a black jacket and white shirt", "16528-virgin_c.jpg": "a group of people standing around a building", "09744-grif_04.jpg": "a man in a leather jacket is holding a guitar", "21309-11repent.jpg": "a black and white photo of a woman on a cell phone", "09099-virgin2.jpg": "a woman and a child sitting on a couch", "22919-lady_uni.jpg": "a couple of people sitting on top of a boat", "21737-musician.jpg": "a woman sitting in front of a mirror holding a pair of scissors", "25052-double2.jpg": "a statue of a man sitting on a <unk>", "36299-man_sorr.jpg": "a man and a woman standing next to each other", "29291-300muril.jpg": "a man in a suit holding a brown dog", "12986-leroy1.jpg": "a man standing next to a large brown dog", "17735-303goya1.jpg": "a group of young children standing next to each other", "11655-1valle1.jpg": "a large clock mounted to the side of a building", "43178-self_dau.jpg": "a couple of women sitting next to each other", "07160-canal201.jpg": "a large building with lots of boats in it", "13002-cha_henr.jpg": "a couple of people standing next to each other", "34427-zephyr.jpg": "a group of cows laying on top of each other", "11603-langmat1.jpg": "a large building with people walking around it", "17272-auvers32.jpg": "a large body of water with a body of water", "05889-4doctors.jpg": "a couple of men standing next to each other", "39813-11milita.jpg": "a man with a dog standing next to a man", "21966-1yarnwin.jpg": "a woman sitting on a bed with a baby", "14348-jesusdoc.jpg": "a group of people standing around a group of people", "07206-canal409.jpg": "a group of people standing next to a river", "08916-panel2.jpg": "a couple of women standing next to a building", "44797-stillife.jpg": "a close up of a bowl of fruit on a table", "40890-02archer.jpg": "a crowd of people standing around a building", "32195-01death.jpg": "a group of people that are sitting on a couch", "05834-passion1.jpg": "a group of people standing around a statue", "32231-06massa2.jpg": "a group of people playing a game with a dog", "04480-victory.jpg": "a group of people standing on top of a skateboard", "09602-day.jpg": "a group of people sitting in a room", "35651-13sketch.jpg": "a statue of a <unk> in a museum", "13139-egypt-e.jpg": "a blurry photo of a group of people and a bear", "11569-porter.jpg": "a black and white photo of a woman and a woman", "37928-whitsun.jpg": "a group of people standing in front of a building", "12990-philip.jpg": "a man in a coat and jacket is holding an umbrella", "44556-01monza.jpg": "a large stone building with a large window", "38929-09clemen.jpg": "a picture of a man and a man on a building", "00248-visitat.jpg": "a man and woman standing next to each other", "42406-ships.jpg": "a bunch of boats that are floating in the water", "43548-s_antony.jpg": "a group of people standing next to each other", "21307-09magdam.jpg": "a man and a woman sitting on a couch", "11102-farmyarc.jpg": "a person standing in front of a tree", "12288-verso25.jpg": "a woman standing next to a wall with an umbrella", "16580-crucifix.jpg": "a clock mounted on a wall next to a painting", "39747-12wisdom.jpg": "a couple of women sitting on top of a stuffed animal", "00130-triptic3.jpg": "a group of people standing next to each other", "43665-village.jpg": "a person on a boat in the water", "29987-deadwolf.jpg": "a dog and a basket of food sitting on the ground", "06296-landscap.jpg": "a blurry photo of a person walking in the woods", "31006-rebecca.jpg": "a group of people sitting on top of a couch", "36783-departur.jpg": "a group of people on boats in the water", "29923-p_family.jpg": "a black and white photo of a group of people", "00643-redeemer.jpg": "a man with a beard and a dog", "07141-flowers3.jpg": "a vase of flowers sitting on a table", "28423-beach.jpg": "a group of people standing around a building", "38978-16triump.jpg": "a group of people standing next to each other", "06902-banquet.jpg": "a group of people sitting around a table", "42860-3turin0.jpg": "a group of people sitting next to each other", "15115-angelico.jpg": "a large clock mounted to the side of a building", "07335-pathmos.jpg": "a person sitting on a couch next to an umbrella", "13706-fresco4.jpg": "a group of people standing around a pile of sheep", "35699-water_m1.jpg": "an old building with a building in the background", "03506-hercules.jpg": "a group of people that are sitting down", "05622-coronati.jpg": "a painting of a woman standing next to a painting", "04441-manzana1.jpg": "a couple of animals that are standing in the grass", "20451-elisha.jpg": "a couple of people sitting next to each other", "08315-saints4.jpg": "a statue of a man in a dress and tie", "33647-06landsc.jpg": "a person riding on the back of a mountain", "17048-still07.jpg": "a glass vase with some stuffed animals in it", "18402-1902grec.jpg": "a statue of a man jumping in the air", "14651-01baronc.jpg": "a large ornate clock in a large building", "18471-gougenot.jpg": "a woman wearing a tie and a tie", "06593-5sense2.jpg": "a living room filled with lots of pictures", "32353-21ignazi.jpg": "a large group of elephants in a museum", "36904-parting.jpg": "a group of people standing next to each other", "21672-shepherd.jpg": "a group of people standing next to each other", "41890-vendra13.jpg": "a group of birds that are on a rock", "36130-still_li.jpg": "a bunch of fruit sitting on top of a table", "20106-41hooch.jpg": "a woman holding a basket of food in a room", "18852-assumpti.jpg": "a group of people are sitting on a bench", "34680-bentiv_1.jpg": "a woman wearing a red hat holding a red umbrella", "14576-son.jpg": "a little boy that is sitting in a chair", "06173-forestfl.jpg": "a painting of a plant and a plant", "34639-pontesol.jpg": "a large stone building with a bridge in the background", "38210-boeiers.jpg": "a bunch of boats that are sitting in the water", "31275-madonna.jpg": "a painting of a woman reading a book", "38770-family_g.jpg": "a black and white photo of a woman and a cat", "42716-shepherd.jpg": "a group of people standing next to a herd of sheep", "35666-deesis3.jpg": "a statue of a man standing next to a statue", "44796-virginch.jpg": "a woman in a red shirt sitting in a room", "30419-rocca2.jpg": "a group of statues sitting in front of a painting", "42206-0105vela.jpg": "a couple of people standing around a table", "38946-09gesuat.jpg": "a group of people sitting on top of a building", "18367-1602grec.jpg": "a picture of a man and a dog", "41637-5caesar.jpg": "a group of people standing next to each other", "41368-04figlin.jpg": "a group of people standing in a room", "01025-s_portra.jpg": "a woman in a black jacket and a black jacket", "25167-virgin.jpg": "a woman sitting on a bench next to a teddy bear", "10738-councilm.jpg": "a group of people standing next to a building", "21023-portrai1.jpg": "a black and white photo of a woman in a suit", "04846-stillife.jpg": "a wooden table topped with lots of clutter", "31306-nativity.jpg": "a painting of a man sitting on a bench", "33189-battle.jpg": "a group of people sitting on top of a pile of rocks", "08889-vault.jpg": "a painting on a wall with a painting on the wall", "33913-tivoli.jpg": "a man standing next to a tree in a forest", "23391-2twiligh.jpg": "a herd of sheep standing on top of a lush green field", "42273-0608vela.jpg": "a black and white photo of a woman holding a cow", "13432-1holzha3.jpg": "a woman wearing a yellow hat eating a hot dog", "36845-swags.jpg": "a bouquet of flowers in a vase on a wall", "00684-virgin.jpg": "a group of people sitting in a room", "16490-61crucif.jpg": "a group of women standing in front of a building", "10298-06woman2.jpg": "a woman wearing a red and white scarf", "35398-07desce1.jpg": "a group of people standing next to each other", "44540-humility.jpg": "a painting of a woman and a woman", "00796-perugia0.jpg": "a group of people standing in front of a painting", "03767-034madon.jpg": "a woman sitting in a chair holding a teddy bear", "28320-extensiv.jpg": "a group of people standing next to a river", "15329-colonna3.jpg": "a large glass display display of a museum", "35743-wheat_f.jpg": "a person standing on top of a dirt road", "21445-repas_it.jpg": "a group of people are sitting on the ground", "43914-cupid.jpg": "a woman in a bikini standing next to a painting", "37953-m_compan.jpg": "a group of people sitting on the ground with dogs", "04570-jerome.jpg": "a couple of people that are laying down", "06540-still_li.jpg": "a bunch of fruits and vegetables on a table", "39478-4women_p.jpg": "a group of people sitting on top of a horse", "19334-landpaul.jpg": "a large group of people standing around a river", "42243-0311vela.jpg": "a woman standing next to a dog and a tree", "19786-dianacal.jpg": "a group of people standing next to a body of water", "30283-sorrows.jpg": "a man with a hat on holding a hat", "20087-13hooch.jpg": "a woman sitting on a bench next to a woman", "09492-p_woman.jpg": "a woman wearing a hat and a hat", "25133-virgin3s.jpg": "a group of people posing for a picture", "21130-cosel.jpg": "a group of people riding horses down a beach", "13366-l3adora.jpg": "a large group of people standing around each other", "14656-06baronc.jpg": "a group of people standing next to a building", "38625-temptaty.jpg": "an old picture of a man and a dog", "27009-ceres.jpg": "a statue of a man sitting in front of a clock", "21261-port_man.jpg": "a woman wearing a hat and a hat", "21817-stil-lif.jpg": "a table filled with lots of different types of fruit", "13455-slaughte.jpg": "a woman standing next to a large wooden sculpture", "20259-singeri6.jpg": "a group of people standing around a fountain", "44776-brother.jpg": "a couple of men standing next to each other", "05240-12ecentr.jpg": "a group of people standing in front of a building", "20450-disobedi.jpg": "a group of people sitting around a table", "19456-flowers.jpg": "a bouquet of flowers in a vase on a table", "09012-07rebecc.jpg": "a group of people sitting on top of a sandy beach", "39731-6tarquin.jpg": "a couple of people that are sitting on a couch", "04164-1pallav1.jpg": "a room that has a painting on the wall", "40331-malenude.jpg": "a group of men standing around a statue", "03789-057ferrd.jpg": "a group of people sitting around a building", "33623-11sp1634.jpg": "a woman wearing a hat and a hat", "01106-portra_m.jpg": "a close up of a person wearing a red hat", "07712-4birth1.jpg": "a group of people standing next to each other", "29610-virgin_c.jpg": "a painting of a woman holding a monkey", "43243-elegant.jpg": "a group of people standing in front of some trees", "14400-holyfami.jpg": "a man and a woman sitting on a couch", "17050-still09.jpg": "a statue of a statue in front of a wall", "36123-d_carlos.jpg": "a young boy dressed in a pirate costume", "00947-01crucif.jpg": "a group of people standing next to each other", "29939-feasting.jpg": "a group of people sitting in a room", "15584-03corona.jpg": "a large painting of a painting on a wall", "42946-3ceilin1.jpg": "a woman sitting on a bed in a room", "07332-mary.jpg": "a close up of a person in a room", "44758-bonavent.jpg": "a group of people standing around a pile of furniture", "28499-early08.jpg": "a group of people standing next to each other", "22187-riverlan.jpg": "a large body of water next to a body of water", "35640-07euchar.jpg": "a group of people sitting on top of a bench", "06808-virgin_c.jpg": "a man and a child sitting in front of a mirror", "36860-crucifi.jpg": "a picture of a man with a hat on", "36791-edward6.jpg": "a statue of a woman standing next to a window", "44611-deadchri.jpg": "a group of people sitting on a couch", "30505-lan_ruin.jpg": "a couple of people sitting on top of a beach", "16834-monteluc.jpg": "a group of people sitting in a room", "37797-3east3.jpg": "a group of people standing next to each other", "18526-2summer2.jpg": "a group of people in a field with some animals", "10772-adorati1.jpg": "a group of people standing around a cake", "31994-3tondo1.jpg": "a picture of a man in a mirror", "03508-holyfami.jpg": "a group of people standing around a woman", "34471-mother1.jpg": "a painting of a man sitting on a window sill", "34076-3renoi23.jpg": "a woman in a dress holding a baseball bat", "18119-cecilia.jpg": "a group of people sitting around a table", "20786-baptism.jpg": "a group of people standing next to each other", "24918-lawrenc2.jpg": "a painting of a man and a woman", "14631-2north3.jpg": "a group of people standing next to each other", "10055-drunkard.jpg": "a black and white photo of a man in a dark room", "35554-05pallav.jpg": "a man with a hat and a hat on", "16377-chris05.jpg": "a group of people standing in front of a building", "35308-rossau2.jpg": "a large clock on a wall in a room", "22560-1dragon.jpg": "a large building with a large clock on it", "09725-calasanz.jpg": "a group of people standing in a room", "43915-edward3.jpg": "a group of people riding on the backs of horses", "35126-bacchana.jpg": "a group of people in a pool with a dog", "43485-porteden.jpg": "a group of people walking down a dirt road", "09182-cristop.jpg": "a couple of people standing next to a fountain", "41187-zzecceho.jpg": "a group of people standing in front of a building", "00669-assumpti.jpg": "a group of people standing on top of a bench", "17151-portra03.jpg": "a close up of a person wearing a uniform", "00320-landmose.jpg": "a group of people sitting in a park near a river", "20782-lazarus.jpg": "a large group of people in a room", "39466-06susan.jpg": "a woman is sitting on a bench next to a tree", "05648-b_odalis.jpg": "a man laying on a bed in a room", "11536-cheeses.jpg": "an assortment of fruits and vegetables on a table", "39170-09valma.jpg": "a group of people sitting on top of a wall", "07232-canal602.jpg": "a group of boats that are sitting in the water", "38562-flautist.jpg": "a woman holding a cigarette in her hand", "09146-queen_el.jpg": "a close up of a person wearing a costume", "23692-2adorati.jpg": "a group of people sitting around a building", "07195-canal311.jpg": "a group of boats that are sitting in the water", "42735-hunting1.jpg": "a group of people on a boat in a river", "18420-2101grec.jpg": "a group of people standing in front of a building", "32793-29christ.jpg": "a young man in a red shirt is holding up his arms", "15140-dianaend.jpg": "a couple of people that are standing in the water", "11662-giustini.jpg": "a painting on a wall with pictures on it", "04211-pieta.jpg": "a painting of a man sitting on a boat", "24208-oarsmen.jpg": "a couple of people standing next to each other", "26360-writing1.jpg": "a man sitting in a chair in front of a mirror", "10403-10hunt.jpg": "a group of people standing on top of a lush green field", "16112-chris02.jpg": "a group of people standing next to each other", "21552-self-por.jpg": "a man in a hat sitting in front of a painting", "21371-educatio.jpg": "a couple of women sitting on a bench", "00899-3vault.jpg": "a blue and gold clock on the side of a building", "33519-33portra.jpg": "a close up of a person wearing a hat", "44598-1cent1.jpg": "a living room with a couch and a table", "07677-balbi1.jpg": "a man with long hair is laying down", "08557-3lands04.jpg": "a painting of a tree in a forest", "09145-king_frb.jpg": "a statue of a man standing next to a horse", "34356-watzman.jpg": "a view of a mountain in the distance", "34927-08gartem.jpg": "a painting of a man sitting on a horse", "11461-dog_cat.jpg": "a couple of cats and a cat laying on the ground", "07968-farnes13.jpg": "a picture of a group of people and a painting", "40219-madre2.jpg": "a statue of a woman in a red dress", "19291-titus.jpg": "a clock tower in front of a stone building", "34204-apollo.jpg": "a dog sitting on top of a couch next to a woman", "21974-7lastsup.jpg": "a large group of people sitting around a table", "44709-assumpt.jpg": "a man and a woman standing next to a dog", "19047-selfport.jpg": "a man wearing a hat and a tie", "17812-716goya.jpg": "a statue of a man dressed in a costume", "24263-portrait.jpg": "a man sitting in front of a christmas tree", "32895-2bolsen.jpg": "a group of people standing next to each other", "10154-49religi.jpg": "a close up of a person wearing a mask", "29528-lacemake.jpg": "a man sitting on the floor holding a remote", "31242-ludovico.jpg": "a statue of a man standing next to a statue", "19830-5wife.jpg": "a man in a brown shirt sitting on a chair", "20796-portrai2.jpg": "a close up of a person wearing a hat", "07320-paris3.jpg": "a group of people standing around a horse drawn carriage", "07461-05franc.jpg": "a man and woman are laying on a couch", "14350-art_room.jpg": "a room with a painting on the wall", "07666-carlev10.jpg": "a large building with a clock tower in front of it", "32718-hunt2.jpg": "a group of people riding on the backs of horses", "06678-summer2.jpg": "a group of people sitting on top of a sandy beach", "34953-09german.jpg": "a clock on a wall with a painting on it", "33462-25oldtes.jpg": "a woman in a red shirt holding a tie", "21780-viewflor.jpg": "a bridge over a river with a bridge in the background", "11612-agucchi2.jpg": "a man in a suit and tie holding a paper", "28362-1basket.jpg": "a basket of fruit sitting on a wooden table", "22651-0madonna.jpg": "a woman sitting on a chair holding a baby", "26052-14flore.jpg": "a group of people standing in front of a mirror", "17065-paris15.jpg": "a large building with a building in the background", "41962-carrying.jpg": "a couple of dogs that are laying down", "21667-nicolas.jpg": "a man with a hat and a hat on", "41096-05apocal.jpg": "a woman holding a tennis racket in front of a wall", "39125-pulcinel.jpg": "a group of people standing next to a stone wall", "42118-02cancel.jpg": "a building with statues and statues on it", "18878-penitent.jpg": "a statue of a woman sitting on a rock", "44353-cavalry.jpg": "a black and white photo of a group of people", "35603-05landsd.jpg": "a group of people standing next to a mountain", "11103-farmyard.jpg": "a tree in a field next to a tree", "07262-canal712.jpg": "a large building with a clock tower in the middle", "20783-miraculo.jpg": "a group of people sitting on the back of a boat", "08069-sickchil.jpg": "a woman holding a baby and a baby", "08777-death_v.jpg": "a group of people standing around in a room", "37120-1scourgi.jpg": "a group of men standing next to each other", "01159-virgin_c.jpg": "a group of people standing next to each other", "24109-95magi.jpg": "a group of people standing next to each other", "36054-charity.jpg": "a group of people sitting on top of a bed", "40318-207turne.jpg": "a close up of a person holding a <unk>", "33993-5cappell.jpg": "a statue of a man standing next to a statue", "03636-triptici.jpg": "a group of people standing around a building", "29872-zelle.jpg": "a woman sitting on a table with a book", "33525-39portra.jpg": "a man in a black shirt holding a hat", "31831-nymphs.jpg": "a group of people sitting in front of a large mirror", "08196-carrying.jpg": "a woman wearing a blue shirt and a blue shirt", "37406-slevogt2.jpg": "a man standing in the rain with a horse", "43212-crossroa.jpg": "a group of horses walking down a dirt road", "36126-philip_2.jpg": "a man in a black jacket holding a tie", "41537-donatell.jpg": "a close up of a person wearing a hat", "33574-103portr.jpg": "a woman wearing a hat and a tie", "21316-06carpe.jpg": "a group of people standing around each other", "23150-port_wom.jpg": "a woman in a black shirt is holding a <unk>", "07664-carlev09.jpg": "a group of people standing in front of a large building", "02626-11arella.jpg": "a vase of flowers sitting on top of a table", "18213-0306grec.jpg": "a close up of a person wearing a leather jacket"}