{"00812-marco_p2.jpg": "a group of people standing in front of a building", "17182-2enclos5.jpg": "a man standing next to a dog on a beach", "38837-1view.jpg": "a picture of a painting on the wall", "36877-charity1.jpg": "a woman holding a baby in a room", "05827-2erasm.jpg": "a picture of a man and a dog", "08310-woman.jpg": "a woman sitting next to a stuffed animal", "30956-miltiade.jpg": "a group of people sitting on a bed", "09268-expulsio.jpg": "a dog sitting in front of a stone wall", "41396-13panel1.jpg": "a group of people riding on the back of a <unk>", "30482-perseus.jpg": "a couple of women standing next to a statue", "36373-5miracle.jpg": "a group of people standing next to each other", "18109-3visita2.jpg": "a group of people standing next to each other", "21514-cassandr.jpg": "a shirtless man sitting on top of a wooden bench", "14993-tahiti52.jpg": "a painting of a vase with flowers in it", "37124-4l_child.jpg": "a group of people sitting around a table", "30211-1cicogn2.jpg": "a group of people sitting around a building", "25277-05lastsu.jpg": "a group of people that are sitting down", "18935-wings.jpg": "a picture of a man and a picture", "05818-virgin_c.jpg": "a man holding a baby in his hands", "39992-3redhea2.jpg": "a black and white photo of a man with a beard", "38502-andrew.jpg": "a group of people sitting in a room", "15164-10quarat.jpg": "a group of people standing next to a fireplace", "40874-00deposi.jpg": "a group of people standing next to each other", "34134-jerome.jpg": "a man sitting in front of a bed with a book", "23978-sanluca1.jpg": "a picture of a man standing in front of a building", "39969-09early.jpg": "a man sitting in front of a stone wall", "23396-7lippich.jpg": "a statue of a woman holding a flower", "33627-14sp1643.jpg": "a man in a dress is smiling", "32579-05holyfa.jpg": "a woman sitting on a bed with two stuffed animals", "37580-lamentat.jpg": "a group of people sitting on top of a wooden floor", "17701-judmidas.jpg": "a group of people standing in front of a tree", "04927-stillife.jpg": "a vase of flowers sitting on a table", "09638-flowers1.jpg": "a painting of flowers in a vase on a table", "40348-01prato.jpg": "a group of people standing in front of a decorated clock", "34823-s_andrew.jpg": "a group of people standing next to each other", "31276-mary_mag.jpg": "a woman sitting on a table reading a book", "23319-2trescor.jpg": "a group of people standing next to a wooden structure", "39836-p_lucker.jpg": "a man in a black jacket and a white shirt", "05658-glandsca.jpg": "a small house with a boat in the middle", "32349-17ignazi.jpg": "a man riding on the back of a boat with a dog", "37531-5domeni1.jpg": "a large group of people standing next to each other", "30377-maskball.jpg": "a group of people standing next to a building", "12399-debuissy.jpg": "a man in a red shirt sitting on a wall", "26023-13john.jpg": "a group of people standing around a building", "34139-taxcolle.jpg": "a man with a scarf and a cat", "07814-3funera.jpg": "a group of men standing next to a building", "34709-avogadr1.jpg": "a group of men standing next to each other", "24819-holyfami.jpg": "a woman sitting next to a man on a boat", "31900-vcharity.jpg": "a woman in a red dress is holding a baby", "14207-cosimo3.jpg": "a statue of a man wearing a costume", "15487-3ceiling.jpg": "a painting of a painting on the side of a building", "32258-10jupite.jpg": "a group of people standing around a tree", "38712-concert3.jpg": "a group of people standing next to each other", "35814-stillife.jpg": "a bunch of yellow flowers in a vase", "21302-05thomas.jpg": "a man with a beard is holding an umbrella", "44539-humilitz.jpg": "a statue of a man with a teddy bear", "23509-cavalry.jpg": "a group of people riding on the backs of horses", "21228-3munthe.jpg": "a man is standing in front of a sink", "04677-jerome.jpg": "a woman is holding a baby in her lap", "27145-bacchant.jpg": "a woman sitting on a bed holding a piece of food", "30134-company.jpg": "a group of people that are standing around", "40400-landcart.jpg": "a horse drawn carriage on a river with trees", "07717-5altar2.jpg": "a statue of a man standing next to a stone wall", "26389-2maria_t.jpg": "a woman wearing a dress and a white dress", "09290-vision.jpg": "a group of people standing next to a castle", "16989-nuenen04.jpg": "a painting of a man standing in front of a building", "25363-bacchus.jpg": "a group of people that are in the water", "40169-annuncia.jpg": "a painting of a person with a cat on top of it", "28416-quackass.jpg": "a group of people standing around a dog", "17489-6norfol6.jpg": "a man in a striped shirt sitting in a chair", "15159-05quarat.jpg": "a statue of a man standing next to a clock", "34951-31german.jpg": "a close up of a clock on a wall", "39509-24venier.jpg": "a statue of a woman standing next to a woman", "12532-04veneti.jpg": "a close up of a person wearing a hat", "42207-0106vela.jpg": "a man sitting in front of a wooden table", "26369-cambrai.jpg": "a group of people riding horses in a field", "17535-2hercul.jpg": "a couple of men sitting next to each other", "08690-12attrib.jpg": "a statue of a man sitting on top of a table", "07145-antoninu.jpg": "an old church with a building in the background", "01150-landscap.jpg": "a group of people standing next to a house", "13745-studywom.jpg": "a woman with a hat on her head", "02745-scene06.jpg": "a group of people standing next to a stone wall", "04841-stillife.jpg": "a table with a table and a table", "18563-legrand.jpg": "a woman in a costume riding a horse", "18554-1pasteur.jpg": "a woman sitting on a bed in a room", "12590-2muffel.jpg": "a close up of a person wearing a hat", "42980-4aristot.jpg": "a dog that is sitting on a chair", "13140-flight.jpg": "a large group of people sitting in a room", "10533-madonn.jpg": "a statue of a woman sitting on a table", "04742-expulsio.jpg": "a group of people standing next to a building", "35479-20mythol.jpg": "a man holding a bunch of fruits and vegetables", "35946-3utrech1.jpg": "a church with people sitting on the floor", "33016-17farnes.jpg": "a couple of men laying on top of a bed", "35062-ainslie.jpg": "a woman and a baby in a bed", "18268-0807grec.jpg": "a woman in a red jacket is holding a cell phone", "15855-cratetes.jpg": "a man wearing a shirt and tie holding a hand", "32300-2sacram3.jpg": "a group of people sitting around a table", "10630-riverban.jpg": "a herd of cattle standing on top of a sandy beach", "29776-resurrec.jpg": "a group of people standing around a statue", "03583-drinker.jpg": "a man in a white shirt and a cat", "33289-stillife.jpg": "a wooden table topped with a bunch of bananas", "23775-interior.jpg": "a group of people standing in front of a building", "40929-03adorat.jpg": "a group of people standing next to each other", "00477-zephyr.jpg": "a man and a woman sitting on a bed", "30228-01washfe.jpg": "a group of people sitting on the ground", "37829-christ_s.jpg": "a man sitting on the ground with a teddy bear", "23292-04rosary.jpg": "a man wearing a black shirt and holding a <unk>", "39870-s_albert.jpg": "a painting of a man reading a book", "42101-19studi2.jpg": "an old building with a clock on the wall", "22551-4ceilin.jpg": "a clock that is on the side of a building", "16068-00view1.jpg": "a large building with statues on the front of it", "32774-08portra.jpg": "a man wearing a black jacket and black jacket", "33397-17newtes.jpg": "a black and white photo of a group of people", "13770-hero_lea.jpg": "a group of people sitting on top of a sandy beach", "00611-9petrarc.jpg": "a woman in a red dress standing next to a wall", "21474-diana.jpg": "a group of people standing next to a tree", "14630-2north2.jpg": "a statue of a building with statues on it", "20037-01samson.jpg": "a couple of women sitting on a couch", "13652-village1.jpg": "a large group of people standing in front of a castle", "12061-young_gr.jpg": "a little girl standing in front of a mirror", "30912-predella.jpg": "a group of people standing next to each other", "42320-1009vela.jpg": "a close up of a person with a dog", "38912-02rapeeu.jpg": "a group of people standing next to a group of horses", "01157-madonna.jpg": "a woman in a dress sitting on a boat", "18851-arcadia.jpg": "a couple of women standing next to each other", "36776-portma.jpg": "a man in a white shirt is looking at a cell phone", "15008-tahiti66.jpg": "a group of people standing next to each other", "13690-madonna.jpg": "a woman in a suit and tie sitting down", "23726-port_wom.jpg": "a woman in a costume is holding a stuffed animal", "24776-annuncia.jpg": "a group of people sitting around a table", "15211-felicity.jpg": "a woman sitting on top of a baseball glove", "32792-28unicor.jpg": "a woman sitting on a couch with a dog", "42359-winter_n.jpg": "a group of people standing around a wooden structure", "05270-hermit2.jpg": "a group of people standing in a room", "39779-05musici.jpg": "a black and white photo of a man wearing a suit", "39729-6actaeon.jpg": "a woman standing next to a tree in a forest", "42814-2coccin.jpg": "a group of people standing next to each other", "02785-stilflow.jpg": "a vase filled with flowers sitting on top of a table", "30884-tobias.jpg": "a couple of women standing next to each other", "03068-hersemer.jpg": "a group of people sitting in a room", "32050-croesus.jpg": "a group of people standing around a table", "25101-3virgin.jpg": "a group of women sitting next to each other", "05795-figurela.jpg": "a group of people are standing in the water", "23069-90madonn.jpg": "a woman in a red dress and tie", "02999-portugal.jpg": "there is a painting on the wall of a building", "00531-2east.jpg": "there is a painting on the wall of a building", "11266-113delac.jpg": "a woman in a hat is sitting on a rock", "42389-calm_sea.jpg": "a boat that is floating in the water", "14975-tahiti21.jpg": "two women sitting on a bench with a dog", "09017-11paris.jpg": "a group of people sitting on top of a lush green field", "13069-asow.jpg": "a couple of boats that are floating in the water", "08549-2figure1.jpg": "a couple of men sitting next to each other", "44650-ziem91.jpg": "a boat that is floating in the water", "25229-1garam.jpg": "a statue of a horse in a room", "44513-landsc_r.jpg": "a group of people standing next to a river", "21291-regency.jpg": "a group of women sitting on top of a wooden bench", "19678-small_to.jpg": "an old photo of a church with a church in the background", "22762-judith.jpg": "a woman laying on top of a blanket next to a dog", "32358-rossau1.jpg": "a room that has a painting on the wall", "43064-girl_blu.jpg": "a woman in a blue dress standing next to a wall", "10860-063mothe.jpg": "a black and white photo of a man and a woman", "19763-watermil.jpg": "a scenic view of a town with a small house in the background", "30919-knobelsd.jpg": "a woman in a red jacket sitting in a room", "09402-madonna.jpg": "a group of people standing next to each other", "14990-2ponta05.jpg": "a couple of women standing next to each other", "17037-flower10.jpg": "a blue vase filled with lots of colorful flowers", "27064-port_man.jpg": "a man is sitting in front of a suitcase", "05846-0altar1.jpg": "a group of people standing around a building", "39626-4christx.jpg": "a woman is holding a baby on a horse", "24462-pisa_fr1.jpg": "an old man standing next to a man", "00220-triptych.jpg": "a statue of a man standing next to a statue", "23610-stillif3.jpg": "an assortment of fruits and vegetables on a table", "07951-sleepven.jpg": "a group of people sitting on a couch with stuffed animals", "23459-portlady.jpg": "a woman wearing a hat and wearing a hat", "29419-marie_a1.jpg": "a woman sitting on a bed with flowers in the background", "26397-2departi.jpg": "a large group of people standing around a herd of horses", "00131-vendor_f.jpg": "a man in a cowboy hat sitting on a hat", "31478-immacula.jpg": "a group of people that are standing on the ground", "39960-the_kiss.jpg": "a woman and a child sitting in a chair", "40260-m_zodiac.jpg": "a man sitting on a chair holding a teddy bear", "04500-charles8.jpg": "a group of people in a parade with horses", "29260-110muril.jpg": "a man standing in front of a dark wall", "20579-company6.jpg": "a group of people sitting on top of a wooden floor", "16599-loggettb.jpg": "a group of people sitting on top of a wall", "33659-06misc.jpg": "a man and a woman sitting next to each other", "23852-3manet11.jpg": "a couple of men standing next to a boat", "07617-69salome.jpg": "a man and a woman standing next to each other", "11290-312delac.jpg": "a close up of a person laying on a couch", "20802-polypty5.jpg": "a group of people standing next to each other", "22343-4elemen1.jpg": "a woman holding a knife in her hands", "41684-06domini.jpg": "a picture of a painting on the wall", "18321-1209grec.jpg": "a group of people standing around a large elephant", "42775-3martyr.jpg": "a group of people standing next to each other", "09437-henshaw.jpg": "a woman in a red dress and a black shirt", "18532-february.jpg": "a couple of horses standing next to each other", "38651-suitor.jpg": "a group of women standing next to each other", "26334-manwoman.jpg": "a couple of women sitting next to each other", "07595-56christ.jpg": "a group of people standing next to each other", "37986-girlsrun.jpg": "a group of people standing next to each other", "11558-dariusfa.jpg": "a group of people standing next to each other", "09685-6saturn1.jpg": "a clock that is on top of a wall", "38963-07discov.jpg": "a group of people sitting on top of a wall", "28404-duet.jpg": "a man and a woman sitting on a bench", "19310-elliston.jpg": "a close up of a person in a dark room", "19503-annuncia.jpg": "a statue of a woman standing next to a statue", "21542-la_belle.jpg": "a woman holding an umbrella and a dog", "35510-42mythol.jpg": "a couple of people that are standing next to each other", "38242-madonna.jpg": "a group of people sitting on top of a bed", "29751-itineran.jpg": "a group of people standing around a building", "36746-assumpti.jpg": "a group of people standing next to each other", "40187-bacchus.jpg": "a group of people on a beach with a tree", "14211-rossau1.jpg": "a group of people sitting on the ground", "04181-sebastia.jpg": "a man and a baby are in the dark", "32177-margaret.jpg": "a little girl wearing a dress and a tie", "39129-trojan_ho.jpg": "a group of people standing around a group of horses", "40355-07prato.jpg": "a picture of a woman in a dress", "04857-bogdan10.jpg": "a group of dogs standing around a pile of fruit", "10756-apocalyp.jpg": "a silhouette of a person holding onto a boat", "44066-7lamenta.jpg": "a group of people standing next to each other", "06586-wooded.jpg": "a view of a large tree in the water", "20015-landscap.jpg": "a large tree in the middle of a field", "03330-holyfami.jpg": "a group of people standing next to each other", "36650-family.jpg": "a group of people sitting on a couch", "21321-09blind.jpg": "a man sitting on a couch holding a guitar", "34780-bust11.jpg": "a close up of a large black elephant", "44767-shepher.jpg": "a man sitting next to a woman with a baby", "08619-o_talon.jpg": "a man sitting in a chair holding a cell phone", "01103-manportr.jpg": "a close up of a person wearing a red shirt", "39840-queen_fr.jpg": "a woman in a dress sitting on a bed", "11311-413delac.jpg": "a painting of a dog and a dog on a wall", "10254-2golden1.jpg": "a group of young men standing next to each other", "07636-90holyfa.jpg": "a couple of people that are sitting down", "37513-4predell.jpg": "a group of people standing next to each other", "29391-castle1.jpg": "a group of people standing on top of a rocky cliff", "43993-1bladel.jpg": "a group of people standing around a building", "26290-boy_draw.jpg": "a woman sitting in a chair reading a book", "04935-casio1.jpg": "a man wearing a suit and tie with a hat on", "20265-spaniel.jpg": "a dog that is standing on a table", "19256-portdunk.jpg": "a couple of people sitting next to each other", "11486-portshaw.jpg": "a woman is standing next to a tree", "22660-2ceppo.jpg": "an old photo of a woman in a dress", "43312-umilta.jpg": "a painting of a woman sitting next to a clock", "40800-001chris.jpg": "a picture of a painting on the wall", "17063-paris13.jpg": "a man standing next to a tree in the snow", "12260-verso081.jpg": "a group of people standing next to each other", "26217-1altar.jpg": "a large clock that is on the side of a building", "10310-04luthe3.jpg": "a couple of men standing next to each other", "41535-cato.jpg": "a man is sitting on a leather couch", "13915-company.jpg": "a group of men in costumes on a stage", "19622-joseph.jpg": "a man and a woman sitting on a couch", "37954-m_party.jpg": "a group of people sitting around a group of people", "07032-lastsupp.jpg": "a group of people standing around a statue in a room", "22354-old_man3.jpg": "a close up of a person with a dog", "37925-skittle.jpg": "a group of people standing around a wooden fence", "04925-flower_p.jpg": "a close up of a vase with flowers in it", "07892-marsyas.jpg": "a group of people sitting on top of a bed", "05864-scene.jpg": "a woman in a kitchen preparing fruits and vegetables", "34202-thales.jpg": "a man in a suit is holding a <unk>", "21248-volkonsk.jpg": "a statue of a man sitting on a couch", "34703-flowers2.jpg": "a bunch of flowers that are in a tree", "36998-rainbow.jpg": "a group of horses and horses in a field", "26328-breakfes.jpg": "a couple of women sitting next to a dog", "43537-triumph.jpg": "a group of people sitting on top of a row of dogs", "09672-2venere2.jpg": "a large clock mounted to the side of a wall", "25874-chess.jpg": "a group of people sitting around a table", "33483-01histor.jpg": "a group of people standing on top of a motorcycle", "24432-expuls.jpg": "a man is talking on a cell phone", "04479-procurat.jpg": "a group of birds sitting on top of a rock", "02865-baptism.jpg": "a group of people standing next to each other", "03278-coronat.jpg": "a large clock that is in front of a building", "30141-merrycom.jpg": "a group of people sitting on top of a table", "07181-canal225.jpg": "a large body of water surrounded by buildings", "29363-0view1.jpg": "a large clock in the middle of a building", "18889-flagel_c.jpg": "a group of people standing next to each other", "04874-w_horse.jpg": "a group of people riding horses down a bridge", "17952-winterla.jpg": "a group of people standing next to a tree", "10189-5lotdaug.jpg": "a group of people standing next to each other", "37589-benedict.jpg": "a group of people standing in front of a building", "20412-1warlord.jpg": "a young boy standing on a dirt road holding a stick", "43917-musidora.jpg": "a woman in a bathing suit sitting on a beach", "39429-1antico4.jpg": "a couple of people are sitting on a couch", "07738-t_winter.jpg": "a group of people standing in front of a fountain", "31203-02bapti1.jpg": "a group of people standing next to each other", "44103-5man.jpg": "a man wearing a hat and tie with a hat on", "13712-1maddal2.jpg": "a group of people standing next to each other", "38823-allegory.jpg": "a group of statues standing in front of a building", "10091-19altar.jpg": "a group of people standing around a horse", "19013-rottamin.jpg": "a close up of a wall with a painting on it", "16996-nuenen11.jpg": "a black and white photo of a small village", "11476-thedream.jpg": "a herd of animals that are on the ground", "37723-stillif2.jpg": "a picture of a vase with flowers in it", "35753-3morning.jpg": "a painting on a wall with a painting on it", "28392-stjerome.jpg": "a statue of a woman sitting next to a tree", "19182-56versch.jpg": "a man in a black hat with a suitcase", "09537-lastjudg.jpg": "a painting of a woman standing next to a painting", "14347-descent.jpg": "a group of people standing around a large crowd", "08621-port_man.jpg": "a man is sitting on a wooden table", "11393-youngboy.jpg": "a woman in a hat holding a basket of food", "00394-2scenes2.jpg": "a group of people standing next to a building", "23529-stgenevi.jpg": "a crowd of people standing in front of a building", "06650-birdtrap.jpg": "a group of people walking down a dirt road", "42051-madchild.jpg": "a group of people that are sitting down", "40011-2mouli07.jpg": "a statue of a man standing next to a statue", "36944-jatte1.jpg": "a group of people standing around a garden", "22576-1madonna.jpg": "a group of people sitting in a room", "18034-39old1.jpg": "a group of people sitting on top of a horse", "13699-crucifix.jpg": "a group of people standing on top of a horse", "33615-04sp1629.jpg": "a close up of a person wearing a jacket", "03668-alchemis.jpg": "a black and white photo of people in a room", "10487-achilles.jpg": "a group of people standing around a cow", "13019-port_wom.jpg": "a woman wearing a hat holding a towel", "10341-2bocca1.jpg": "a group of people standing around each other", "36810-lazarus.jpg": "a crowd of people standing around a group of people", "00412-2christ4.jpg": "a group of people standing on top of horses", "11525-holyfami.jpg": "a group of people sitting on a bed", "27173-01winnow.jpg": "a man standing next to a brown dog", "20906-grapepic.jpg": "a man standing next to a statue of a bear", "04209-dominic.jpg": "a statue of a man standing next to a clock", "38953-03verol2.jpg": "a group of people standing in front of a window", "31017-flowers.jpg": "a close up of flowers in a vase", "03565-montpens.jpg": "a woman in a dress sitting on a couch", "21426-camargo.jpg": "a group of people standing next to each other", "36928-mad_chil.jpg": "a painting of a painting of a man on a clock", "09240-charles2.jpg": "a woman is wearing a red bow tie", "32266-18arcadi.jpg": "a group of people standing next to each other", "03001-ghedini.jpg": "a group of people standing around a woman", "26280-14menzel.jpg": "a statue of a man and a cow", "23098-6triptyc.jpg": "a statue of a man standing next to a statue", "09980-samson.jpg": "a group of people sitting on a couch", "35260-8marria.jpg": "a group of people standing next to each other", "36062-lazarus.jpg": "a group of people standing around each other", "39054-3ariost6.jpg": "a painting of a man and a woman in a picture", "18551-kermesse.jpg": "a large group of people standing in front of a castle", "16411-mary10.jpg": "a group of people standing next to each other", "41521-z_battle.jpg": "a bunch of animals that are in a building", "39427-1antico2.jpg": "a group of people standing around a man", "11567-graham.jpg": "a man in a black jacket and black tie", "24906-francis1.jpg": "a statue of a man standing next to a statue", "29838-tabern.jpg": "a large ornate building with a clock on it", "14332-sacracon.jpg": "a group of people standing around each other", "30653-llydaw.jpg": "a mountain range with a mountain in the background", "00329-allegory.jpg": "a large group of people playing with a dog", "12024-exttooth.jpg": "a man sitting on a couch in a living room", "42235-0304vela.jpg": "a couple of women sitting next to each other", "03759-022pieta.jpg": "a statue of a man sitting on a bench", "14467-313fried.jpg": "a cat that is looking at the water", "08097-ramsgoat.jpg": "a herd of sheep standing next to each other", "39778-04redcap.jpg": "a woman holding a bear next to a woman", "43463-p_family.jpg": "a group of people standing in a room", "15214-francis.jpg": "a black and white photo of a woman and a dog", "19663-italiana.jpg": "a group of people standing next to a tree", "21157-stillif4.jpg": "a table with a table cloth and a table", "17261-auvers21.jpg": "a fire hydrant sitting next to a lush green field", "10437-stillife.jpg": "a bunch of fruits and vegetables on a table", "39693-02polydo.jpg": "a group of people standing on a beach next to trees", "28743-joinvill.jpg": "a group of people standing in front of a building", "11591-jerome.jpg": "a man sitting in a bed with his hands up", "09791-02view.jpg": "a large painting on the wall of a building", "33470-05mythol.jpg": "a woman sitting on a couch next to a woman", "05312-41outer.jpg": "a painting of a man and a dog on a wall", "10530-virgin_e.jpg": "a large group of people in a room", "16105-mary08.jpg": "a statue of a woman standing in front of a building", "03816-099jerom.jpg": "a woman sitting on the ground reading a book", "03561-headstud.jpg": "a close up of a person wearing a shirt", "39251-06adult.jpg": "a group of people standing in front of a building", "30829-marriage.jpg": "a group of people standing next to each other", "35512-44mythol.jpg": "a group of people standing next to each other on a beach", "16461-chapels.jpg": "a large clock on the side of a building", "35451-79religi.jpg": "a woman is holding a plate of food", "43701-crawford.jpg": "a man with a hat and hat sitting on a horse", "43788-15fetesv.jpg": "a group of people standing next to a fountain", "38185-oyster.jpg": "a woman sitting at a table holding a glass", "39545-miss_ll.jpg": "a woman sitting on a couch in a room", "34291-liberati.jpg": "a group of people sitting on top of a horse", "03377-st_peter.jpg": "a group of people standing next to each other", "14057-david.jpg": "a black and white photo of a woman with a dog", "30616-st_roch.jpg": "a painting of a man sitting on top of a painting", "39171-09valmar.jpg": "a group of people sitting on a beach", "16868-3north1.jpg": "a display of a store window with a display window", "28926-portra_m.jpg": "a close up of a person with a dog", "34098-4renoi15.jpg": "a woman holding a dog and a dog", "25278-05narcis.jpg": "a group of people standing next to each other", "32256-08triump.jpg": "a group of people that are on a beach", "36471-midas.jpg": "a group of people sitting on top of a bed", "32422-new_york.jpg": "a group of people riding horses on a street", "37904-doctor_x.jpg": "a man sitting on the ground next to a dog", "31029-portrai1.jpg": "a man in a costume holding a bow tie", "10074-02altar.jpg": "a statue of a man sitting next to a tree", "21225-suvorov.jpg": "a man in a black jacket is wearing a tie", "16684-philpaul.jpg": "a couple of men standing next to each other", "08577-3victor3.jpg": "a large body of water next to a mountain", "39543-garden.jpg": "a group of people laying on the ground with a child", "34976-4malles3.jpg": "a picture of a man with a face on his face", "40941-090giamb.jpg": "a man in a dark room holding a tie", "20803-polypty6.jpg": "a couple of people standing next to each other", "02816-callamar.jpg": "a close up of a person wearing a white dress", "35652-14sketch.jpg": "a painting of a woman and a dog", "38027-p_letter.jpg": "a woman reading a book on a street", "39698-05sacre.jpg": "a man and a young boy standing next to each other", "04135-damsquax.jpg": "a large building with people walking around it", "12267-verso12.jpg": "a group of people standing next to a building", "24877-franc26.jpg": "a group of people standing in front of a building", "10289-03young3.jpg": "a young woman wearing a black hat and hat", "10241-1venus14.jpg": "a woman standing in front of a wall", "10454-bookshel.jpg": "a wooden shelf filled with lots of wooden shelves", "31297-manwoman.jpg": "a man sitting on top of a wooden chair", "15888-medici15.jpg": "a group of people standing on top of a horse", "29652-deathbed.jpg": "a dog laying in a bag in the dark", "18069-13scene.jpg": "a group of people standing in front of a building", "03656-cherries.jpg": "a wooden table topped with lots of food", "10417-19meland.jpg": "a man in a black jacket holding a cell phone", "08165-immacul2.jpg": "a couple of women standing next to each other", "42543-04procu.jpg": "a group of people that are sitting down", "44187-stillife.jpg": "a bunch of fruits and vegetables on a table", "16644-clareliz.jpg": "a black and white photo of a woman standing next to a building", "40254-6septem.jpg": "a group of people standing in front of a building", "10092-20altar.jpg": "a crowd of people standing around a horse", "15095-burning1.jpg": "a large group of people standing around each other", "38875-13udine.jpg": "a man and a woman sitting on a bed", "03891-180pieta.jpg": "a man sitting on a blue blanket next to a building", "06227-p_lenzi.jpg": "a man in a black jacket and a black jacket", "34469-dormitio.jpg": "a group of people standing in front of a building", "16816-3sole2.jpg": "a statue of a man on top of a horse", "16492-10polypt.jpg": "a woman in a dress holding an umbrella", "32217-22acis.jpg": "a group of people laying on top of a bed", "39369-26lasts.jpg": "a group of people standing around a building", "11986-pansyrin.jpg": "a group of men playing a game of frisbee", "24810-triptic3.jpg": "a man and a woman dressed in costumes", "37493-return.jpg": "a group of people standing next to a dog", "08483-venus_cu.jpg": "a woman laying on a bed next to a woman", "36785-rotherhi.jpg": "a bunch of boats that are floating in the water", "11308-410delac.jpg": "a dog that is laying down in a chair", "24533-04olona.jpg": "a group of people standing next to each other", "03344-samson_d.jpg": "a group of people sitting next to each other", "01120-madonna.jpg": "a group of people standing next to each other", "35069-ladysmyt.jpg": "a couple of women sitting next to each other", "32577-03visita.jpg": "a group of people standing next to each other", "26761-07_62mn.jpg": "a close up of a <unk> of a <unk>", "06075-horses.jpg": "a man standing next to a group of horses", "04094-predell2.jpg": "a painting of a woman standing next to a statue", "40732-13icon.jpg": "a painting of a man standing next to a painting", "13624-01ferenc.jpg": "a couple of women standing next to each other", "34408-allegor.jpg": "a group of people sitting on a couch", "06251-holyfamy.jpg": "a group of people sitting on top of a bed", "35253-5descen.jpg": "a group of people standing next to each other", "42643-33faith0.jpg": "a man sitting on a bed in a room", "09943-lastjudg.jpg": "a group of people standing around a pile of birds", "36850-st_peter.jpg": "a couple of people standing next to each other", "30850-0view.jpg": "a group of people standing in front of a building", "19076-party.jpg": "a group of people sitting around each other", "11635-sibyl2.jpg": "a woman in a red dress reading a book", "17756-407goya1.jpg": "a woman standing next to a wooden board", "40241-rovere_7.jpg": "a painting of a woman holding a cell phone", "39459-3lastsup.jpg": "a large group of people sitting around a table", "31452-3saints.jpg": "a close up of a clock on the side of a wall", "13068-calmseas.jpg": "a group of sailboats floating on top of a body of water", "15794-village2.jpg": "a group of people standing around a field", "24530-01olona1.jpg": "a large stone building with statues on it", "10204-1paris1.jpg": "a group of people are sitting on a bench", "11305-407delac.jpg": "a group of people standing next to each other", "08181-saints1.jpg": "a woman in a dress holding a purse", "17117-3arles31.jpg": "a painting of flowers in a garden", "03961-bello103.jpg": "a large clock tower in a city square", "08099-cookport.jpg": "a man sitting on a wooden table holding a baby", "24035-0sposi4.jpg": "a large stone building with a painting on the wall", "33315-stilmelo.jpg": "a table topped with lots of different foods", "44773-stlawren.jpg": "a black and white photo of a woman in a dress", "37482-pantry.jpg": "a group of people standing around a table of food", "21458-allegory.jpg": "a close up of a woman in a dress", "11284-306delac.jpg": "a picture of a woman in a dress", "22288-1foscar2.jpg": "a clock on the wall of a building", "18495-youngpea.jpg": "a woman with a red jacket and a red tie", "36027-2boyflas.jpg": "a woman in a dress holding a cell phone", "08082-gondola.jpg": "a statue of a woman standing next to a statue", "33031-07baptis.jpg": "a young man in a bathing suit sitting on the ground", "31061-1miser08.jpg": "a person standing in front of a wall", "32150-y_bull.jpg": "a man is standing next to a herd of sheep", "32104-hacienda.jpg": "a group of people standing next to a river", "40059-3messal1.jpg": "a group of people standing next to each other", "36389-4borgo2.jpg": "a statue of a man sitting in front of a clock", "03795-070pieta.jpg": "a group of people standing next to each other", "16777-0view.jpg": "a room with a painting and a painting on the wall", "20861-ming_jar.jpg": "a couple of vases sitting on top of a table", "35698-water_m.jpg": "a large building with a building in the background", "02513-8pair2.jpg": "a statue of a man and a statue of <unk>", "20896-vestal_v.jpg": "a woman with a hair dryer and a pair of scissors", "44164-fortune.jpg": "a group of people sitting on top of a bed", "11615-cesarin1.jpg": "a man holding a cell phone in his hand", "19747-cottage.jpg": "a house with a wooden fence and trees", "03673-the_duet.jpg": "a woman sitting on the floor next to a pile of luggage", "38407-silenus.jpg": "a group of people standing in front of a tree", "30128-nuptials.jpg": "a group of people standing on top of a bed", "03993-bello3023.jpg": "a group of people standing in front of a building", "06087-taylor_s.jpg": "a group of people sitting in a living room", "11056-granduke.jpg": "a man in a black jacket and a tie", "36497-virgin_a.jpg": "a group of people sitting on top of a bed", "21633-metterni.jpg": "a close up of a person wearing a suit and tie", "16416-baptis2.jpg": "a group of people standing next to each other", "35471-09mythol.jpg": "a group of people standing next to each other"}