{"09618-ganymede.jpg": "a dog that is jumping in the air", "34454-10rippl.jpg": "a close up of a person wearing a jacket", "41536-dog_cat.jpg": "a group of dogs laying on top of each other", "34274-venus_ad.jpg": "a group of people riding on the backs of horses", "15597-11pala3.jpg": "a man with a hat and a hat on", "35185-portuga1.jpg": "a large building with a painting on the wall", "08285-virgin_c.jpg": "a group of people sitting on a couch", "06611-tobias.jpg": "a large group of people standing in front of a river", "35497-282mytho.jpg": "a group of men standing next to each other", "00661-pieta.jpg": "a group of people sitting on a beach", "26550-1chapel2.jpg": "a large building with a lot of windows on it", "03611-72rebel2.jpg": "a group of people standing next to a stone wall", "25154-passion1.jpg": "a painting of a man sitting on top of a bed", "10579-feathers.jpg": "a statue of a woman wearing a costume", "42809-3baptist.jpg": "a group of people standing next to each other", "37099-predell4.jpg": "a group of people standing next to each other", "32138-husherd.jpg": "a herd of cattle standing on top of a grass covered field", "40024-brothe07.jpg": "a woman standing next to a woman in a room", "43739-escape.jpg": "a painting of a rock in the water", "24532-03olona.jpg": "a person standing next to a stone wall with a statue of a cow", "27091-cavalier.jpg": "a woman wearing a hat and a hat sitting in a chair", "30901-onofrio.jpg": "a large clock is displayed in a large building", "18360-1511grec.jpg": "an image of a man in a black suit", "31472-1ceiling.jpg": "a large building with a large clock on the wall", "07910-christ_g.jpg": "a group of people sitting around a pile of stuffed animals", "03064-apollo.jpg": "a group of people that are sitting on the ground", "36492-coral.jpg": "a group of people playing with a dog on a beach", "44769-st_hugo.jpg": "a group of people standing around a table eating food", "21427-camargo1.jpg": "a group of people standing in the middle of a forest", "24387-viewmarl.jpg": "a group of people riding horses down a dirt road", "16615-coronati.jpg": "a large ornate building with a clock on it", "39967-07early.jpg": "a statue of a man sitting on top of a rock", "04538-stia_tri.jpg": "a picture of a man standing next to a clock", "07978-farnes23.jpg": "a group of statues sitting next to a statue", "10226-1venus01.jpg": "an image of a woman with a baby", "29970-winterla.jpg": "a group of people standing around a stone building", "06640-stilltul.jpg": "a vase filled with flowers on a wooden table", "34137-stjerome.jpg": "an old man sitting on a bed holding a book", "43461-oude5.jpg": "a group of people walking on a sidewalk", "31422-01basle.jpg": "a bunch of horses that are in a building", "07854-06mark.jpg": "a brown dog standing next to a sign", "06143-mountain.jpg": "a picture of a waterfall with a waterfall in the background", "44578-ottobeur.jpg": "a fancy clock is displayed on a table", "31840-ruinrome.jpg": "a group of people walking down a street", "11016-410david.jpg": "a woman wearing a red shirt and a tie", "10416-19melanc.jpg": "a man in a black jacket holding a cigarette", "15449-5madonna.jpg": "an old picture of a woman in a dress", "10212-2nymph1.jpg": "a man laying on top of a bed next to a statue", "32312-10thehol.jpg": "a group of people sitting on a bed", "19668-damsquar.jpg": "a large church with a dog on the back", "07531-29ceras.jpg": "a man laying on the back of a brown horse", "42288-0706vela.jpg": "a woman in a white shirt and a white shirt", "13714-2assunt2.jpg": "a group of people standing next to each other", "18856-ermina.jpg": "a group of people that are in the water", "13070-brigsail.jpg": "a sailboat in the ocean with clouds in the background", "19976-2melanch.jpg": "a portrait of a man sitting in front of a clock", "36004-orator01.jpg": "a painting of a painting on a wall", "37002-thewager.jpg": "an old photo of a woman and a dog", "24586-judith.jpg": "a man standing next to a man in a suit", "40298-104turne.jpg": "a large rock with a rock in the background", "44383-winterla.jpg": "a group of people riding in the water", "15822-spaniel3.jpg": "a brown and white dog and a brown and white dog", "14039-altarpie.jpg": "a large building with a painting on it", "27165-spring.jpg": "a man standing in front of a tree", "06117-colosseu.jpg": "a black and white photo of a large building", "42902-2loggia3.jpg": "a painting of a man in front of a window with a painting on it", "19681-veere.jpg": "a group of people standing in front of a church", "20700-portman.jpg": "a man in a black shirt and black tie", "35854-seascape.jpg": "a sail boat with a sail boat in the background", "14032-mystic_m.jpg": "a group of people sitting on top of horses", "23015-portrai1.jpg": "a man in a black jacket and a red shirt and a red shirt", "09549-corot05.jpg": "a view of a church with a church in the background", "24710-salver.jpg": "a painting of a painting of a painting on a wall", "06749-burgomas.jpg": "a woman wearing a hat holding a cell phone", "29332-candllit.jpg": "a group of people that are standing in a room", "32499-mysticma.jpg": "a group of people sitting on a couch", "34943-15french.jpg": "a clock on the side of a wall", "21768-terpsich.jpg": "a woman sitting on top of a red blanket", "31894-altar_3s.jpg": "a group of people standing around each other", "42943-2ceilin1.jpg": "a group of people standing next to each other", "30887-lastsu.jpg": "a group of people standing in front of a building", "34124-architec.jpg": "a man in a black jacket talking on a cell phone", "39441-5maggio0.jpg": "a painting of a group of people in a room", "39633-4redeeme.jpg": "a man with a beard is holding a black dog", "17121-arles43.jpg": "a painting of a man standing next to a table", "14185-09letter.jpg": "a woman and a dog in front of a mirror", "04656-01ancien.jpg": "a dog that is standing on top of a couch", "35102-democrix.jpg": "a dog sitting in front of a tree", "06892-armeria.jpg": "a painting on the wall of a room", "13628-05ferenc.jpg": "a man in a suit and tie in a dark room", "31943-05visdom.jpg": "a group of people sitting on top of a bed", "09139-diane1.jpg": "a group of people sitting around a table", "24648-grabow5.jpg": "a group of people sitting in a room", "06859-portrait.jpg": "a woman wearing a hat and a hat", "24173-adoratio.jpg": "a large group of people sitting on a couch", "37785-00view.jpg": "a large building with a large clock on it", "07560-42loretx.jpg": "a large clock mounted to the side of a building", "36391-4borgo4.jpg": "a picture of a woman in a dress", "21149-schmadri.jpg": "a mountain with a mountain in the background", "07505-23conta0.jpg": "a group of people sitting around a table in a dark room", "24529-01olona.jpg": "a large stone building with a vase on it", "41105-07passio.jpg": "a large group of people in a room", "27161-mildorf1.jpg": "a group of people sitting on a couch", "11410-fields.jpg": "a view of a field with a mountain in the background", "29490-breakfas.jpg": "a little girl sitting in front of a mirror", "35851-riverfis.jpg": "a group of people in boats on a river", "37479-market2.jpg": "a group of people that are sitting on a table", "00431-4seasons.jpg": "a group of people sitting on top of a sandy beach", "43393-f_virgi.jpg": "a picture of a man standing in front of a clock", "28430-winterla.jpg": "a group of people standing around a house", "02870-joseph2.jpg": "a group of people standing in front of a building", "07559-42loreto.jpg": "a man sitting on a bench with a child", "26361-writing2.jpg": "a woman and a dog in a room", "39630-2rabbit.jpg": "a group of people sitting on top of a bed", "23619-hermit.jpg": "a statue of a man standing next to a rock", "24062-2sposi11.jpg": "a vase sitting on the side of a wall", "11677-4west.jpg": "a large cathedral with a large clock on it", "06226-martelli.jpg": "a man in a black hat and a hat", "06596-5sense3.jpg": "a painting of a man sitting on top of a table", "39654-02trinit.jpg": "a group of people sitting on top of a horse", "21857-fountain.jpg": "a group of people standing near a fountain", "28393-stpeter.jpg": "a dog laying on its back on a bed", "04916-cartoxen.jpg": "a couple of cows standing next to each other", "12402-gluck.jpg": "a man in a suit sitting in a chair", "08509-1lands09.jpg": "a large rock in front of a body of water", "33382-05newtes.jpg": "a man sitting on a couch reading a book", "05427-02madonn.jpg": "a statue of a woman in a costume", "28735-crucifix.jpg": "a painting of a group of people and horses", "33297-crepuscu.jpg": "a painting of a painting on the side of a cliff", "18977-02guilla.jpg": "a painting of a vase with flowers in it", "42791-1sacris.jpg": "a couple of people that are sitting on a bed", "29248-102muril.jpg": "a man holding a plate of food on a sidewalk", "36741-kingjohn.jpg": "a man in a red jacket holding a microphone", "20496-johnbapt.jpg": "a woman in a dress standing next to a tree", "39139-06zianig1.jpg": "a painting of a man and a dog in a boat", "18354-1505grec.jpg": "a statue of a man standing next to a man", "19703-fermor.jpg": "a man in a vest is standing in the dark", "39175-11valma.jpg": "a couple of women standing in front of a painting", "06175-00altar.jpg": "a painting of a woman standing next to a building", "21024-portrai2.jpg": "a black and white photo of a woman in a dress", "29679-king_asa.jpg": "a very tall building with a clock on it", "03984-bello212.jpg": "a view of a city with a city in the background", "14180-075game.jpg": "a group of people sitting on top of a lush green field", "44188-sideways.jpg": "a woman standing next to a woman in a costume", "33474-07mythol.jpg": "a picture of a woman and a dog", "08727-peace.jpg": "a group of people sitting on top of a rock", "14736-judith.jpg": "a couple of people standing next to each other", "00744-11fieso1.jpg": "a picture of a painting on a wall", "15026-marque09.jpg": "a group of people riding horses on a beach", "11126-early17.jpg": "a group of women standing next to each other", "37617-merchant.jpg": "an old woman sitting on the ground next to a tree", "38079-soldiers.jpg": "a group of people sitting on top of a stone wall", "33394-15newtet.jpg": "a stone building with statues and statues", "17904-2resting.jpg": "a group of people sitting on top of a hill", "23878-4manet16.jpg": "a couple of men sitting next to each other", "23177-15monaco.jpg": "a group of people standing next to each other", "06150-the_port.jpg": "a boat that is sitting in the dirt", "44087-10woman.jpg": "a woman wearing a hat and a hat", "18796-lagoon.jpg": "a picture of an old building in the water", "07940-holyhous.jpg": "a group of people standing on top of a rock", "37528-3present.jpg": "a group of people standing next to each other", "10438-cainabel.jpg": "a man sitting on the floor next to a man", "07916-hunting.jpg": "a group of people standing around a pile of animals", "23839-2manet18.jpg": "a couple of women standing next to each other", "14221-clare6.jpg": "a woman standing in front of a building", "03202-eucharis.jpg": "a group of people standing in a room", "05999-governor.jpg": "a group of people sitting around each other", "20092-19hooch.jpg": "a group of people sitting around a table", "25150-anthony1.jpg": "a painting of a woman and an umbrella", "23421-thomas4.jpg": "a painting of a person sitting in a room", "17208-olive10.jpg": "a tree that has a tree in it", "32062-cremona1.jpg": "a group of people on horses in a museum", "31787-mansorro.jpg": "a man with a beard and a white shirt", "17006-nuenen21.jpg": "a man is sitting on the back of a suitcase", "41978-clouds.jpg": "a view of a beach with a mountain in the background", "42767-00view.jpg": "a building with a clock on the front of it", "13125-interior.jpg": "a woman standing in front of a large window", "21460-census.jpg": "a group of people sitting around a table with a dog", "29281-213muril.jpg": "a woman sitting on a couch holding a baby", "43263-landscap.jpg": "a couple of people riding horses down a road", "05225-20right.jpg": "a bunch of animals that are on display", "05524-20pallas.jpg": "a woman sitting on the back of a horse", "13141-flight_e.jpg": "a group of people riding on the back of a boat", "31479-nativity.jpg": "a group of people that are standing around", "12275-verso18.jpg": "a group of people standing next to each other", "29999-stillifx.jpg": "a wooden table topped with a pair of scissors", "24094-3christ.jpg": "a man in a red shirt is looking at a laptop", "26191-thomas.jpg": "a painting of a man sitting on a bed", "36317-angelapp.jpg": "a couple of people standing next to a large tree", "41174-z_ag.jpg": "a man wearing a hat and holding a hat", "17094-1arles06.jpg": "a large body of water next to a river", "43147-elegant.jpg": "a woman in a dress holding a umbrella", "09228-descent.jpg": "a picture of a man and a woman", "00096-stilfrui.jpg": "a bunch of flowers in a dark room", "19065-banquet1.jpg": "a group of people standing around a table full of food", "09449-youngman.jpg": "a woman holding a tie in her hands", "17056-paris06.jpg": "a group of people standing outside of a building", "29247-101muril.jpg": "a man sitting on the ground next to a vase", "08530-1lands04.jpg": "a mountain with a mountain in the background", "07618-70david.jpg": "a man and a woman standing in a dark room", "17526-4deposit.jpg": "a group of people standing next to each other", "30805-pieta.jpg": "a group of people sitting around a building", "30363-polyptic.jpg": "a large ornate clock on the side of a building", "30484-salviati.jpg": "a group of people standing in front of a window", "26192-virgin.jpg": "a black and white photo of a woman holding an umbrella", "05290-4lastjud.jpg": "an old photo of a woman holding a bat", "17259-auvers19.jpg": "a garden with flowers and plants in it", "28474-mountai.jpg": "a view of a mountain with a mountain in the background", "08819-andrew.jpg": "a group of people sitting on top of a horse", "38730-barbara.jpg": "a statue of a person in a costume", "22580-3rules.jpg": "a group of people standing next to a wall", "15866-paris2.jpg": "a group of people that are in a room", "32263-15pansyr.jpg": "a group of people that are standing in the grass", "14635-2north7.jpg": "a group of people standing next to each other", "40882-04scenes.jpg": "a group of people sitting on a beach", "09649-01barber.jpg": "a painting of a bird on the side of a building", "04108-italian.jpg": "a group of people riding horses down a dirt road", "33346-musician.jpg": "a man sitting on a bed reading a book", "08978-00landsc.jpg": "a group of people standing next to a river", "16788-2north3.jpg": "a statue of a man sitting on top of a sign", "18240-0601grec.jpg": "a man in a black jacket is talking on a cell phone", "03529-dessert.jpg": "a wooden table topped with a lamp and a lamp", "22497-41jerome.jpg": "a statue of a horse and a brown elephant", "31217-08resur1.jpg": "a statue of a man standing next to a statue", "22717-5funeral.jpg": "a large painting of a man and a woman", "03175-apotheos.jpg": "a painting of a man sitting on top of a vase", "36102-presenta.jpg": "a group of people that are in a room", "29994-partridg.jpg": "a couple of dogs that are standing in the grass", "15862-lapiths.jpg": "a group of people that are on some elephants", "42394-cannonsh.jpg": "a boat that is floating in the water", "12961-cardinal.jpg": "a man in a red jacket is sitting on a blanket", "16403-mary02.jpg": "a group of people standing next to each other", "00683-vallomb2.jpg": "a man standing next to a statue of a man", "27056-frederic.jpg": "a man with a beard and a black hat", "10557-levada5.jpg": "a group of people standing next to a statue", "42838-07cruci1.jpg": "a group of people standing next to a horse", "23336-03young.jpg": "a man wearing a black hat and a hat", "20673-courtyar.jpg": "a group of people standing in front of a building", "23066-7michael.jpg": "a large painting of a painting on a wall", "44173-ships.jpg": "a group of people standing on top of a wooden boat", "19792-elect01.jpg": "a group of people sitting around a table", "25948-flora1.jpg": "a woman sitting on a couch holding a piece of paper", "24437-distrib.jpg": "a group of people standing next to a building", "25064-coronati.jpg": "a woman holding a teddy bear in her hands", "00460-princess.jpg": "a woman and a child are laying in bed", "10941-canon.jpg": "a group of people standing next to each other", "13433-2holzhau.jpg": "a man and a woman standing next to each other", "20150-concert1.jpg": "a group of people standing in front of a building", "05690-shepdrea.jpg": "a woman sitting on a bed with a dog", "22636-06annunc.jpg": "a group of people standing in front of a building", "17110-3arles24.jpg": "a river with trees and trees in the background", "15123-selfport.jpg": "a woman in a leather jacket sitting in the dark", "30557-nessus_d.jpg": "a couple of women standing next to each other", "42398-goeree.jpg": "a bunch of boats that are sitting in the water", "22644-07meetin.jpg": "a couple of women standing next to a statue", "21910-busch.jpg": "a close up of a person with a beard", "41386-10colom1.jpg": "a group of people standing in front of a building", "44278-9rome.jpg": "a large body of water with many boats in it", "03459-moses.jpg": "a group of people standing around a group of horses", "00410-2christ2.jpg": "a group of people standing next to each other", "24845-altar.jpg": "a painting of a woman in a dress", "41884-vendra07.jpg": "a large white building with a large painting", "38536-2allegor.jpg": "a group of people standing next to each other", "41385-09altar.jpg": "a painting of a man standing next to a clock", "32779-21graces.jpg": "a couple of women standing next to each other", "39672-11madonc.jpg": "a woman sitting on a couch next to a baby", "44685-madonna.jpg": "a group of people standing next to each other", "14573-erthal.jpg": "a picture of a woman in a mirror", "28366-3martket.jpg": "a couple of women standing next to each other", "24130-1christ.jpg": "a little boy sitting next to a little boy", "31862-adultere.jpg": "a group of people standing next to each other", "24436-baptism.jpg": "a group of people standing next to each other", "08630-vanitas.jpg": "a close up of a cow in a vase", "38218-gallopin.jpg": "a man riding on the back of a brown horse", "06308-howard.jpg": "a man wearing a leather jacket and a tie", "02720-rudolf.jpg": "a group of people riding horses on a beach", "38007-altarpi.jpg": "a grandfather clock in the middle of a room", "03982-bello210.jpg": "a man standing on a beach next to a river", "04836-vanitas.jpg": "a room filled with lots of different items", "41316-02cruci0.jpg": "a clock on the wall of a building", "15572-5donor.jpg": "a statue of a man standing next to a building", "11107-pensive.jpg": "a man sitting on top of a pile of snow", "17962-03fortu2.jpg": "a statue of a man holding a piece of paper", "40392-5dragon1.jpg": "a statue of a horse and a horse on a street", "11580-bardi.jpg": "a man is standing in front of a building", "34068-3renoi16.jpg": "a statue of a woman holding a cat", "41398-14deposi.jpg": "a painting of a couple sitting in front of a wall", "17088-orchar09.jpg": "a tree that has some flowers in it", "14715-101perdi.jpg": "a woman sitting next to a dog and a tree", "00733-5mira4.jpg": "a white vase with a statue on top of it", "20019-birdspax.jpg": "a group of birds that are standing on the ground", "16602-stucco.jpg": "a wall with a picture of a man on it", "05369-bouquet.jpg": "a vase filled with flowers on a table", "07919-magdalen.jpg": "a woman sitting on a bench talking on a cell phone", "14921-3ponta03.jpg": "a table with a pot and some food on it", "08053-young_m.jpg": "a woman in a dress standing next to a child", "00246-virgin.jpg": "a young boy sitting on top of a wooden chair", "14632-2north4.jpg": "a large group of people standing in front of a building", "20048-08adorsh.jpg": "a group of people standing around a cow", "07224-canal5111.jpg": "a group of people on a boat in the water", "21200-extensiv.jpg": "a group of people standing next to a river", "26066-17rein4.jpg": "a picture of a woman in a dress", "21199-deathnio.jpg": "a group of people riding on the backs of horses", "05262-18mocked.jpg": "a man and woman dressed in costumes and a dog", "33425-68newtes.jpg": "a couple of people standing next to each other", "07612-65lazar.jpg": "a group of people standing around a group of elephants", "29449-gothic1.jpg": "a large building with people walking around it", "35043-woodedla.jpg": "a tree in the middle of a forest", "35493-26mytho.jpg": "a group of people standing next to each other", "21340-selfport.jpg": "a group of people sitting on top of a bed", "17975-00wall1.jpg": "a painting of a painting on the side of a building", "13921-p_tulp.jpg": "a woman in a black dress standing next to a tree", "17226-copies18.jpg": "a statue of a man standing next to a statue", "44454-hunting.jpg": "a group of horses that are in a field", "09493-portlady.jpg": "a young woman wearing a hat and scarf", "41189-zsigismu.jpg": "a man in a costume and a costume", "29702-clearing.jpg": "a person standing in a forest next to a forest", "28483-winter_l.jpg": "a herd of horses standing next to a forest", "08965-stillif3.jpg": "a table that has some food on it", "31112-3burial1.jpg": "a couple of people standing next to each other", "29703-classica.jpg": "a couple of people standing next to a fountain", "42223-0209vela.jpg": "a man in a black jacket is talking on a cell phone", "36975-a_hunt.jpg": "a group of people riding on the backs of horses", "29380-st_john.jpg": "a statue of a man sitting on a wooden floor", "43423-girardon.jpg": "a woman is sitting in front of a man", "11463-landscap.jpg": "a bunch of plants that are on a table", "23008-lamentat.jpg": "a man and a woman sitting on a couch", "04578-pendant2.jpg": "a woman holding a pair of scissors in her hands", "31361-shipwrec.jpg": "a large brown bear standing in the water", "25162-vittore1.jpg": "a statue of a man in a dress and tie", "10762-portpate.jpg": "a woman in a dress is standing next to a tree", "21607-mytholo1.jpg": "a couple of people standing next to each other", "12347-versavel.jpg": "a woman standing in front of a large building", "21798-cherries.jpg": "a basket filled with lots of fruits and vegetables", "06802-madonna.jpg": "a woman sitting next to a little boy", "13061-boardman.jpg": "a man standing in front of a stack of baskets", "34314-maruce14.jpg": "a painting of a <unk> with a bunch of statues", "32888-0eliodo.jpg": "a group of people standing in front of a building", "12499-12krel1.jpg": "a woman wearing a black jacket and a black jacket", "09689-galleri2.jpg": "a clock that is on top of a wall", "38065-old_woma.jpg": "a man is sitting on the floor with his hands", "34689-grif_05.jpg": "a man standing in front of a metal fence", "14652-02baronc.jpg": "a large ornate clock in the middle of a building", "29759-stillute.jpg": "a close up of a pair of scissors on a table", "39319-2ecce.jpg": "a group of people sitting on top of a boat", "12362-tivoli1.jpg": "a view of a city in the distance", "06779-pompei.jpg": "a group of people sitting around a building", "14663-13baronc.jpg": "an old woman standing in front of a building", "16717-portcath.jpg": "a man wearing a black jacket and a black jacket", "00907-armadio1.jpg": "a clock on the side of a building", "28398-battle.jpg": "a group of people sitting on top of a bed", "14682-triptyc1.jpg": "a wooden clock with a painting on it", "12231-pre_v_6.jpg": "a painting of a woman standing next to a statue", "04018-triptyc2.jpg": "a wooden clock with a painting on it", "24010-zeno1p.jpg": "a group of people standing next to a wall", "17288-selfpo15.jpg": "a close up of a person wearing a suit and tie", "06337-01games.jpg": "a large group of people standing around a building", "10747-peasant.jpg": "a statue of a woman sitting on a statue", "39026-7europe.jpg": "a group of people standing around in front of a wall", "20022-floating.jpg": "a flock of birds that are standing in the water", "34266-madonna.jpg": "a group of people are playing tennis in a room", "38631-witches.jpg": "a group of people sitting in a dark room", "42460-virgin_c.jpg": "a painting of a flower arrangement in a vase", "44753-dwarf.jpg": "a man standing next to a cow next to a man", "03445-14adorat.jpg": "a group of people standing next to each other", "32652-class.jpg": "a group of people standing around each other", "40026-brothe09.jpg": "a woman standing in front of a wall with a painting on it", "19908-06henry8.jpg": "a man wearing a red shirt and a tie", "34401-louisxiv.jpg": "a man standing next to a brown horse", "31409-3adorat.jpg": "a group of people standing in front of a building", "22538-2assump1.jpg": "a group of people standing around a stone wall", "13726-rosso.jpg": "a clock on a wall in a room", "39300-02ceilin.jpg": "a man laying in a bed with a child", "09070-babel.jpg": "a group of people standing in front of a building", "08479-portpope.jpg": "a man in a red hat using a laptop", "26593-08_3ce8.jpg": "a couple of people that are laying down", "06013-regents.jpg": "a group of people sitting around a couch", "31095-2proce01.jpg": "a group of people standing next to each other", "34050-2renoi30.jpg": "a woman sitting next to a girl in a chair", "05080-port_wom.jpg": "a woman in a red dress and a tie", "02483-2busts3.jpg": "a woman wearing a hat and a black dress", "22199-04chess.jpg": "a group of people standing next to each other", "33338-genius.jpg": "a group of people standing on top of elephants", "40265-organ_1.jpg": "a black and white photo of a man and a statue", "34475-1virgin.jpg": "a group of people sitting on top of a building", "26732-lu14ami.jpg": "an old picture of a woman and a woman", "23508-annuncia.jpg": "a woman standing next to a stone wall", "42325-agony_ga.jpg": "a couple of women sitting on top of a couch", "43085-estuary.jpg": "a boat that is floating in the water", "07174-canal218.jpg": "an old church with a castle in the background", "09303-vanitas9.jpg": "a stack of books sitting on top of a table", "19032-italland.jpg": "a body of water next to a forest filled with trees", "37110-scene23.jpg": "a group of people standing in front of a window", "01072-david1.jpg": "a woman standing on top of a bed with sheep", "22311-02beerga.jpg": "a group of people sitting around a wooden bench", "36769-diptych3.jpg": "a statue of a shirtless man in the dark", "40900-11lament.jpg": "a group of people standing next to each other", "39275-2cana.jpg": "a large group of people in a room", "31430-05portu.jpg": "a large display of people in a building", "39465-05joseph.jpg": "an old photo of a woman in a <unk>", "41979-farnese.jpg": "a large house with a tree in front of it", "31080-3anton10.jpg": "a couple of women standing next to each other", "39685-09grima0.jpg": "a group of people standing next to a statue", "30938-stillif2.jpg": "a close up of a bowl of fruit on a table", "37887-virgin_c.jpg": "a group of people standing in a room", "32168-isabella.jpg": "a close up of a person wearing a costume", "18898-stanthon.jpg": "a man reading a book on a bed", "23912-wed_cana.jpg": "a group of people standing around a table", "22936-03tailor.jpg": "a black and white photo of people sitting on a couch", "23013-queenmar.jpg": "a woman in a red dress holding a book", "44666-firenze1.jpg": "a large building with people walking around it", "35251-3madenth.jpg": "a group of people sitting on a stage", "10504-ascoli.jpg": "a large building with a painting on it", "30165-parrots.jpg": "a bunch of birds that are sitting in a window", "14208-medici.jpg": "a large group of people standing in a building", "22750-1selfpor.jpg": "a black and white photo of a woman sitting on a bed", "39986-1misc09.jpg": "a statue of a man wearing a hat and a hat", "04406-bacchant.jpg": "a couple of people laying on top of a bed", "25257-madonna1.jpg": "a group of people sitting next to each other", "26376-river_la.jpg": "a couple of people standing next to a tree", "03815-098ecsta.jpg": "a man standing next to a stone wall", "16587-2pitti.jpg": "a large stone building with a painting on the wall", "27101-man_pipe.jpg": "a man wearing a hat and a tie", "15336-wisdom.jpg": "a painting of a man sitting on top of a bed", "23583-port_wom.jpg": "a man in a suit and bow tie", "41333-044virgi.jpg": "a statue of a man sitting on a couch", "39734-01sisyph.jpg": "a man with a beard and a brown shirt is holding a dog", "36094-camillu1a.jpg": "a painting of a cat laying on a bed", "22927-00moros.jpg": "a large building with a statue of statues on it", "25985-05nativi.jpg": "a man and a woman standing next to each other", "22442-river_la.jpg": "a group of people on a beach with horses", "18297-1011grec.jpg": "a close up of a person wearing a suit and tie", "28417-tavern.jpg": "a group of people sitting in front of a building", "37129-60portra.jpg": "a man wearing a red hat with a hat on", "37870-adoratio.jpg": "a group of people standing next to each other", "08955-herring.jpg": "a glass vase sitting on top of a table", "03654-skating.jpg": "a large group of people walking across a river", "18064-09scene.jpg": "a group of people standing next to a building", "09908-courb412.jpg": "a large building with a mountain in the background", "08974-vanitas0.jpg": "a painting of a cow sitting on top of a table", "04745-landscap.jpg": "a man standing in front of a small house", "42049-columbus.jpg": "a group of people standing next to each other", "24621-ecce_hom.jpg": "a couple of men standing next to each other", "17983-07scene.jpg": "a group of people standing next to each other", "29407-venusarm.jpg": "a group of people sitting on top of a couch", "19134-31peecke.jpg": "a man with a beard and a beard", "20578-company5.jpg": "a group of people sitting on the ground next to trees", "39621-1resurr5.jpg": "a man sitting on a bed with his hands in his hand", "13627-04ferenc.jpg": "a group of people standing around a building", "21480-annuncia.jpg": "a group of people standing in a room", "20189-nieuwe1.jpg": "a large building with people sitting on it", "42701-ludovisi.jpg": "a group of people standing next to each other", "35455-02samson.jpg": "a group of people sitting on a couch", "03454-lastsupp.jpg": "a large group of people sitting around a table", "23565-eavesdr.jpg": "a woman is standing in front of a building", "21250-barbier.jpg": "a woman in a hat holding a <unk>", "07735-swimming.jpg": "a man and a dog are standing in the water", "36733-triumph.jpg": "a group of people riding on the backs of elephants", "15599-12adorat.jpg": "a woman standing next to a man and a child", "13579-4invita2.jpg": "a group of people standing next to each other", "36026-1still.jpg": "a bunch of fruits and vegetables on a table", "05057-stillife.jpg": "a woman sitting at a table with fruit in it", "22787-adorat.jpg": "a group of people standing in front of a building", "23969-2chris06.jpg": "a group of people standing in front of a building", "25050-altarpie.jpg": "a group of people standing next to each other", "36595-immacula.jpg": "a statue of a woman in a white dress", "13927-tronie.jpg": "a woman in a dress and a brown dress", "09342-viewdelf.jpg": "a large building with people walking around it", "38206-merchant.jpg": "a woman sitting on a chair in a room", "14155-08music.jpg": "a man in a white dress is holding a bag", "30305-expulsio.jpg": "a group of people standing in front of a church", "15430-latina1.jpg": "a painting of a man and a bird on a wall", "21165-port_man.jpg": "a man wearing a hat and a hat", "09987-cecilia.jpg": "a group of people sitting in a room", "42741-petition.jpg": "a group of people riding horses down a dirt road", "42991-5venus_a.jpg": "a woman standing next to a bunch of animals", "21671-seguier.jpg": "a group of people standing under an umbrella", "30092-ztriptic.jpg": "a large wooden clock with a painting on it", "13074-nude_mod.jpg": "a man laying on the ground with his arms crossed", "32991-2scenes.jpg": "a room with a painting on the wall", "19612-saints.jpg": "a woman standing in front of a building", "03862-138sacr.jpg": "a couple of women standing next to each other", "26070-19coin.jpg": "a man wearing a hat and holding a hat", "31810-4moonlig.jpg": "a black and white photo of a house", "40914-06nativi.jpg": "an old photo of a woman in a mirror", "21450-tigerhun.jpg": "a group of animals standing next to a tree", "41100-022pieta.jpg": "a close up of a person wearing a mask", "23259-04lady1.jpg": "a close up of a person wearing a hat", "16997-nuenen12.jpg": "a close up of a person wearing a hat", "37521-mystic_m.jpg": "a couple of women sitting next to each other", "22219-virgin_c.jpg": "a group of children sitting in front of a clock", "18944-03poly.jpg": "a painting of a woman standing next to a building", "17177-1asylu10.jpg": "a large green tree in the middle of a field", "03575-09reale.jpg": "a painting of a person on a wall", "39651-6eccehom.jpg": "a close up of a person with a dog", "19544-bullhunt.jpg": "a large crowd of people standing in front of a large building", "09842-courb1051.jpg": "a group of men riding horses down a dirt road", "32879-0ceilinh.jpg": "a wall with a clock on the wall", "17762-413goya.jpg": "a woman is standing next to a statue", "08691-12attric.jpg": "a statue of a man sitting in a room"}