{"02496-3seaso2.jpg": "a bunch of flowers sitting on top of a table", "05779-deposit.jpg": "a group of people that are standing in a room", "17560-18portra.jpg": "a man wearing a cowboy hat holding a gun", "04588-angelica.jpg": "a group of people standing next to each other", "36533-selfpor1.jpg": "a man is sitting on a black couch", "24104-90trivul.jpg": "a group of people standing next to each other", "17022-antwerp1.jpg": "a black and white photo of a person with a mask on", "08311-evangeli.jpg": "a man in an orange shirt is sitting on a chair", "42186-distribu.jpg": "a large group of people sitting next to each other", "22414-louis13.jpg": "a little girl that is laying in a vase", "33385-08newtes.jpg": "a man sitting on a couch next to a couch", "36653-townhall.jpg": "a crowd of people standing around a crowd of people", "22420-4plaque1.jpg": "a picture of a man standing next to a painting", "38441-09szinye.jpg": "there is a large orange and white umbrella on the beach", "09489-jbourbon.jpg": "a close up of a person wearing a hat", "08943-solomon.jpg": "a group of people standing next to each other", "02992-annuncia.jpg": "a couple of women standing next to each other", "33402-03passio.jpg": "a statue of a person sitting on a bench", "37826-zkite.jpg": "a group of people standing on top of a grass covered field", "05196-08crucif.jpg": "a couple of people standing next to each other", "42685-napoleox.jpg": "a woman riding on the back of a horse", "19702-view_dog.jpg": "a dog is sitting next to a vase of flowers", "22482-07annun2.jpg": "a statue of a person sitting in a mirror", "26207-nursing.jpg": "a woman in a dress is sitting on a bench", "42794-4mark.jpg": "a man laying on top of a couch next to a dog", "43066-p_woman.jpg": "a young boy wearing a hat and holding a towel", "09129-fishing.jpg": "two men and a man in a small boat", "22726-0view1.jpg": "a large painting on the side of a building", "15204-cecilia1.jpg": "a woman sitting in front of a man", "21847-peasant.jpg": "a close up of a person wearing a shirt", "11548-hodigitr.jpg": "a painting of a man holding a child", "24580-holyfami.jpg": "a group of people riding horses down a street", "39684-09grima.jpg": "a room that has a painting on the wall", "30139-guardros.jpg": "a large group of people standing around each other", "04145-nieuwez0.jpg": "a large building with a large building in the background", "38265-port_cor.jpg": "a man wearing a red jacket and a red hat", "10924-pilate.jpg": "a group of people standing next to each other", "36772-magdalen.jpg": "a woman sitting on the ground holding a vase", "31056-1miser03.jpg": "a statue of a man holding a piece of paper", "36831-pyramids.jpg": "a view of a beach with a building in the background", "42324-1014vela.jpg": "a little girl sitting on top of a wooden boat", "09208-stillif2.jpg": "a table topped with a plate of food on a table", "38401-italland.jpg": "a group of people walking down a dirt road", "19116-18smoker.jpg": "a couple of people that are looking at something", "12503-2lament.jpg": "a group of people standing next to each other", "23160-madonna.jpg": "a woman sitting in front of a clock", "06475-01baptis.jpg": "a group of people standing next to each other", "08122-susan.jpg": "a man sitting on a couch with a dog", "06310-murray.jpg": "a man in a jacket and a tie", "03117-virgin.jpg": "a group of people sitting on a couch", "06136-landsca1.jpg": "a group of animals that are standing in the dirt", "32054-lamentat.jpg": "a group of people sitting on a stage", "37638-rebecca.jpg": "a group of people sitting on top of a stage", "13738-4scene.jpg": "a group of people standing around a horse", "40236-rovere_1.jpg": "a group of people standing next to each other", "22915-madonna.jpg": "a woman holding a baby in her lap", "44325-stjerome.jpg": "a man holding a piece of paper while holding a piece of paper", "22346-4elemen4.jpg": "a man sitting on a couch holding a baseball glove", "40406-lanfeast.jpg": "a group of people standing next to a forest", "16049-franc22.jpg": "a group of people standing next to each other", "24770-madonna.jpg": "a woman sitting on a bed in a room", "33291-couple2.jpg": "a man wearing a hat with a white hat", "26059-17noadv.jpg": "a large group of people standing next to each other", "03601-50betrot.jpg": "a group of people standing in front of a mirror", "24871-pratove2.jpg": "a couple of women standing next to each other", "06826-landscap.jpg": "a man riding on the back of a horse", "41433-12buonco.jpg": "a painting of a painting on a wall", "36359-horses1.jpg": "a couple of horses that are on a beach", "33496-02portrb.jpg": "a close up of a person wearing a black suit", "10544-greenwoo.jpg": "a tree in front of a body of water", "04184-flowers.jpg": "a vase of flowers sitting on a table", "43258-vanitas.jpg": "a black and white photo of a dog and other items", "12583-6woman.jpg": "a black and white photo of a woman", "39770-14lavini.jpg": "a young girl sitting on a couch in front of a mirror", "14187-11stolen.jpg": "a woman standing next to a woman in a dress", "23740-andorfe2.jpg": "a picture of a man in a suit and tie", "23266-01recan.jpg": "a large building with a painting on it", "42962-3dieci1.jpg": "a group of people sitting on top of a bed", "29403-expulsio.jpg": "a couple of people that are standing next to each other", "31413-4vault.jpg": "a painting of a painting on a wall", "35115-portwife.jpg": "a close up of a person wearing a suit and tie", "41326-03cruc.jpg": "a statue with a statue on top of it", "17738-306goya.jpg": "a woman dressed in a black coat standing next to a wall", "03567-01reale.jpg": "a large group of people in a room", "13818-po_foppa.jpg": "a man in a costume is standing on a stage", "34438-stillife.jpg": "a close up of a pair of shoes on a table", "00576-024mark.jpg": "a statue of a man standing next to a building", "06279-salute.jpg": "a bunch of boats that are floating in the water", "43011-04barbar.jpg": "a close up of a person with a beard", "38964-08lastsu.jpg": "a group of people sitting around a table", "08835-francis.jpg": "a person standing next to a christmas tree", "39404-5maryma.jpg": "an old photo of a man and a woman", "28400-couple_m.jpg": "a woman sitting in a chair in a room", "41373-06arena3.jpg": "a large window that has a painting on it", "22772-head2.jpg": "a dog laying on top of a wooden plate", "43767-06harleq.jpg": "a painting of a person standing next to a statue", "25966-03crabb.jpg": "a group of people standing next to each other", "13212-madonna.jpg": "a woman wearing a sweater and holding a stuffed animal", "16098-mary06.jpg": "a group of people standing next to each other", "21267-4count.jpg": "a man in a black jacket and black jacket", "16558-ognissa2.jpg": "a statue of a man standing next to a clock", "23417-polypti1.jpg": "a statue of a man holding a book", "16406-mary05.jpg": "a group of people standing next to a building", "03027-01altar1.jpg": "a group of people standing next to each other", "08084-oaks_sea.jpg": "a tree that is sitting in the grass", "43610-10europa.jpg": "a group of people that are on a stage", "16451-franc21.jpg": "a large stone building with statues and statues", "40216-neuburg.jpg": "a large building with a tree in it", "03500-countess.jpg": "a woman sitting on a rock in the dark", "44048-3margare.jpg": "a couple of women standing next to each other", "17452-duchess.jpg": "a man in a coat and tie holding a bag", "04071-mary_mag.jpg": "a woman holding a book in her hand", "00255-v_josefa.jpg": "a statue of a man and a clock on a wall", "12273-verso16.jpg": "a group of people standing in front of a building", "09084-holy_fam.jpg": "a woman holding a baby in her arms", "03514-portrai1.jpg": "a man is standing next to a dog", "15226-1belisar.jpg": "a couple of women standing next to each other", "33504-09portra.jpg": "a woman in a black jacket is standing in front of a mirror", "26005-02last4.jpg": "a couple of women standing next to each other", "03620-ballplay.jpg": "a man in a brown shirt is sitting on a bench", "00027-andria2.jpg": "a group of people walking down a street", "29753-mcompany.jpg": "a group of people standing in front of a building", "06989-06canoe.jpg": "a man in a boat on a river", "23253-01madonn.jpg": "a man holding a baby in a red chair", "18197-0203grec.jpg": "a group of people standing next to each other", "40917-08adorat.jpg": "a group of people standing around a building", "12099-vi_scene.jpg": "a group of people sitting in front of a building", "35645-10sketc2.jpg": "a group of people and a dog in a room", "35249-2madchil.jpg": "a group of people sitting on top of a wall", "03507-holyfam.jpg": "a woman and a child are laying in a bed", "02896-preachin.jpg": "a group of people with a kite in the air", "35690-grove.jpg": "a field with trees and trees in the background", "15012-tahiti70.jpg": "a woman standing in front of a tree", "35849-may_tree.jpg": "a group of people standing in front of a church", "09184-temptati.jpg": "a statue of a man standing next to a statue", "26181-maesta0.jpg": "a room with a bench and tables in it", "11019-413david.jpg": "a woman sitting on a bed in a room", "05060-portrai2.jpg": "a woman holding a bunch of fruit on a table", "33383-06newtes.jpg": "a group of people sitting on a street", "11018-412david.jpg": "a man standing in a room with a clock", "18169-banquet.jpg": "a group of people standing next to each other", "14818-rebecca.jpg": "a group of people standing around a group of elephants", "06182-02left4.jpg": "a woman standing in front of a stone wall", "35278-laughing.jpg": "a picture of a man with a large rock in his mouth", "08851-04annun.jpg": "a statue of a woman standing next to a woman", "39736-03organ.jpg": "a man laying on a bed with a baby", "27051-doctor.jpg": "a man wearing a hat with a hat on", "20363-071ingre.jpg": "a man sitting on top of a pile of rocks", "40783-salzburg.jpg": "a large clock is in front of a window", "15869-psyche2.jpg": "a group of people standing around a group of people", "27184-06winter.jpg": "a painting of a person holding a teddy bear", "26158-40obrech.jpg": "a man sitting in front of a painting on a wall", "29738-saints1.jpg": "a couple of men standing next to each other", "09106-marine1.jpg": "a group of boats that are floating in the water", "13754-pitti1.jpg": "a clock that is sitting on a wall", "38205-interiot.jpg": "a group of people in a living room", "10653-09csont.jpg": "a bridge over a river with a bridge in the background", "32166-henri4.jpg": "a man with a beard and a beard", "20860-kitchen.jpg": "a couple of people sitting in a room", "21710-happyfam.jpg": "a group of people standing around a table", "39974-14early.jpg": "a close up of a person in a dark room", "14534-allegory.jpg": "a woman in a white dress holding a book", "43457-oude1.jpg": "a man sitting in front of a green and green tent", "37892-cityatla.jpg": "a man standing in front of a christmas tree", "43370-monica.jpg": "a group of people standing next to a building", "29801-f_martyr.jpg": "a woman in a red shirt is holding a tie", "10513-lamentat.jpg": "a bunch of stuffed animals sitting on top of a table", "03646-winter_l.jpg": "a group of people standing on top of a sandy beach", "26042-13nocel0.jpg": "a picture of a woman and a dog", "17788-607goya.jpg": "a man is sitting on the back of a boat", "35075-russell.jpg": "a couple of kids sitting next to each other", "30072-3wolfgag.jpg": "a group of people standing in a room", "17989-12scene.jpg": "a large ornate building with a painting on it", "00640-port_lad.jpg": "a man in a suit and tie sitting down", "41374-06cather.jpg": "a painting of a woman in a red dress", "24775-1man.jpg": "a close up of a person wearing a red hat", "24331-madonna.jpg": "a group of people sitting in a boat", "10196-adamev07.jpg": "a couple of boys standing next to each other", "17715-202goya.jpg": "a man and a woman standing next to each other", "10518-pieta.jpg": "a group of people sitting next to each other", "05688-rbergere.jpg": "a statue of a woman sitting on a couch", "38882-20udine.jpg": "a painting of a painting on a wall", "12148-hyante1.jpg": "a group of people sitting in a room", "35393-03erect5.jpg": "a picture of a man and a woman in a dress", "42147-kingcyru.jpg": "a group of people standing next to a pile of sheep", "17263-auvers23.jpg": "a bunch of bananas that are on the ground", "18782-guard405.jpg": "a large group of people standing around a building", "42711-seascape.jpg": "a large rock with a rock in the background", "43002-5susanna.jpg": "a group of people sitting on top of a couch", "14273-4disrob.jpg": "a group of people standing next to each other", "32103-brazlany.jpg": "a scenic view of a field with trees and trees", "14123-landscap.jpg": "a tree in a forest filled with trees", "11372-8delarod.jpg": "a close up of a person wearing a shirt and tie", "20452-josephbr.jpg": "a group of people and horses in a field", "38634-brothel.jpg": "a couple of people sitting next to each other", "21048-bauwens.jpg": "a woman in a white dress holding a hat", "08991-06cleopa.jpg": "a group of people sitting on a beach next to a building", "23875-4manet13.jpg": "a close up of a dog laying in a bed", "06099-venus_2c.jpg": "a young boy holding a baby in her arms", "07833-3disput.jpg": "a group of people standing around a statue", "36455-adoratio.jpg": "a group of people sitting around a wooden building", "37114-mose.jpg": "a group of people standing in front of a building", "07736-augustus.jpg": "a group of people standing in front of a statue", "30806-adoratio.jpg": "a group of women standing next to each other", "39445-5parad2.jpg": "a group of people standing in front of a building", "33344-fortune.jpg": "a couple of women standing next to each other", "03115-triumph.jpg": "a group of people sitting on top of a clock", "29315-repeta2.jpg": "a white and white building with a chandelier", "42001-musician.jpg": "a group of people standing around each other", "32068-cremona7.jpg": "a group of men sitting on top of an elephant", "16413-baptis01.jpg": "a group of people standing in front of a building", "38965-09s_lucy.jpg": "a group of people standing around a building", "25033-diane.jpg": "a woman in a dress sitting on a table", "39958-lucretia.jpg": "a shirtless man in a dress holding a piece of food", "04681-venus_ad.jpg": "a group of people sitting on top of a bed", "19609-nordlin1.jpg": "a couple of people standing next to each other", "36819-polyphe.jpg": "a painting of a man and a dog on a wall", "01079-holy_fam.jpg": "a black and white photo of a woman sitting on a bench", "37271-5saints2.jpg": "a couple of women standing next to each other", "32537-adoratio.jpg": "a black and white photo of a woman holding a teddy bear", "30110-anthia.jpg": "a group of people standing next to each other", "39869-cardinal.jpg": "a man sitting in front of a mirror holding a guitar", "29826-selfport.jpg": "a man in a black shirt and a tie", "10691-virginen.jpg": "a clock that is on top of a dresser", "30948-philoso2.jpg": "a dog laying in a bed with a blanket", "14778-ascensio.jpg": "a large building with statues on the wall", "41688-02madchr.jpg": "a painting of a woman holding a teddy bear", "13896-dessert.jpg": "a table that has some food on it", "39533-rape_eur.jpg": "a group of people standing next to a cow", "15574-7vault.jpg": "a picture of a painting on the wall", "20961-insects5.jpg": "a wall with a bunch of different items on it", "10399-05adamev.jpg": "a woman holding a dog and a dog", "08033-fortitud.jpg": "a woman with a hat and a hat", "28518-1vario01.jpg": "a statue of a man wearing a suit and tie", "30692-paolina2.jpg": "a picture of a clock on the wall", "29696-merchant.jpg": "a black and white photo of a boat in the water", "38694-crowning.jpg": "a group of people standing next to each other", "20379-17ingres.jpg": "a group of people sitting in a room", "21642-orpheus.jpg": "a group of men playing baseball on a beach", "21278-allegor2.jpg": "a woman standing next to a potted plant", "17140-arles62.jpg": "a person is standing in front of a bunch of bananas", "41952-port_man.jpg": "a man holding a white teddy bear in a dark room", "08762-lyingin1.jpg": "a black and white photo of a woman sitting on a couch", "37119-11madonn.jpg": "a group of people that are sitting on a bench", "29604-triptyc4.jpg": "a woman standing in front of a painting on a wall", "32405-port_wom.jpg": "a close up of a person wearing a costume", "30270-sacracon.jpg": "a group of people are sitting on a bench", "33933-aholyfam.jpg": "a group of people standing in a room", "10619-ferry_bo.jpg": "a group of people in a boat in the water", "33399-01passio.jpg": "a man holding a piece of food in his hand", "03866-149alle.jpg": "a group of people standing in front of a stone wall", "44216-portmari.jpg": "a woman in a dress sitting on the ground", "13641-18ferenc.jpg": "a black and white photo of a woman in a dress", "25285-08allego.jpg": "a group of people that are in a room", "09239-augustin.jpg": "a group of people riding on the back of a elephant", "23190-33monaco.jpg": "a painting of a painting of a man on a clock", "39979-1misc02.jpg": "a man in a black jacket is sitting on a rock", "07104-altarpie.jpg": "a large ornate building with statues and statues", "36570-twomarys.jpg": "a couple of people standing next to each other", "36773-members.jpg": "a group of people sitting next to each other", "02721-woodedla.jpg": "a couple of people that are standing in the grass", "28707-anthony.jpg": "a group of people standing next to each other", "27046-carnival.jpg": "a group of people riding elephants down a street", "17109-3arles23.jpg": "a view of a mountain with a tree in the background", "09976-basket_w.jpg": "a woman holding a flower in her hand", "21943-2ferroni.jpg": "a woman in a red shirt is sitting outside", "04568-boysinge.jpg": "a close up of a person wearing a suit", "43358-mary_chi.jpg": "a woman sitting on a couch holding a baby", "34121-pentecos.jpg": "a group of people standing around a building", "03517-samsonde.jpg": "a man sitting on a couch in a room", "28386-bearded.jpg": "a close up of a dog laying down", "34968-2mustai1.jpg": "a wall that has a painting on it", "26180-maesta.jpg": "a painting of a building in front of a building", "05668-rape_eur.jpg": "a group of people riding on top of a brown and white horse", "08312-saints1.jpg": "a painting of a man holding a cell phone", "19342-pond.jpg": "a body of water next to a body of water", "16356-08scenes.jpg": "a picture of a painting on a wall with a painting on it", "20533-reconstr.jpg": "a black and white photo of a large white building", "18452-madonna.jpg": "an old fashioned photo of a man and a clock", "43614-12annunc.jpg": "a group of people standing around a statue", "04411-mountain.jpg": "a group of people standing next to a lake", "38567-gallery4.jpg": "a room filled with lots of pictures and pictures", "10221-4faun1.jpg": "a man standing next to a couple of dogs", "20720-beanking.jpg": "a group of people drinking wine at a party", "24504-0view.jpg": "a building that has a clock on it", "22573-5vault.jpg": "a clock on the wall of a building", "31198-93restau1.jpg": "a group of people standing next to a painting", "15104-magi.jpg": "a group of people standing next to each other", "38322-victoria.jpg": "a woman standing in front of a wall", "06804-scenes1.jpg": "a group of people standing in front of a building", "21550-provost.jpg": "a group of people sitting around a building", "20869-stilhorn.jpg": "a close up of a person sitting on a table", "18469-filial_p.jpg": "a group of people sitting around a living room", "43942-triptych.jpg": "a picture of a man and a woman", "15563-6baptis.jpg": "a group of people standing next to a statue", "39399-4massac.jpg": "a group of people standing in front of a building", "38370-1vescov7.jpg": "a statue of a man standing next to a statue", "36012-orator09.jpg": "a painting of a painting in a store", "10946-milksoux.jpg": "a woman holding a baby in front of a table", "06426-25babel2.jpg": "a large building with a large building in the background", "06311-popham.jpg": "a woman in a suit and tie posing for a picture", "22381-carrying.jpg": "a group of people standing next to each other", "00429-columbus.jpg": "a close up of a person wearing a black shirt", "17076-paris26.jpg": "a statue of a man wearing a costume", "29942-flute_pl.jpg": "a man standing next to a statue in a dark room", "06191-02right7.jpg": "a couple of people standing next to each other", "22304-madonna.jpg": "a group of people standing around a fireplace", "26752-08_4sp8f.jpg": "a woman sitting in a crib with a statue", "40451-uhde4.jpg": "a man standing next to a wooden bench", "30752-1ceilin1.jpg": "a wall with a clock on the wall", "04690-013naple.jpg": "a couple of men sitting on top of a bed", "33580-121portr.jpg": "a woman in a black coat and black hair", "44267-virginal.jpg": "a black and white photo of a living room", "24234-molobaci.jpg": "a small boat in a body of water", "36758-symphony.jpg": "a group of people standing in front of a clock", "01127-coronati.jpg": "a woman in a dress and a bird", "19223-81noport.jpg": "a picture of a man wearing a tie", "17274-selfpo01.jpg": "a close up of a person holding a piece of food", "19271-interiox.jpg": "a chair and a chair in a room", "35440-72religi.jpg": "a black and white photo of a group of people", "24131-1virgin.jpg": "a group of people standing next to each other", "06050-joseph.jpg": "a group of people standing around a statue", "23142-3pomegra.jpg": "a woman holding a teddy bear in her hands", "02938-st_luke.jpg": "a picture of a woman in a red dress", "02523-8garden.jpg": "a stuffed animal with a hat on it", "17256-auvers16.jpg": "a statue of a man sitting on a wooden table", "40263-muse.jpg": "a woman in a red dress holding a blue purse", "39628-1madonn.jpg": "a group of people sitting on a couch", "35332-big_tree.jpg": "a large field of water with trees in the background", "00944-00humil1.jpg": "a painting of a woman sitting on a bed", "15630-the_nun.jpg": "a woman wearing a hat with a hat on", "28929-tailor.jpg": "a man in a baseball uniform sitting on a table", "41160-x_beggar.jpg": "a painting of a man standing next to a teddy bear", "20285-stillife.jpg": "a wooden table topped with lots of fruits and vegetables", "44225-seasons2.jpg": "an old photo of a woman holding a baby", "40105-crucifix.jpg": "a man in a red dress is doing a trick", "06781-rider.jpg": "a woman in a dress and a horse", "32714-madchild.jpg": "a woman in a dress and a dress", "20926-summer.jpg": "a picture of a woman and a dog", "38750-colbert1.jpg": "a group of people standing in front of a building", "35722-view_had.jpg": "a scenic view of a field with trees in the background", "36217-scene4.jpg": "a group of people sitting around a living room", "40112-st_paul.jpg": "a man holding a microphone in a dark room", "18476-innoceny.jpg": "a man brushing his teeth with a tooth brush", "22461-breakfa.jpg": "a woman sitting at a table in front of a table", "14594-spaniels.jpg": "a group of dogs laying on top of rocks", "29919-musician.jpg": "a group of people sitting around a table", "21229-4driver.jpg": "a man with a hat and a hat on", "35967-hunter.jpg": "a man and a dog sitting next to a tree", "03446-15adorat.jpg": "a woman sitting on a couch with a dog", "37151-shipping.jpg": "a group of people standing on a beach", "18210-0303grec.jpg": "a group of people standing next to a large rock", "04015-psforza1.jpg": "a man wearing a red hat holding a red hat", "14360-israelit.jpg": "a group of people sitting on top of a wooden table", "05489-5predell.jpg": "a statue of a woman standing next to a brick wall", "13582-haystack.jpg": "a large rock in the middle of nowhere", "18775-guard315.jpg": "a group of people standing outside of a building", "21021-port_man.jpg": "a man in a black jacket holding a knife", "41435-02galati.jpg": "a large clock in the middle of a building", "44772-stillife.jpg": "a bowl of fruit sitting on top of a table", "36556-birth.jpg": "a couple of women standing next to each other", "35259-7madenth.jpg": "a group of people sitting around a building", "17950-windmill.jpg": "a man standing on top of a dirt field", "30807-assump.jpg": "a group of people standing next to each other", "10744-girlhead.jpg": "a close up of a person wearing a hat", "04448-la_loge.jpg": "a man sitting next to a woman in a room", "17993-02chapel.jpg": "a display of people and horses in a store", "39432-2colleg2.jpg": "a group of people sitting on top of horses", "24883-gilles.jpg": "a group of people standing next to each other", "07439-liberati.jpg": "a black and white photo of a man holding a cat", "24177-clement9.jpg": "a man wearing a santa hat sitting on a bed", "21434-earth.jpg": "a group of people standing next to a statue", "27048-dance.jpg": "a group of people sitting in front of a building", "41176-z_reden.jpg": "a close up of a person holding a banana", "11198-1880s_18.jpg": "a dog that is sitting on a couch", "31425-02james.jpg": "a large ornate building with many statues and statues", "14307-crucifix.jpg": "a stone building with a statue of a woman standing next to it", "24510-preachin.jpg": "a group of people standing next to each other", "34989-11lambac.jpg": "a statue of a man standing next to a building", "00645-youngman.jpg": "a man wearing a hat sitting in a chair", "00522-shipping.jpg": "a group of people in a boat on the water", "10053-stillif1.jpg": "a table that has some food on it", "29564-flourish.jpg": "a group of people sitting around a church", "30939-stillif3.jpg": "a pair of shoes sitting next to a banana peel", "14152-08abbe.jpg": "an old photo of a woman sitting on a counter", "35742-waterfog.jpg": "a large body of water with rocks in the background", "11360-dawn.jpg": "a mountain view with a mountain in the background", "12264-verso11.jpg": "a group of people standing around a building", "19000-marieant.jpg": "a woman in a dress sitting on a wooden floor", "17005-nuenen20.jpg": "a man standing next to a stone wall", "37327-2orsini.jpg": "a statue of a woman wearing a blue shirt and tie", "40898-09virgin.jpg": "a woman sitting in a chair holding a baby", "08492-07early.jpg": "a black and white photo of a person in a costume", "37875-cleopatr.jpg": "a woman sitting on a chair in a room", "35708-jewish_c.jpg": "an old church with a castle in the background", "25149-virgin_c.jpg": "a group of people standing next to each other", "21467-landseer.jpg": "a couple of dogs that are standing in the dirt", "23893-5late12.jpg": "a statue of a man wearing a black hat", "08723-desdemon.jpg": "a couple of women standing next to each other", "19173-54notron.jpg": "a man with a hat and a hat", "32197-02battle.jpg": "a group of people with horses and horses", "23128-2chapte4.jpg": "a statue of a statue of a giraffe on a wall", "40876-01wenema.jpg": "a group of people standing next to a building", "13635-12ferenc.jpg": "a cow is standing in front of a church", "17978-02scene.jpg": "a statue of a woman standing in front of a building", "18086-6fina.jpg": "a statue of a woman in a dress", "28657-5cathed2.jpg": "a large stone wall with a stone wall", "33594-136portr.jpg": "a black and white photo of a person wearing a hat", "11636-st_agnes.jpg": "a woman standing next to a statue of a statue", "35650-12sketch.jpg": "a statue of a man sitting on top of a brown and black elephant", "25945-postapep.jpg": "a statue of a man standing next to a stone wall", "35441-72religj.jpg": "a large group of people in a room", "12592-4kleberg.jpg": "a picture of a man with a beard", "30454-crossing.jpg": "a group of people riding horses on a beach", "31311-madchild.jpg": "a couple of men sitting next to each other", "28765-5goldsmi.jpg": "a man holding a carrot in his hand", "39642-6annunci.jpg": "a couple of women standing next to each other", "38101-still_li.jpg": "a wooden table topped with a plate of donuts", "31348-petronil.jpg": "a group of people sitting on a couch", "29216-01nunzia.jpg": "an old building with a clock on it", "27121-perseus.jpg": "a group of people standing next to each other", "30136-guardroo.jpg": "a group of people standing next to a dog", "04463-kitchen.jpg": "a group of people riding on the back of a horse", "24309-0markok.jpg": "a man walking down a dirt road next to the ocean", "37478-market1.jpg": "a group of people standing around a table full of food", "43375-polypty2.jpg": "a large clock that is on top of a building", "08601-portgent.jpg": "an old man sitting in a dark room", "16078-joachi5.jpg": "a painting of a woman standing next to a building", "06638-stilbask.jpg": "a basket of flowers sitting on a table", "11653-4embrasu.jpg": "a picture of a painting on the side of a building", "32580-06self.jpg": "a close up of a person wearing a suit and tie", "32273-02xavier.jpg": "a group of people sitting in a room", "42950-4wall1.jpg": "a group of people sitting on top of a couch", "42233-0302vela.jpg": "an old photo of a woman holding a purse", "38849-5scene6.jpg": "a painting of a man and a cow on a wall", "12041-astronom.jpg": "a man sitting at a table in a dark room", "44024-0braque.jpg": "a picture of a man and a woman", "05949-peasants.jpg": "a group of people standing around a herd of cattle", "26168-08notri3.jpg": "a group of people standing in front of a stone building", "18604-2view.jpg": "a painting with a painting on the wall", "19258-piebald.jpg": "a couple of cows that are standing next to each other", "00731-5mira2.jpg": "a white and white cake with a man on it", "08552-2figure4.jpg": "a statue of a man with a hat on", "15231-4recamie.jpg": "a woman sitting on a bench in a room", "22457-silvio_d.jpg": "a man and woman sitting next to each other", "05627-virgin_1.jpg": "a painting of a woman standing next to a painting", "42165-mansword.jpg": "a man in a white shirt and black hat", "14537-judith.jpg": "a group of people sitting on top of a couch", "25193-descent1.jpg": "a group of people standing next to each other", "41013-123portr.jpg": "a close up of a person wearing a mask", "44678-stackhou.jpg": "a man sitting on a floor holding a wii controller", "42797-1shephe2.jpg": "a group of people standing in a room", "24584-flora.jpg": "a statue of a woman sitting next to a statue", "04388-adoratiw.jpg": "a group of people riding horses next to a building", "42926-5wall1.jpg": "a picture of a painting on a wall", "42337-the_farm.jpg": "a couple of horses standing in a field", "24363-trimmed.jpg": "a close up of a bird on a beach", "25232-4garam.jpg": "a group of people standing next to each other", "22387-sacrific.jpg": "a group of men playing a game of frisbee", "43436-estuary.jpg": "a group of people standing on top of a rocky cliff", "24746-wencesl4.jpg": "a statue of a man holding a red tie", "03086-virgin_c.jpg": "a group of people sitting on a stage", "04021-madchild.jpg": "a woman sitting next to a teddy bear", "04536-roundels.jpg": "a couple of women standing next to each other", "24718-panel3.jpg": "a vintage photo of a woman in a dress", "13219-stil_fru.jpg": "a wooden table topped with a bowl of fruit", "04075-rest_fli.jpg": "a man in a red jacket sitting in a window", "17163-portra15.jpg": "a statue of a man holding a baseball glove", "37802-manett03.jpg": "a woman is sitting on a chair in a room", "13626-03ferenc.jpg": "a couple of men standing next to each other", "24783-0merode.jpg": "a group of people standing in a room", "29728-susanna.jpg": "a woman sitting on a bench next to a woman", "24916-stillife.jpg": "a statue of a man holding a pair of scissors", "20020-birdspaz.jpg": "a group of birds sitting on top of a stone wall", "17741-308goya.jpg": "a group of people that are in the water", "11588-guardia1.jpg": "a couple of people sitting next to each other", "14950-4arles04.jpg": "a painting of a person standing next to a mountain", "00569-polyptic.jpg": "a group of people standing next to a painting", "24138-4funera2.jpg": "a group of people standing next to each other", "41517-v_scales.jpg": "a group of people sitting around a couch", "03476-s_sebast.jpg": "a man laying in bed next to a man", "24274-life5.jpg": "a group of people sitting next to each other", "13893-breadcon.jpg": "a couple of wine glasses sitting on top of a table", "32957-01altovi.jpg": "a woman wearing a hat and a hat", "31769-rest_fli.jpg": "a couple of people sitting on top of a couch", "15753-presenti.jpg": "a group of people riding on the backs of elephants", "34945-5oberze1.jpg": "a large brick building with a clock on it", "33013-14farnes.jpg": "a statue of a man sitting on a bed", "30362-polypti6.jpg": "a painting of a woman holding a blue umbrella", "17014-nuenen34.jpg": "a close up of a person with an umbrella", "37912-morningt.jpg": "a picture of a woman sitting in a bed", "08021-mass_mat.jpg": "a group of people standing next to a statue", "19159-44broeck.jpg": "a man in a leather jacket is sitting down", "13276-portrait.jpg": "a little girl in a costume holding a bird", "43843-hunt3.jpg": "a couple of dogs that are in the grass", "07938-f_egypt.jpg": "a group of people standing in front of a bridge", "40366-3clock3.jpg": "a picture of a man with a face on his head", "21332-selfporx.jpg": "a man sitting in front of a wall", "38318-staignan.jpg": "a group of people sitting on top of horses"}