{"02860-promethe.jpg": "a group of people standing around a statue", "05857-4feast.jpg": "a group of people standing around a table of food", "34668-provenc3.jpg": "a building with a building in the background", "16432-evang3.jpg": "a painting of a man standing next to a building", "30216-3orio2.jpg": "a group of people standing around a horse", "17413-jup_anti.jpg": "a man sitting on a couch with a dog", "03652-nieukoop.jpg": "a group of people standing on a beach next to a church", "42427-beautifu.jpg": "a large brown dog standing next to a woman", "19234-peasants.jpg": "a group of people sitting around each other", "36587-madonna.jpg": "a woman sitting next to a little boy", "22674-00view1.jpg": "a large stone building with statues and statues", "22441-popolo.jpg": "a group of people sitting in front of a castle", "11079-visitors.jpg": "a statue of a man standing next to a statue", "13263-woodedla.jpg": "a group of people standing next to a pile of rocks", "04936-ladylucy.jpg": "a woman wearing a hat and a tie", "41352-09cascet.jpg": "a wall that has a painting on it", "38298-spaniel.jpg": "a brown and white dog standing on the ground", "39546-newspape.jpg": "a close up of a dog laying in a bed", "19608-epitaph.jpg": "a group of people standing around a window", "43365-resurrec.jpg": "a man in a white shirt and a white shirt", "34353-processi.jpg": "a group of people standing next to a forest", "21314-05dream.jpg": "a couple of people standing next to each other", "20362-06ingres.jpg": "a painting of a woman and a horse", "02904-porthass.jpg": "a woman sitting in a room holding a red umbrella", "18658-3carry.jpg": "a group of people sitting on top of a building", "03276-adoratio.jpg": "a group of people and horses in a room", "36211-predel5.jpg": "a painting of a woman sitting on a bench", "08853-04jerome.jpg": "a statue of a man sitting next to a stone wall", "00962-04anthon.jpg": "a man in a leather jacket and a black jacket and a brown elephant", "21411-catheri.jpg": "a woman is standing next to a dog", "38987-07labia.jpg": "a large building with statues on the wall", "42924-5ceiling.jpg": "a group of people sitting in a room", "32783-23connes.jpg": "a little boy sitting in a mirror holding a cell phone", "23283-08entomb.jpg": "a group of people sitting next to each other", "23625-mountain.jpg": "a horse in the middle of a field", "09496-esaujaco.jpg": "a woman standing next to a dog in a room", "19250-stillif9.jpg": "a close up of a purse on a table", "12109-port_man.jpg": "a man wearing a hat and a hat", "15127-portlady.jpg": "a woman wearing a hat and wearing a hat", "11160-1870s_22.jpg": "a statue of a bird on a statue", "34938-22french.jpg": "a close up of a <unk> of a fire hydrant", "06176-01left.jpg": "a painting of a woman standing next to a building", "31016-virgin_a.jpg": "a group of people standing on top of a beach", "41102-04tripti.jpg": "a group of people standing next to each other", "21270-youngboy.jpg": "a man sitting in front of a stone building", "27143-ploos1.jpg": "a woman is holding an umbrella in the dark", "16442-franc12.jpg": "a large window with a painting on it", "12492-07haller.jpg": "a young man in a blue jacket holding a baby", "38935-13zenobi.jpg": "a group of people standing next to each other", "18905-04aurora.jpg": "a room filled with lots of different types of animals", "44399-port_tuk.jpg": "a woman standing in front of a mirror", "24602-adormagi.jpg": "a group of people sitting on top of a horse", "32630-beheadin.jpg": "a group of people standing next to each other", "38063-lutenist.jpg": "a couple of men standing next to each other", "34224-teresa.jpg": "a man sitting in a chair next to a bird", "28914-black_k.jpg": "a man in a black jacket and a black hat", "02968-port_man.jpg": "a man in a black jacket holding a book", "40047-cabare13.jpg": "a painting of a bird sitting on a wall", "29271-205muril.jpg": "a group of people in a room with a dog", "30537-gatherin.jpg": "a group of people sitting on top of a couch", "32210-150bacch.jpg": "a couple of animals that are laying down", "18127-library.jpg": "a clock mounted to the side of a wall", "43571-vase2.jpg": "a vase filled with flowers on a table", "09433-strawber.jpg": "a painting of a bunch of fruit on a table", "32997-6logget1.jpg": "a room with a large stone building and chairs", "33895-10noremb.jpg": "a man with a hat and a hat on", "02624-09arella.jpg": "a painting of flowers in a vase on a table", "44077-02lady.jpg": "a man wearing a hat is wearing a hat", "36987-master.jpg": "a little girl sitting in a chair holding a remote", "11999-bacchus.jpg": "a man standing on top of a sandy beach", "17486-6norfol3.jpg": "a man sitting on a chair in a room", "18749-guard215.jpg": "a large building with a building in the background", "44061-2lamenta.jpg": "a couple of people that are sitting on a couch", "02965-sebastia.jpg": "a couple of women sitting next to each other", "04446-interior.jpg": "a group of people standing around a table", "37583-port_man.jpg": "a woman wearing a black hat and a black hat", "29220-05nunzia.jpg": "a clock is hanging on the side of a building", "42986-3love1.jpg": "a group of men standing next to each other", "25047-altar1.jpg": "a group of people sitting in front of a mirror", "14938-6pould08.jpg": "a man standing next to a painting of a man", "17481-4carond4.jpg": "a picture of a clock on a wall", "04259-urban8.jpg": "a man in a red hat is eating something", "44067-1gros1.jpg": "a woman sitting on a couch with a teddy bear", "26274-09menzel.jpg": "a group of people standing around a building", "43152-marcus_a.jpg": "a group of people standing next to each other", "41636-4lisbeth.jpg": "a statue of a man in a red dress", "17043-still02.jpg": "a close up of a pile of food on a table", "39649-5virginc.jpg": "a woman is holding a baby in her lap", "03658-oysters.jpg": "a wooden table topped with plates of food", "08864-12peter.jpg": "a statue of a man standing next to a statue", "35737-waterfak.jpg": "a black and white photo of a mountain", "11560-findingm.jpg": "a group of people standing in front of a river", "26095-26nomus.jpg": "a group of people standing next to each other", "21242-cuirassi.jpg": "a group of men riding on the backs of horses", "35952-4amster1.jpg": "a church with a church in the background", "36608-gothic_c.jpg": "a large building with a large building in the background", "11956-orsett07.jpg": "a painting of a painting on the wall", "31055-1miser02.jpg": "a couple of men standing next to each other", "07720-6portrai.jpg": "a close up of a person with a dog", "37900-countryw.jpg": "a group of people sitting in a room", "16660-stephen.jpg": "a black and white photo of a person holding an umbrella", "43419-polyptic.jpg": "a painting of a woman standing next to a painting", "37253-50child.jpg": "a large group of people standing next to each other", "37474-fishmong.jpg": "a painting of a bird on a table", "42958-1dieci.jpg": "a picture of a man and a man on a horse", "06257-01eleono.jpg": "a painting of a painting on the side of a building", "26265-04menzel.jpg": "a view of a bridge with a bridge in the background", "42936-1ceilin.jpg": "a clock that is on top of a wall", "19817-kaishei2.jpg": "a group of people standing in front of a building", "08496-10early.jpg": "a dog standing on a rock in the snow", "20780-dr_finot.jpg": "a close up of a person with a beard", "24072-3sposi03.jpg": "a picture of a man and a dog", "17698-adoratio.jpg": "a large building with statues on top of it", "02901-p_lutma.jpg": "a man in a dark suit holding a baseball bat", "36767-diptych1.jpg": "a man holding a baby in front of a painting", "12981-hamilton.jpg": "a statue of a man sitting on a skateboard", "14456-302fried.jpg": "a mountain with mountains in the background", "31873-portuga1.jpg": "a group of people standing next to each other", "05794-oldwoman.jpg": "a man in a hat is sitting on a chair", "38682-luteplay.jpg": "a brown and white dog sitting on a suitcase", "03591-08ventur.jpg": "a picture of a group of people on a wall", "31416-003siena.jpg": "a room that has a chandelier in it", "21544-le_brun.jpg": "a woman sitting in front of a large elephant", "21496-borghese.jpg": "a group of people sitting on top of a table", "27175-02trussi.jpg": "a couple of people standing next to each other", "12378-italiana.jpg": "a group of people riding horses down a river", "09925-selfport.jpg": "a woman in a suit sitting on a bed", "19482-1portrai.jpg": "a man is sitting on top of a doorway", "16401-joachi6.jpg": "a group of people standing next to a building", "35736-waterfai.jpg": "a large body of water surrounded by trees", "12486-01father.jpg": "a man wearing a black hat and a black hat", "04060-negress.jpg": "a man wearing a hat and wearing a hat", "05584-02lament.jpg": "a group of people sitting on top of a building", "23436-labia1.jpg": "a group of people sitting on top of a wall", "35974-rockylan.jpg": "a group of people standing on top of a mountain", "39168-08valmar.jpg": "a man sitting on a beach next to a tree", "08784-madchild.jpg": "a couple of women standing next to each other", "00186-4winter.jpg": "a group of people sitting in a room", "06334-20other.jpg": "a black and white photo of a flooded road", "02732-citywall.jpg": "people are sitting in front of a brick building", "33408-31newtes.jpg": "a group of people standing around a room", "18241-0602grec.jpg": "a close up of a person on a black horse", "04834-stil_owl.jpg": "a couple of dogs laying on top of a couch", "32566-stjerome.jpg": "a man in a red shirt is holding a cigarette", "42831-04lattu3.jpg": "a group of people riding horses on a beach", "35832-river_sc.jpg": "a large body of water sitting in the middle of a field", "33585-127portr.jpg": "a black and white photo of a horse and woman", "05683-pastoral3.jpg": "a group of animals standing next to a tree", "08425-beggar.jpg": "a man in a leather jacket holding an umbrella", "07615-67sheph.jpg": "a group of people sitting in a dark room", "07340-vision.jpg": "a man standing next to a woman in a room", "14183-07boypie.jpg": "a little girl wearing a hat and a hat", "14564-07dream.jpg": "a group of people that are laying down", "40887-09adorat.jpg": "a group of people standing in front of a building", "13681-vision.jpg": "a group of people standing next to a wall", "33335-1socrate.jpg": "a group of people sitting on a bench", "03277-annuncia.jpg": "a painting of a woman standing next to a building", "34396-couraill.jpg": "a black and white photo of a woman sitting on a couch", "28413-marriage.jpg": "a group of people standing around a building", "12064-young_mo.jpg": "a man and a woman sitting at a table", "35615-17landsc.jpg": "a group of people standing next to a field", "14457-303fried.jpg": "a tree branch with a tree in the background", "38570-gambling.jpg": "a group of people sitting around a table", "29853-calvary1.jpg": "a close up of a clock on a wall", "26291-parrots.jpg": "a group of birds sitting on top of a branch", "04556-stillife.jpg": "a bouquet of flowers in a vase on a table", "18954-11poly.jpg": "a group of people standing next to each other", "39079-02hyacin.jpg": "a group of men standing around a statue", "15122-self_por.jpg": "a group of people standing in front of a fireplace", "34431-skylight.jpg": "a man standing next to a stone wall", "07534-31david.jpg": "a man sitting on a couch with a dog", "19283-grossven.jpg": "a mountain with mountains in the background", "07199-canal401.jpg": "a large building with a large clock on it", "34046-2renoi26.jpg": "a woman in a bikini holding a <unk>", "13268-bacchus.jpg": "a group of people that are sitting on a bed", "37485-birds1.jpg": "a group of birds standing on top of a table", "25907-stillfig.jpg": "a wooden table topped with a pile of fruit", "12322-8windsor.jpg": "a clock and a painting on a wall", "41161-x_celle.jpg": "a man standing in front of a large window", "04774-landsca1.jpg": "a group of people standing around a tree in a forest", "23188-31monaco.jpg": "a painting of a man standing next to a clock", "03189-fragmen3.jpg": "a bunch of animals that are in a room", "14581-birdconc.jpg": "a group of birds sitting on top of a table", "32969-06cecil.jpg": "a group of people standing next to each other", "12013-nymsatyr.jpg": "a man and a woman standing next to each other", "14636-coronati.jpg": "a group of women standing next to each other", "39568-06gipsy.jpg": "a woman holding a baby next to a baby", "15819-horses2.jpg": "a couple of horses standing next to each other", "34037-2renoi18.jpg": "a close up of a horse and a cow", "32941-02garvag.jpg": "a woman holding a baby on a couch", "21121-christ_h.jpg": "a group of people standing next to each other", "19584-port_man.jpg": "a man wearing a hat and holding a hat", "16436-franc0.jpg": "a statue of a man standing next to a building", "39307-09ceilin.jpg": "a man laying on top of a blanket on top of a bed", "39184-portrait.jpg": "a woman holding a flower in her hands", "23168-07monaco.jpg": "a statue of a man sitting next to a statue", "15802-pendant1.jpg": "a tree filled with lots of colorful flowers", "09035-10muses.jpg": "a group of people riding on top of a dirt road", "05099-lamentat.jpg": "a couple of people that are laying down", "44680-tribuna.jpg": "a group of people standing in front of a wall", "07727-salmacis.jpg": "a couple of dogs are playing in the water", "19118-20scrive.jpg": "a man with a beard and a brown beard", "39308-10ceilin.jpg": "a man wearing a leather jacket and jeans", "10663-bigallo.jpg": "a clock that is on the side of a building", "32503-virgin_c.jpg": "a group of people sitting on top of a wooden floor", "40861-03resurr.jpg": "a woman standing next to a wooden wall", "35837-sailing.jpg": "a group of people on boats in a body of water", "38698-emmaus.jpg": "a group of people standing around a table", "26251-perseus.jpg": "a man and a woman standing next to each other", "36826-sacracon.jpg": "a group of people that are sitting down", "42437-scene3.jpg": "a statue of a man sitting on a horse", "43387-bragora.jpg": "a painting of a woman holding a baby", "21967-2yarnwi.jpg": "a man and a woman sitting on a couch", "23781-colonna.jpg": "a large clock that is on a wall", "28922-port_sol.jpg": "a man in a red coat is sitting on a wall", "16639-ador_magi.jpg": "a group of people standing around a barn", "39099-080rina3.jpg": "a woman sitting on a log in front of a building", "35876-lucreti.jpg": "a group of people sitting on a couch", "14326-scene03.jpg": "a group of people standing next to each other", "06237-z_pope2.jpg": "a close up of a person wearing a hat", "24164-1self_p.jpg": "a man in a white shirt is cutting a piece of paper", "18128-assumpti.jpg": "a group of people standing in a room", "43715-soupkitc.jpg": "a large group of people in a room", "23169-08monaco.jpg": "a statue of a man holding a paper", "08041-portyoun.jpg": "a woman that is laying down with a blanket", "30892-farnesi0.jpg": "a building with a painting on the wall", "35010-cremona2.jpg": "a group of people standing around a museum", "29494-fainting.jpg": "a group of people sitting on top of a couch", "11939-sopron.jpg": "a picture of a woman holding a baby", "12101-village.jpg": "a group of people sitting in front of a house", "06501-17cockai.jpg": "a dog laying on the ground next to a person", "25123-scene.jpg": "a painting of a woman standing next to a painting", "22990-port_boy.jpg": "an image of a woman and two dogs", "07228-canal515.jpg": "a group of people on a boat in the water", "05265-2hell1.jpg": "a black and white photo of a tree in the dark", "35463-02mythol.jpg": "a close up of a person with a dog", "37518-8sabinew.jpg": "a group of people sitting on top of a beach", "39355-11elisha.jpg": "a group of people standing next to each other", "07570-47ecceho.jpg": "a couple of people standing next to each other", "42870-5versail.jpg": "a group of people sitting in front of a building", "28411-maincha1.jpg": "a group of people standing next to each other", "37004-service.jpg": "a group of people standing in front of a building", "09880-courb218.jpg": "a man in a suit is holding a cat", "07501-272y_ram.jpg": "a man laying on a bed next to a man", "17484-6norfol1.jpg": "a woman is sitting on a red couch", "03688-port_man.jpg": "a man sitting on a couch holding a white tie", "04001-omphale.jpg": "a group of people sitting in a room", "04892-ladpearl.jpg": "a woman in a dress holding a tie", "11382-greathal.jpg": "a group of people walking in front of a building", "16025-franc06.jpg": "a statue of a statue sitting next to a building", "07571-47emmau.jpg": "a group of people sitting around a table", "23587-portrai1.jpg": "a woman in a black shirt and black pants", "20587-travelle.jpg": "a group of people walking across a lush green forest", "16444-franc13.jpg": "a black and white photo of a group of people", "09651-03barber.jpg": "a large building with statues and statues on it", "10201-charity1.jpg": "a man and a baby sitting on the ground", "29342-lamentat.jpg": "a group of people that are laying down", "25331-portrai2.jpg": "a woman in a red jacket and a red hat", "24160-j_paris.jpg": "a group of people sitting on a horse", "14006-selfspin.jpg": "a woman sitting in a chair reading a book", "17539-5venus1.jpg": "a statue of a man standing next to a statue", "10445-pieta.jpg": "a dog laying on top of a blanket next to a man", "22711-1forest.jpg": "a painting of a woman standing next to a statue", "34648-avenue.jpg": "a statue of a man standing next to a tree", "03310-predell7.jpg": "a group of people standing next to each other", "30960-entry_ru.jpg": "a group of people standing around with horses", "20798-polypty1.jpg": "a couple of people sitting next to each other", "42981-1allego1.jpg": "a group of people standing next to each other", "22934-01dancin.jpg": "a group of people standing around each other", "04540-coronati.jpg": "a group of people standing next to each other", "44071-2croy3.jpg": "a painting on the side of a building", "17159-portra11.jpg": "a man wearing a hat and a hat", "09397-stillif1.jpg": "a vase with a bunch of flowers on it", "36914-09serov.jpg": "a woman standing in a room next to a table", "11119-early10.jpg": "a man holding a banana in his hand", "09034-09aeneas.jpg": "a group of people standing next to a body of water", "23576-pendant2.jpg": "a black and white photo of a man in a black shirt", "05786-portrait.jpg": "a woman is sitting on the floor with a bag", "24463-pisa_fr2.jpg": "a couple of men standing next to each other", "42764-4transfi.jpg": "a painting on the side of a building", "39657-05crucif.jpg": "a statue of a man standing next to a tree", "35240-borghese.jpg": "a painting of a painting on a wall in a room", "35111-heroicba.jpg": "a group of horses that are on the ground", "23163-02monaco.jpg": "a statue of a man standing next to a statue", "19773-riverlan.jpg": "a tree in front of a body of water", "10187-4david1.jpg": "a group of people riding on the back of a building", "34676-washerwo.jpg": "a stone bridge with people standing around it", "13137-contento.jpg": "a crowd of people standing in front of a building", "24784-0merode1.jpg": "a group of people sitting in a room", "13430-1holzha1.jpg": "a picture of a man sitting in front of a mirror", "18384-1711grec.jpg": "a picture of a man in a <unk>", "05935-madonna.jpg": "a man in a black jacket and a black jacket", "13047-pentecos.jpg": "a group of people standing around a building", "00312-scenes.jpg": "a group of people standing next to each other", "16836-portwom1.jpg": "a woman in a black dress and a black dress", "24388-viewvers.jpg": "a large group of animals in the middle of a city", "43248-hurdygur.jpg": "a group of people standing in front of a building", "17015-nuenen35.jpg": "a statue of a man with a face on his head", "00798-perugia2.jpg": "a couple of men standing next to each other", "25956-noahark1.jpg": "a group of people standing around a table with dogs", "30054-2father2.jpg": "a statue of a man standing next to a woman", "13415-21paele0.jpg": "a group of people standing next to each other", "29155-choppy1.jpg": "a group of people in a body of water", "09576-corot25.jpg": "a black and white photo of a woman with a umbrella", "18253-0701grec.jpg": "a picture of a man holding a bag", "21853-skaters.jpg": "a group of people standing in a flooded area", "29541-pilgram.jpg": "a black and white photo of a man", "38190-holy_fam.jpg": "a black and white photo of a woman holding a baby", "41507-caldogn1.jpg": "a group of people sitting on top of a beach", "09263-virgin_c.jpg": "a picture of a man and a clock", "12964-cesarini.jpg": "a man is sitting in a chair with his arms crossed", "35746-winter_l.jpg": "a black and white photo of an old building", "40819-silvers.jpg": "a woman sitting on a table in a room", "04461-element4.jpg": "a group of people sitting around a table", "30417-rocca0.jpg": "a painting on a wall with a painting on it", "43583-5birth.jpg": "a group of people that are sitting on a couch", "41131-darmsta2.jpg": "a group of people standing next to a building", "09083-eleonora.jpg": "a woman in a dress holding a horse", "10400-07carita.jpg": "a man and a baby are laying in bed", "41739-3agapit2.jpg": "a group of men standing next to each other", "16720-sleep_en.jpg": "a couple of people that are in a room", "32172-lorrain.jpg": "a man in a black jacket and a dog", "36532-portrait.jpg": "a woman is holding an umbrella in her hand", "03760-027pieta.jpg": "a couple of people standing next to each other", "34180-0_andrew.jpg": "a man in a yellow jacket sitting in a chair", "24882-clovis.jpg": "a group of people standing next to each other", "09847-courb110.jpg": "a woman sitting on a floor with a dog", "13764-david_st.jpg": "a man holding a stuffed animal in his hands", "39767-12girl.jpg": "a woman wearing a coat and holding a cell phone", "07551-37depos.jpg": "a group of people standing next to each other", "39880-elegant2.jpg": "a group of people sitting next to each other", "20279-stgeorge.jpg": "a statue of a man with a hat on", "14045-madon_c.jpg": "a woman sitting on a couch holding a donut", "34119-abraham.jpg": "a group of people sitting on top of a bed", "11472-trophy.jpg": "two dogs sitting next to each other on the ground", "36425-crabfish.jpg": "a person standing in front of a mountain", "41539-firework.jpg": "a large brick building with a clock on it", "13736-3scene.jpg": "a painting of a horse and animal on a wall", "35099-bandit.jpg": "a man in a black jacket and black jacket", "29327-3nagybal.jpg": "a group of people sitting on a bench", "36927-lastsupp.jpg": "a group of people sitting next to each other", "03614-7holyfam.jpg": "a woman holding a baby in her arms", "29209-trilog3.jpg": "a group of people standing next to each other", "25249-altar1.jpg": "a statue of a man in a dress and tie", "13473-anchorit.jpg": "a man in a white shirt and tie standing in a room", "25326-bartholo.jpg": "a man and a woman standing in a room", "07056-holyfami.jpg": "a group of people sitting on top of a couch", "19741-doublepo.jpg": "a woman sitting on a bed with a bird", "36536-garden.jpg": "a woman in a dress and a dress in a dress", "09245-mudarra.jpg": "a woman in a black coat standing on a black chair", "29873-zmargare.jpg": "a close up of a person with a <unk> face", "26128-36noannu.jpg": "a couple of women standing next to each other", "36817-pallavic.jpg": "a man wearing a red hat sitting on a couch", "14028-ceiling1.jpg": "a painting of a clock on the wall of a building", "07230-canal600.jpg": "a large building with a clock tower in the middle of it", "33972-ecce_hom.jpg": "a close up of a person wearing a hat", "09614-allegorz.jpg": "a group of people sitting on a beach", "42522-children.jpg": "a woman and a child sitting on a bench", "04469-market_w.jpg": "a woman sitting at a table filled with fruits and vegetables", "03986-bello214.jpg": "a large building with a castle in the background", "23926-med_port.jpg": "a boat that is sitting in the water", "35403-07desce6.jpg": "a couple of people standing next to each other", "03023-11_3ages.jpg": "a group of people standing next to each other", "41694-07vincen.jpg": "a group of women standing next to each other", "37745-flowers2.jpg": "a vase of flowers sitting on a table", "28859-v_carmel.jpg": "a group of people standing next to each other", "10153-48religi.jpg": "a couple of people that are standing next to each other", "17287-selfpo14.jpg": "a man with a beard and a beard", "23864-4manet02.jpg": "a man with a beard is standing in the street", "08708-v_mercy.jpg": "a group of women standing next to each other", "06939-stillife.jpg": "a painting of a vase with flowers in it", "05160-canova.jpg": "a large group of people standing around a building", "23962-1james07.jpg": "a group of people standing next to a stone wall", "03538-sketch13.jpg": "a group of people standing around a building", "38356-mattias.jpg": "a man dressed in a costume is standing next to a wall", "24744-wencesl2.jpg": "a group of people sitting on top of a bed", "29279-211muril.jpg": "a woman standing next to a small child", "04695-041tivol.jpg": "a group of people standing in front of a building", "31507-appariti.jpg": "a statue of a man standing next to a man", "07472-10bacch.jpg": "a man sitting on a couch holding a bunch of fruit", "11607-venice3.jpg": "a large body of water surrounded by buildings", "30406-madchild.jpg": "a woman sitting on a couch next to a child", "16656-predel4.jpg": "a group of people sitting in front of a building", "18502-winter.jpg": "a large group of people walking on a beach", "19042-campaspe.jpg": "a room filled with lots of different types of people", "22996-diderot.jpg": "a man sitting at a table with a laptop", "10529-virgin_c.jpg": "an old picture of a woman and a child", "09694-vallicex.jpg": "a large clock on the wall of a building", "18952-09poly.jpg": "a group of people standing next to a building", "43497-eruptio.jpg": "a picture of a person in the dark", "25117-8head.jpg": "a close up of a person with a smile", "26074-21virgi.jpg": "a woman sitting on a bench with a teddy bear", "15889-carmine.jpg": "a large clock on the side of a building", "35825-market_s.jpg": "a group of people standing on top of a dirt road", "42930-6ceilin1.jpg": "a group of people sitting on top of a bed", "37539-scene07.jpg": "a group of people standing next to each other", "04772-flight1.jpg": "a group of people sitting next to a fountain", "18617-2view2l.jpg": "a painting of a woman standing next to a clock", "07282-canal809.jpg": "a large building with statues on top of it", "13648-classic1.jpg": "a man standing next to a group of people", "38656-curiosit.jpg": "a woman standing next to a woman in a dress", "22823-concert.jpg": "a couple of women standing next to each other", "17033-flower06.jpg": "a painting of a vase with flowers in it", "14928-5paris01.jpg": "a woman sitting on a bench next to a child", "39312-141ceili.jpg": "a man sitting on a boat with a painting on it", "17158-portra10.jpg": "a black and white photo of a woman sitting on a bench", "29179-3carry.jpg": "a group of people standing next to each other", "13021-snyders.jpg": "a man wearing a hat and holding a hat", "20953-garland.jpg": "a bouquet of flowers in a vase on a table", "38838-2scene1.jpg": "a group of people standing around a statue", "31355-mountain.jpg": "a group of people standing on top of a mountain", "00623-annuncia.jpg": "a couple of people standing next to a statue", "15784-trompe3.jpg": "a picture of a man in a black umbrella", "11283-305delac.jpg": "a picture of a woman and a dog", "35074-portgent.jpg": "a man wearing a suit and tie", "29715-cainabel.jpg": "a man laying on the ground with a dog", "02848-holyfami.jpg": "a group of people sitting on a couch", "15807-2coaches.jpg": "a man is being pulled by a horse drawn carriage", "39799-21gritti.jpg": "a man wearing a hat and a hat", "36083-2david1.jpg": "a room with a painting and a painting on it", "07826-7exorci.jpg": "a group of people standing in front of a building", "23841-2manet20.jpg": "a group of people standing next to a boat", "35598-02landsc.jpg": "a group of men riding on the backs of cows", "24943-bluejea1.jpg": "a couple of people standing next to each other", "43391-f_mark1.jpg": "a group of people standing in a room", "38970-11carmin.jpg": "a group of people sitting on top of a bed", "44286-frascati.jpg": "a group of people sitting on a beach next to a tree", "04481-banquet.jpg": "a table that has a bunch of cakes on it", "39794-17englis.jpg": "a man wearing a black jacket and a black jacket", "09520-temperan.jpg": "a group of people sitting in a room", "31015-theresa.jpg": "a man laying on the ground with his arms crossed", "37131-62bichi.jpg": "a man and a woman sitting on a bench", "03207-popolo.jpg": "a group of people sitting in a room", "02808-missal.jpg": "a statue of a man in a museum", "25863-13mednya.jpg": "a black and white photo of a man with a beard", "38729-poggio4.jpg": "a group of people sitting around a building", "18432-2204grec.jpg": "a group of people riding on the backs of horses", "35839-valkhof1.jpg": "there is a boat that is in the water", "00783-4edge2.jpg": "a couple of men standing next to each other", "14918-2martin4.jpg": "a man standing next to a statue of a dog", "28888-grassi1.jpg": "a group of people standing in front of a building", "26195-eroticsd.jpg": "a black and white photo of a man and a woman", "07492-191captu.jpg": "a group of people that are sitting down", "05288-2lastjud.jpg": "a group of people standing around in a park", "23217-1lion.jpg": "a large group of people standing in front of a clock", "35459-09bathsh.jpg": "a group of women sitting around a dog", "16544-altar1.jpg": "a group of men standing next to each other", "36782-building.jpg": "a group of boats that are floating in the water", "21944-3litta.jpg": "a man is sitting on a bench with a baby", "26746-06_1sp5f.jpg": "a painting of a woman sitting on a bed", "36566-depositi.jpg": "a group of people sitting on a couch", "10679-orsanmic.jpg": "a painting of a woman sitting on a clock", "14232-mamete.jpg": "a group of people standing next to a building", "38296-lion_dev.jpg": "a dog laying on the ground next to a body of water", "17478-4carond1.jpg": "a picture of a man and a baby", "21815-flowers1.jpg": "a painting of a vase with flowers in it", "26225-1altar6.jpg": "a painting of a man sitting on top of a wall", "26054-14flore4.jpg": "a painting of a woman in a mirror", "03731-dutcship.jpg": "a boat that is floating in the water", "12985-leroy.jpg": "a man wearing a hat with a hat on", "21631-margaret.jpg": "a woman in a dress holding a dog", "28593-1vethe5.jpg": "a view of a mountain with a mountain in the background", "18791-guard414.jpg": "a body of water with many boats in it", "28830-vespers.jpg": "a couple of women standing next to each other", "32827-0segnati.jpg": "a room filled with lots of statues", "37292-31madonn.jpg": "a statue of a woman standing next to a wall", "38864-02udine.jpg": "a statue of a woman standing next to a painting", "43083-battle.jpg": "a bunch of boats that are in the water", "14839-academy.jpg": "a large building with a building in the background", "23110-08cross.jpg": "a statue of a statue with a statue on it", "19611-nordlin3.jpg": "a group of people standing next to each other", "33961-st_jerom.jpg": "a man with a beard is holding a cell phone", "17200-olive02.jpg": "a large green tree covered in green leaves", "21787-barges.jpg": "a boat that is sitting in the water", "26227-1altar7.jpg": "a painting of a painting on a wall with a painting on it", "19162-46bnopor.jpg": "a man in a white shirt is sitting on a couch", "23888-5late07.jpg": "a group of people on a boat in the water", "12226-pre_v_3.jpg": "a statue of a man on a horse in front of a building", "17457-spaniel2.jpg": "a large black dog standing next to a tree", "07225-canal512.jpg": "a large body of water filled with lots of boats", "06571-paradise.jpg": "a herd of animals standing next to a tree", "43570-vase1.jpg": "a black vase filled with lots of flowers", "18099-9mystic.jpg": "a painting of a man sitting on a painting", "31524-vision.jpg": "a group of people riding on the backs of horses", "05714-02beach.jpg": "a group of people on a beach flying kites", "14788-giustina.jpg": "a group of people sitting on top of a couch", "30133-brothel.jpg": "a black and white photo of a man sitting on a chair", "41997-judith1.jpg": "a woman wearing a black coat and a black jacket", "07525-27ceras.jpg": "a large clock is on the side of a building", "28781-madonna2.jpg": "a woman holding a baby in her arms", "06287-b_draugh.jpg": "a man in a hat is holding a bottle of food", "41288-04martin.jpg": "a group of people standing around a table", "26567-04_3ce4.jpg": "a group of men sitting next to each other", "10955-trompes4.jpg": "a group of people standing in a doorway", "04896-portpetr.jpg": "a little girl holding a glass of food in her hand", "33990-2cappell.jpg": "a large clock mounted to the side of a wall", "00110-fruit.jpg": "an assortment of fruits and vegetables on a table", "19022-woodedla.jpg": "a herd of cattle walking down a dirt road", "28443-dunes.jpg": "a black and white photo of a tree", "03644-manowar.jpg": "a large body of water filled with lots of boats"}