{"35617-01basket.jpg": "a group of people sitting around a table", "22498-4sjerome.jpg": "a statue of a man sitting on top of a statue", "13556-portrait.jpg": "a close up of a person with a beard", "29543-portrait.jpg": "a woman in a black jacket and a black shirt", "15909-09young.jpg": "a man with a beard is looking at the camera", "42780-1ceilin1.jpg": "a group of people standing next to each other", "23191-34monaco.jpg": "a statue of a man standing next to a statue", "10023-venus_co.jpg": "a group of people sitting on a bed", "21883-apollo_d.jpg": "a group of people riding on the backs of horses", "26682-10_2bn3.jpg": "a man that is laying down in a room", "08547-1bather1.jpg": "a group of men standing next to each other", "00840-06_trans.jpg": "a group of people standing next to each other", "44558-03monza.jpg": "a group of people standing next to a stone building", "16680-pieta.jpg": "a couple of people standing next to each other", "24193-baccibal.jpg": "a group of people standing around a statue", "20360-061ingre.jpg": "a black and white photo of a woman in a dress", "23270-01recan4.jpg": "a woman in a dress holding an umbrella", "12185-cro_f_8.jpg": "a group of people standing next to each other", "26563-03_3ce3.jpg": "a group of men standing next to each other", "21872-stgeorge.jpg": "a group of people riding on top of a horse", "32874-5justin.jpg": "a statue of a man wearing a blue shirt and tie", "07231-canal601.jpg": "a group of people standing on top of a wooden boat", "43073-stilte.jpg": "a woman wearing a hat holding a hat", "10652-08csont.jpg": "a boat traveling down a river next to a forest", "09739-annuncia.jpg": "a statue of a man standing next to a statue", "21255-ascensi.jpg": "a group of people standing next to each other", "35523-54mythol.jpg": "a group of people sitting on top of a couch", "42130-11annunz.jpg": "a statue of a man sitting next to a statue", "11180-1870s_80.jpg": "a man with a hat and a hat", "35840-winterla.jpg": "a large group of people walking down a beach", "38387-royalwil.jpg": "a group of boats that are sitting in the sand", "23997-zeno01.jpg": "a large brown clock sitting in front of a window", "40363-3clock.jpg": "a clock with a clock on the side of it", "17143-arles65.jpg": "a pile of bread sitting on top of a bed", "25118-8ursula.jpg": "a painting of a group of people in a room", "38612-playing.jpg": "a group of people walking down a dirt road", "11656-1valle2.jpg": "a group of people standing in a room", "21811-pontgard.jpg": "a bridge over a river with a bridge in the background", "25346-adormagi.jpg": "a group of people sitting in a room", "19107-16laughi.jpg": "a man is smiling with a smile on his face", "03195-aeneas.jpg": "a group of people that are sitting on a bench", "24285-scenes6.jpg": "a group of people standing on a stage", "40925-00adorat.jpg": "a group of people standing next to each other", "33979-marymagd.jpg": "a woman laying in a bed with a dog", "14831-holyfami.jpg": "a group of people standing in front of a building", "43063-bride.jpg": "a woman wearing a hat and a hat", "36419-kermesse.jpg": "a group of people standing around in a courtyard", "36328-venus_ma.jpg": "a group of people sitting on a bed", "23351-12angel.jpg": "a person that is laying down in a room", "17122-arles44.jpg": "a group of people walking in front of a building", "30875-mcreator.jpg": "a painting of a woman sitting on a clock", "39228-2emmaus.jpg": "a group of people sitting around a table", "05294-2outer.jpg": "a large display of statues and statues", "21712-landscap.jpg": "a group of people riding on the backs of elephants", "09277-colonna5.jpg": "a group of people standing next to a statue", "39741-07danae.jpg": "a man and woman laying on a bed", "42125-08vecchi.jpg": "a large cathedral with a large building in the background", "42638-32ladyw.jpg": "a black and white photo of a woman sitting in a chair", "33427-70newtes.jpg": "a black and white photo of a man and a dog", "34239-capricci.jpg": "a group of people riding on the back of a horse", "10224-5graces.jpg": "a couple of people standing next to each other", "30837-nicholas.jpg": "a boy in a leather jacket holding a sign", "21425-burning.jpg": "a woman in a red shirt holding a tennis racquet", "29292-301muril.jpg": "a picture of a woman sitting in a mirror", "17973-00chapel.jpg": "a large clock mounted to the side of a wall", "36360-horses2.jpg": "a couple of horses standing next to a building", "42824-8annunci.jpg": "a woman is standing in front of a church", "37698-valencib.jpg": "a painting of a cake sitting on top of a bed", "03727-annuncia.jpg": "a painting of a woman standing in a room", "08804-woman.jpg": "a close up of a person wearing a hat", "03201-egypt.jpg": "a group of people that are sitting down", "15439-1cercin.jpg": "a close up of a vase with a painting on it", "15021-marque04.jpg": "a painting of a vase with flowers in it", "22757-abel_mou.jpg": "a black and white photo of a man and a dog", "10336-1couple2.jpg": "a couple of people sitting next to each other", "33534-45portra.jpg": "a woman wearing a red hat and a red hat", "04750-parable.jpg": "a group of animals that are in a field", "38618-skittle.jpg": "a group of people standing in front of a building", "03859-137alle2.jpg": "a woman in a bathing suit holding a baby", "22803-carousel.jpg": "a crowd of people walking down a street", "11691-1madonna.jpg": "a statue of a man sitting next to a statue", "03607-71contin.jpg": "a group of people standing next to each other", "16410-mary09.jpg": "a woman standing in front of a building", "19891-91gentle.jpg": "a man in a suit and tie holding a book", "44749-rinaldo1.jpg": "a picture of a woman and a dog", "23308-14mysti.jpg": "a group of people sitting on top of a bed", "25271-01youth.jpg": "a group of people standing on top of elephants", "19905-03seymou.jpg": "a woman in a red coat sitting in a black case", "15622-cappella.jpg": "a large cathedral with a clock on the wall", "03236-landbuil.jpg": "a large building with a statue of people on it", "39130-virgin_c.jpg": "a woman holding a baby in a room", "38365-1vescov2.jpg": "a woman in a dress sitting on a statue", "06232-porgreen.jpg": "a man in a green shirt and tie", "12554-7heller.jpg": "a group of people standing in a store", "00225-virtues.jpg": "a statue of a man and a bird on a building", "15180-catherin.jpg": "a woman holding an umbrella in a dark room", "16407-mary06.jpg": "a group of people standing next to each other", "28546-argent06.jpg": "a snow covered mountain with trees in the background", "20459-portyoun.jpg": "a man in a black shirt is looking at the camera", "10797-portrait.jpg": "a woman sitting on top of a piece of luggage", "03367-barbarig.jpg": "a statue of a man wearing a hat", "21276-abraham.jpg": "a group of people that are sitting on a bench", "42277-0611vela.jpg": "a woman sitting on a bed with a blanket", "42706-portscen.jpg": "a group of people in a boat on a river", "18289-1004grec.jpg": "a group of people sitting on top of a bed", "10587-stilfowl.jpg": "there is a dead bird on the table", "16911-diptych2.jpg": "a group of people standing next to each other", "10961-102david.jpg": "a woman with a bow tie and a dress", "36118-montesa.jpg": "a man and a woman standing next to each other", "37817-herodias.jpg": "a group of people standing next to a building", "33946-hercules.jpg": "a man is reaching up to catch a frisbee", "37356-winter08.jpg": "a view of a snow covered mountain in the snow", "35283-2queen.jpg": "a woman wearing a red coat sitting on a horse", "07453-02peelin.jpg": "a man in a white shirt is looking at his phone", "42334-italiana.jpg": "a couple of animals standing next to a tree", "15018-marque01.jpg": "a statue of a man sitting next to a man", "37555-summersp.jpg": "a large body of water next to a body of water", "07957-farnes01.jpg": "a large building with a clock on the wall", "08731-sisters.jpg": "a couple of women standing next to each other", "38873-11udine.jpg": "a group of people sitting on top of an elephant", "24894-crucifix.jpg": "a statue of a man standing next to a statue", "03570-04reale.jpg": "a group of people sitting on top of a wall", "06187-02right3.jpg": "a painting of a woman in a blue dress", "14331-portrait.jpg": "a woman wearing a hat and holding a hat", "13459-lazarus.jpg": "a group of people standing next to each other", "42322-1011vela.jpg": "a baby sitting next to a small dog", "24127-scene8a.jpg": "a group of people standing next to each other", "13651-rest.jpg": "a group of people standing on a beach", "06888-romeview.jpg": "a group of people sitting on top of a lush green field", "44691-portrai2.jpg": "a man in a suit and tie holding a toothbrush", "31054-1miser01.jpg": "a group of people standing in front of a building", "10981-205david.jpg": "a group of men standing next to each other", "00379-03nativi.jpg": "a large brick building with a brick wall", "17235-5portra3.jpg": "a close up of a face of a <unk> face", "34688-grif_04.jpg": "a painting of a man holding a <unk>", "40935-06eve.jpg": "a couple of men sitting next to each other", "01094-christ.jpg": "a close up of a person wearing a straw hat", "15875-medici02.jpg": "a room that has a chandelier and a chandelier", "09888-courb303.jpg": "a baby laying on a bed in the dark", "15128-portrait.jpg": "a man is holding a drink in his hand", "13305-05franci.jpg": "a man standing next to a statue of a man", "41182-zhairy1.jpg": "a close up of a stuffed animal on the ground", "17053-paris03.jpg": "a group of people standing next to a tree", "11208-1890s_03.jpg": "a large elephant standing next to a stone wall", "03173-spicesho.jpg": "a woman is preparing food in a kitchen", "32199-04bacch1.jpg": "a group of people standing next to a statue", "05559-10smarco.jpg": "a group of people standing next to each other", "32207-12flora.jpg": "a group of people riding on the backs of horses", "18312-1111grec.jpg": "a picture of a man standing next to a clock", "05785-moses.jpg": "a group of people standing around each other", "19604-altar4.jpg": "a man and woman standing next to each other", "34672-underbr.jpg": "a group of people in a boat in the water", "00202-holyfam.jpg": "a couple of people sitting on top of a bench", "24268-angel.jpg": "a statue of a woman wearing a costume", "15447-3brozzi2.jpg": "a group of people standing next to a statue", "21075-bergamo.jpg": "a large stone building with people on horses", "15209-david.jpg": "a man sitting on the ground with his arms crossed", "42979-3plato.jpg": "a woman standing in front of a large building", "03765-030madon.jpg": "a woman in a dress holding a cigarette", "37971-stillif2.jpg": "a bunch of stuff on a wooden table", "20652-london.jpg": "a large body of water with boats in it", "16968-left.jpg": "a group of people standing next to each other", "21568-hippocra.jpg": "a group of people sitting around a tree", "30699-pontefic.jpg": "a wall with a clock on the wall", "34939-23french.jpg": "a picture of a man and a statue", "07182-canal226.jpg": "a large body of water next to a river", "42722-sunrise1.jpg": "a group of people sitting on top of a body of water", "23588-portrai2.jpg": "a woman is holding a pair of scissors", "04254-david.jpg": "a black and white photo of a woman laying on a bed", "42758-4deposit.jpg": "a group of people sitting on top of a couch", "00932-31corona.jpg": "a group of women standing next to each other", "09283-la_belle.jpg": "a woman sitting on a couch with a dog", "15870-psyche3.jpg": "a group of people that are in a room", "04707-magdalen.jpg": "a woman holding a baseball bat in her hand", "40931-05adorat.jpg": "a group of people standing around a building", "35338-market.jpg": "an old church with a church in the background", "44667-firenze2.jpg": "a group of people in a boat on a river", "34863-ceiling.jpg": "a painting of a man and woman in a room", "41395-12crucif.jpg": "a painting of a man standing next to a clock", "43724-portgent.jpg": "a man with long hair wearing a leather jacket", "33409-32newtes.jpg": "a black and white photo of a group of people", "10669-coronat4.jpg": "a group of women standing next to each other", "25293-111sketc.jpg": "a painting of a person sitting on a bed", "10079-07altar.jpg": "a group of people standing in front of a window", "28476-temptati.jpg": "a group of people standing next to a rock formation", "04527-arezzo2.jpg": "a statue of a woman in a dress", "42390-calmdutch.jpg": "a sail boat in a body of water", "07010-magdalen.jpg": "a couple of people standing next to each other", "10912-cambyse2.jpg": "a group of people sitting around a building", "19833-02diptyc.jpg": "a statue of a man sitting in a room", "29326-2nagybal.jpg": "a statue of a man sitting on a bench", "44176-coastal.jpg": "a group of people standing around a large boat", "18981-06guilla.jpg": "a bunch of boats that are sitting in the snow", "20128-annuncia.jpg": "an old photo of a woman and a woman", "44599-1cent2.jpg": "a room with a couch and a table", "24955-calvary1.jpg": "a large group of people standing on top of a dirt field", "20088-14hooch.jpg": "a woman standing in front of a brick building", "35739-waterfam.jpg": "a large body of water on a cloudy day", "42231-0217vela.jpg": "a couple of men standing next to a tree", "17138-arles60.jpg": "a wooden bench with a green blanket on it", "16337-vice_2.jpg": "a statue of a man standing next to a statue", "44576-portrai2.jpg": "a man wearing a black hat and a black hat", "10951-trompe.jpg": "a group of people standing in front of a mirror", "35103-demons1.jpg": "a person standing next to a stone building", "43943-1deposi.jpg": "a group of men standing next to each other", "08164-immacul1.jpg": "a painting of a woman holding a teddy bear", "38897-stair1.jpg": "a group of people sitting on top of a horse", "39042-2homer5.jpg": "a man sitting on top of a stone wall", "30661-relief.jpg": "a group of people standing next to each other", "11664-polet2.jpg": "a group of people standing next to a statue", "32797-32prato.jpg": "a woman and a baby sitting on a bed", "42671-micault1.jpg": "a picture of a group of people in a museum", "33476-09mythol.jpg": "a man laying in a bed with a dog", "20422-triptych.jpg": "a painting of a woman standing next to a painting", "12007-holyfami.jpg": "a group of people standing next to each other", "03602-5tanaqui.jpg": "a woman in a dress standing next to a tree", "34995-17anagni.jpg": "an old church with a stone wall", "22526-1hereti.jpg": "a group of people standing in front of a building", "24374-c_attack.jpg": "a group of people riding on the backs of horses", "15582-02patmos.jpg": "a man is sitting on the back of a boat", "23915-cainabel.jpg": "a man laying on a bed holding a bat", "39421-1lastsu1.jpg": "a group of people that are sitting on a bench", "09108-marine3.jpg": "a group of boats that are floating in the water", "39081-04venus.jpg": "a picture of a group of people in a mirror", "15871-psyche4.jpg": "a group of women standing next to a fountain", "12301-24bologn.jpg": "a statue of a woman standing next to a woman", "30566-ruins.jpg": "a group of people standing in front of a stone building", "27012-luteplay.jpg": "a woman holding a baby in her arms", "43587-6crucifi.jpg": "a statue of a man on a skateboard", "11595-salome.jpg": "a woman in a dress is holding a knife", "13147-nymph_fl.jpg": "a couple of people standing next to each other", "00467-portlady.jpg": "a woman sitting on a bed in a room", "32619-windsor.jpg": "a group of horses standing on top of a lush green field", "42898-2ceilin3.jpg": "a painting of a painting on a wall", "38016-liberali.jpg": "a group of people standing in front of a building", "39067-5tasso21.jpg": "a painting of a woman sitting in a mirror", "17074-paris24.jpg": "a painting of a painting on the side of a wall", "34072-3renoi20.jpg": "a little girl sitting in a chair with a dog", "08430-capuchin.jpg": "a man standing in front of a mirror", "10527-virgchil.jpg": "a vintage photo of a woman and a baby", "35284-diana.jpg": "a woman in a dress holding a baby", "15207-danae.jpg": "a man laying on top of a bed next to a man", "05054-landhunt.jpg": "a group of people standing next to a river", "00118-fatkitch.jpg": "a group of people sitting around a table with food", "39709-1ferra1.jpg": "a large group of people sitting in a room", "20650-capricc3.jpg": "a group of people walking around a church", "34362-sgiorgio.jpg": "a body of water with people on a boat", "16566-1north.jpg": "a large ornate building with statues and statues", "13700-crucifiz.jpg": "a statue of a man holding a horse", "21164-kingockh.jpg": "a woman in an orange jacket holding a cell phone", "29655-garden.jpg": "a man sitting at a table with a cake", "03568-02reale.jpg": "a large group of people in a room", "28677-6irises1.jpg": "a bunch of purple flowers in a field", "36119-panel.jpg": "a group of people sitting on a blue couch", "37244-30knight.jpg": "a group of people standing next to a building", "07109-lastjudg.jpg": "a group of people sitting on top of a couch", "15939-solomon.jpg": "a group of people standing next to each other", "43455-nieuwe3.jpg": "a large white building with a dog on it", "10195-adamev06.jpg": "a man and a woman in a dress standing next to a wall", "42890-1muse1.jpg": "a woman standing in front of a wall holding a racquet", "33930-vanitas4.jpg": "a dog is sitting in front of a mirror", "35905-portcruc.jpg": "a woman standing next to a stone wall", "34436-vases_fl.jpg": "a couple of vases with flowers in them", "29734-stillif2.jpg": "a close up of a bowl of food on a table", "21489-rinaldo.jpg": "a group of people riding on the back of a boat", "39346-03manna.jpg": "a group of people riding on the backs of horses", "07775-60meetin.jpg": "a group of people standing next to each other", "18351-1502grec.jpg": "a painting of a man and a woman on a boat", "37398-boardwal.jpg": "a group of people standing on a beach", "24059-2sposi09.jpg": "a group of people standing next to each other", "23963-1james08.jpg": "a painting of a man standing next to a wall", "12027-officer.jpg": "a statue of a man with a pair of shoes", "10143-21religi.jpg": "a group of people standing next to each other", "44774-vision.jpg": "a group of women standing next to each other", "18347-1412grec.jpg": "a black and white photo of a man with a beard", "39037-2homer1.jpg": "a large building with statues on it", "21835-mazzini.jpg": "a man sleeping in a bed with a blanket", "15433-portrait.jpg": "a man wearing a hat and a hat", "40370-2battle.jpg": "a bunch of animals that are on display", "03156-man_port.jpg": "a man wearing a hat and a black hat", "02815-bacchant.jpg": "a picture of a woman in a mirror", "25959-noahark4.jpg": "a group of people that are laying on a bed", "23092-2resurre.jpg": "a painting of a painting on a wall with a painting on it", "26056-15allego.jpg": "a black and white photo of a woman and a dog", "19602-altar2.jpg": "a large display of people in a room", "11969-allegr09.jpg": "a painting of a painting on the side of a wall", "07580-49franci.jpg": "a man in a black jacket holding a knife", "07815-4dragon.jpg": "a group of people riding on the backs of horses", "29369-2south1.jpg": "a stone wall with a painting on the wall", "13211-coronati.jpg": "a large fancy building with a clock on it", "16368-wall1.jpg": "a large ornate building with statues and statues", "06247-e_pieta.jpg": "a couple of people sitting on top of a bed", "35904-romelegy.jpg": "a man and a woman standing next to each other", "17775-504goya.jpg": "a woman wearing a hat and a hat", "24527-12clemen.jpg": "a store window with a variety of items on it", "09005-05paris.jpg": "a group of people sitting on top of a lush green field", "40125-port_man.jpg": "a statue of a man in a leather jacket holding a book", "30356-polypti0.jpg": "a statue of a man standing next to a painting", "44727-farnese7.jpg": "a clock that is on top of a wall", "36721-ideal1.jpg": "a group of people in a field with trees", "10120-11jerome.jpg": "a statue of a man sitting on top of a horse", "19144-37malle2.jpg": "a black and white photo of a man wearing a mask", "11267-201delac.jpg": "a brown dog laying on top of a pile of dirt", "38573-interior.jpg": "a group of people sitting in a living room", "21822-portlady.jpg": "a woman sitting on the ground reading a book", "34228-scrubbers.jpg": "a black and white photo of a man and a dog", "25108-2portina.jpg": "a man wearing a tie standing in front of a building", "21708-blacksmi.jpg": "a group of people standing around a building", "35767-fruistil.jpg": "a bunch of vegetables on a table", "23318-1trescor.jpg": "a large stone building with a painting on it", "07105-crucifix.jpg": "a man jumping in the air to catch a frisbee", "04125-rocky_l.jpg": "a couple of people riding on the back of horses", "01118-madchild.jpg": "a statue of a woman sitting on a wall", "16665-virginch.jpg": "a statue of a man sitting next to a woman", "08269-esther_a.jpg": "a group of people sitting around a black cat", "43939-idolatry.jpg": "a group of people standing in front of a museum", "03093-calvary.jpg": "a large crowd of people standing around a horse", "39274-1lamenta.jpg": "a man and woman riding on the backs of horses", "18890-magdale.jpg": "a woman laying on a bed with a baby", "40212-nudegirl.jpg": "a man laying on a bed in a dark room", "30400-convex.jpg": "a woman sitting in a mirror looking at the camera", "44083-07este.jpg": "a close up of a person holding a shoe", "03155-fountain.jpg": "a group of people sitting around a table", "18969-giustini.jpg": "a large clock mounted to the side of a building", "07610-64lucy.jpg": "a group of people standing around a building", "29336-newborn.jpg": "a group of people sitting on top of a couch", "02869-joseph1.jpg": "a group of people standing next to each other", "20399-rest.jpg": "a young girl holding a teddy bear in her hands", "37280-1poly2.jpg": "a woman is sitting in front of a clock", "18353-1504grec.jpg": "a statue of a person sitting on a couch", "07260-canal710.jpg": "a group of people standing on top of a lush green field", "16033-franc11.jpg": "a painting of a man standing next to a clock", "00915-00_peter.jpg": "a couple of men standing next to each other", "13043-holyfami.jpg": "a picture of a man and a woman", "30760-2selfpo1.jpg": "there is a picture of a man on the wall", "30725-sacrific.jpg": "a group of people in a room with a dog", "33322-triumpha.jpg": "an elephant is in the water with a dog", "41904-fishmong.jpg": "a group of people sitting around a table", "03917-209depos.jpg": "a group of people standing next to each other", "01048-copperco.jpg": "a large group of people sitting at a table", "20155-peddler.jpg": "a group of people standing on top of a sandy beach", "36172-cascina.jpg": "a group of men sitting on top of a <unk>", "14446-211fried.jpg": "a woman standing in a field looking at something", "13715-2assunt3.jpg": "a group of people standing around a table", "33589-131portr.jpg": "a couple of people that are standing next to each other", "28530-2trouvi2.jpg": "a very tall building with a large blue sky in the background", "23189-32monaco.jpg": "a large building with a large clock on it", "30135-family_p.jpg": "a group of people sitting around a table", "34944-12french.jpg": "a clock on the side of a wall", "40365-3clock2.jpg": "a statue of a man wearing a mask", "33359-the_meet.jpg": "a group of people riding horses down a street", "36882-virgin_c.jpg": "a group of people that are sitting on a couch", "15735-ceiling.jpg": "a clock with a painting on the wall", "21247-suvorov.jpg": "a man wearing a black jacket and a tie", "40420-2upper2.jpg": "a couple of men standing next to each other", "16353-04scenes.jpg": "a picture of a painting on a wall", "20491-baptist.jpg": "a woman in a costume holding a large brown and brown elephant", "43719-young_wi.jpg": "a group of people sitting around a wooden table", "44525-federi02.jpg": "a woman is riding a horse in the water", "02939-collecto.jpg": "a group of people in a room with pictures on the wall", "21105-family.jpg": "a group of people standing on top of a hill", "32184-portlady.jpg": "a close up of a person in a dress", "11268-202delac.jpg": "a large brown dog laying on top of a couch", "10973-114david.jpg": "a man in a suit sitting on a couch", "24540-11olona.jpg": "a group of people standing in front of a building", "21098-river_la.jpg": "a view of a river with a castle in the background", "03819-100tran.jpg": "a group of people standing in front of a painting", "11552-feast.jpg": "a crowd of people standing in front of a building", "33530-41portra.jpg": "a woman wearing a hat and a hat holding a hat", "00628-b_virgin.jpg": "a group of people sitting around a building", "18374-1701gred.jpg": "a man standing in front of a window", "12040-astrono.jpg": "a man sitting in front of a painting in front of a painting", "21451-z_spring.jpg": "a group of people sitting on top of a tree", "32186-vandamme.jpg": "a man wearing a hat holding a hat", "26373-versaill.jpg": "a large group of people standing next to each other", "13777-moses.jpg": "a man is sitting on the back of a horse", "12113-children.jpg": "a woman and a girl are sitting on the ground", "34107-02repin.jpg": "a little girl sitting next to a statue of a bear", "29996-stil_lif.jpg": "a couple of animals that are sitting next to each other", "30026-04paal.jpg": "a couple of birds walking down a dirt road", "14076-vicarage.jpg": "a group of people that are sitting in a room", "31418-004sienb.jpg": "a large building with many people standing around", "03436-07noahsa.jpg": "a group of people standing around a bunch of animals", "26675-00_4pe2.jpg": "a painting of a man sitting on top of a car", "17912-marine.jpg": "a view of a beach with boats in it", "08970-tobacco.jpg": "a table topped with a glass and a glass of beer", "18356-1507grec.jpg": "a man sitting on top of a brown leather bag", "00676-s_james.jpg": "a man and a woman sitting on a couch", "30322-viewforo.jpg": "a group of people walking down a dirt road", "21016-cloeck.jpg": "a group of people dressed up in costumes", "41454-dido4.jpg": "a painting of a man standing next to a statue", "37490-houndsbo.jpg": "a group of dogs laying next to each other", "41983-cardshar.jpg": "a couple of people that are sitting down", "04922-albert.jpg": "a woman wearing a hat and a hat", "33021-02holy_o.jpg": "a group of people sitting on a couch", "17049-still08.jpg": "a pile of books sitting on top of a table", "21318-07shephe.jpg": "a group of people standing around each other", "20410-soist1.jpg": "a man in a black shirt is sitting on a couch", "04451-annuncia.jpg": "a painting of a woman and a woman", "05693-sun2.jpg": "a group of people in a room with a large painting", "20655-rometibx.jpg": "a river with a bridge in the background", "08966-stillif4.jpg": "a table that has a bunch of food on it", "17086-orchar07.jpg": "a view of a tree in the middle of a garden", "32277-06landsc.jpg": "a group of people standing in front of a mountain", "38979-01labia.jpg": "a large room with a chandelier and chandelier", "29509-velazque.jpg": "a man is holding a snowboard in his hand", "32316-14hagar.jpg": "a person with a dog on a mountain", "16546-altar3.jpg": "a picture of a woman standing next to a clock", "00612-01assump.jpg": "a group of people standing around each other", "00407-1view4.jpg": "a room with a large painting on the wall", "37005-holyfami.jpg": "a group of people sitting on a bed", "34223-st_paul.jpg": "a black and white photo of a man holding a dog", "22256-c_couple.jpg": "a black and white photo of two women holding wine glasses", "09627-nativity.jpg": "a group of people sitting next to each other", "12221-pre_f_7.jpg": "a painting of people standing next to a building", "04007-golden1.jpg": "a building with a large clock on it", "41512-dante.jpg": "a man sitting on a boat reading a book", "05837-3empero.jpg": "a group of people standing next to each other", "07034-louis_16.jpg": "a statue of a man sitting on a horse", "00852-38_cruci.jpg": "a picture of a man and a woman", "08320-xpanel3.jpg": "a statue of a woman standing next to a statue", "18334-1401grec.jpg": "a group of people standing next to each other", "41379-07dipty1.jpg": "a woman standing next to a statue", "31911-sylveste.jpg": "a group of people sitting in a room", "05880-isle1.jpg": "a fire hydrant in front of a building", "00616-06julian.jpg": "a group of people standing next to each other", "00185-3autumn.jpg": "a painting of a man and woman in a mirror", "42961-3dieci.jpg": "a picture of a man and woman in a picture", "36956-powderin.jpg": "a woman in a dress sitting on a chair", "36530-port_wom.jpg": "a woman sitting on a floor holding a blue tie", "00976-0fresco.jpg": "a group of women standing next to each other", "10291-04elect1.jpg": "a man wearing a hat and a black hat", "06606-singerie.jpg": "a large group of animals in a room", "21031-silver_c.jpg": "a pan of food sitting on a stove top", "42593-17lute.jpg": "a person sitting in a chair with a guitar", "44029-3braque.jpg": "a man wearing a hat and holding a blender", "38285-de_lacy.jpg": "a woman is sitting on a rock with a cow", "23143-adoratio.jpg": "a woman holding a baby in a mirror", "24371-macphers.jpg": "a man wearing a tie and a blue shirt", "16346-virtu_4.jpg": "a statue of a man and a statue", "15527-2birth.jpg": "a group of people standing next to each other", "21079-birchtre.jpg": "a person sitting on the grass next to a tree", "06659-panel2.jpg": "a group of people standing next to a building", "40019-brothe02.jpg": "a painting of a man and a woman sitting next to each other", "21099-riverlan.jpg": "a large castle in the middle of a river", "35723-village.jpg": "a black and white photo of people standing around a house", "13619-5fenyes.jpg": "a table with a plate and a cake on it", "37537-scene05.jpg": "a statue of a man in a dress", "36115-tomicki.jpg": "a statue of a man and a cat in a room", "41883-vendra06.jpg": "a room with a painting on the wall", "41915-bacchana.jpg": "a group of people standing around a group of dogs", "30477-man_dog.jpg": "a close up of a person holding a dog", "07021-trunk.jpg": "a large tree in the middle of a forest", "09698-04sabine.jpg": "a group of people standing next to each other", "28487-winterla.jpg": "a group of people standing on top of a sandy beach", "24479-st_anne.jpg": "a group of people standing next to a painting", "36464-shepherd.jpg": "a man in a hat is holding a baseball bat", "08094-portrai1.jpg": "a man wearing a red hat and a red hat", "11534-presenta.jpg": "a group of people standing around a table", "36701-nativit.jpg": "a group of people standing around a cow", "32455-st_peter.jpg": "a man standing next to a man in a room", "29706-aarhus1.jpg": "a group of people standing next to each other", "25965-01wirgin.jpg": "a woman standing next to a statue of people", "30612-2mira10.jpg": "a room with a mirror and a mirror", "05686-pompado3.jpg": "a woman sitting on a bed in a room", "15922-virgin_c.jpg": "a woman and a child sitting on a bed", "10479-selfport.jpg": "a man with a beard and a black dog", "10465-nymphs.jpg": "a group of people standing next to a statue", "22593-5madchi3.jpg": "a man in a suit and tie holding a book", "39146-11zianig2.jpg": "a black and white photo of a woman in a dress", "35834-riverest.jpg": "a group of people sitting on top of a boat", "09533-triptych.jpg": "a painting of a man standing next to a painting", "41999-martyrdo.jpg": "a group of people sitting around a crowd of people", "25348-incredul.jpg": "a couple of people standing next to each other", "06651-birdtrax.jpg": "a group of people walking down a dirt road", "00925-02compa4.jpg": "a group of people sitting in a room", "43068-port_w_m.jpg": "a black and white photo of a woman", "42099-18thomas.jpg": "a group of people standing next to each other", "09836-courb101.jpg": "a group of people that are sitting on the ground", "36974-smalgirl.jpg": "a young boy wearing a shirt and tie", "33642-01landsc.jpg": "a large body of water with trees in the background", "32881-1tondo2.jpg": "a black and white photo of a woman holding a book", "01105-port_man.jpg": "a close up of a person wearing a red shirt", "15900-01youngm.jpg": "a woman in a brown shirt and black tie", "38309-basil_mo.jpg": "a group of people standing around a building", "23865-4manet03.jpg": "a woman standing next to a statue of a statue", "07017-landscap.jpg": "a large tree sitting on top of a dirt road", "00066-ark1.jpg": "a room filled with lots of different types of furniture", "07635-89d_stil.jpg": "a bunch of flowers sitting on top of a table", "08905-madonn_1.jpg": "a very old fashion picture of a <unk>", "03922-214portr.jpg": "a statue of a man holding a guitar", "29716-carmel.jpg": "a group of people standing next to each other", "09512-judparis.jpg": "a group of women sitting next to each other on a couch", "07805-11loreda.jpg": "a man wearing a hat and a hat", "12105-vilscene.jpg": "a large group of people sitting around a tree", "36597-infancy.jpg": "a group of people sitting on top of a <unk>", "37079-8decora6.jpg": "a picture of a painting on the wall", "43762-04gilles.jpg": "an old photo of a man and a woman", "29150-southern.jpg": "a group of people standing in front of a fountain"}