{"12299-22gualin.jpg": "a painting of a woman in a dress", "34899-13austri.jpg": "a painting of a building covered in graffiti", "10519-pieta1.jpg": "a woman sitting next to a baby on a bed", "35265-2deadchr.jpg": "a man sitting on a couch next to a man", "22451-rome1.jpg": "a large building with a bridge in the background", "08922-casabuo1.jpg": "a clock on the side of a table", "08566-4still3.jpg": "a stuffed animal sitting on top of a table", "21279-allegor3.jpg": "a woman sitting on a bench in a room", "39981-1misc04.jpg": "a statue of a man sitting next to a tree", "31920-still_li.jpg": "a bunch of flowers in a vase on a table", "08516-2nudes3.jpg": "a group of people standing next to a statue", "43904-portgent.jpg": "a man in a suit sitting in a dark room", "09427-3medlars.jpg": "an orange and an apple on a table", "20531-predel4.jpg": "a group of people standing next to each other", "36525-girl_can.jpg": "a woman holding a banana in her hand", "33358-the_kill.jpg": "a group of people riding on the backs of horses", "36768-diptych2.jpg": "a man in a black jacket holding a cigarette", "42209-0108vela.jpg": "a black and white photo of a man in a dark room", "07269-canal719.jpg": "a large building with a large window in it", "05879-depositi.jpg": "a group of people standing next to each other", "42763-3mystic.jpg": "a group of people sitting on a couch", "42221-0207vela.jpg": "a close up of a person with a knife", "35803-bouquet.jpg": "a bouquet of flowers in a vase on a table", "39634-5presen.jpg": "a group of people standing in front of a building", "32583-09achill.jpg": "a couple of people that are laying down", "40413-1main1.jpg": "a couple of men standing next to each other", "05100-selfport.jpg": "a close up of a person wearing a suit and tie", "17482-5tripty1.jpg": "a statue of a man standing next to a cat", "22662-3lawren.jpg": "a group of people standing next to each other", "39771-15girlfa.jpg": "a young woman sitting on a couch holding a stick", "17567-25portra.jpg": "a man wearing a hat and a black hat", "42295-0713vela.jpg": "a close up of a person wearing a leather jacket", "03615-7moses.jpg": "a group of people standing next to each other", "38880-18udine.jpg": "a picture of a painting on the wall", "13741-5virtue2.jpg": "a painting of a woman in a dress", "39411-campo.jpg": "a very tall building with a building in the background", "03322-annuncia.jpg": "a couple of women standing next to a fire place", "37551-scene32.jpg": "a couple of men standing next to a fountain", "31443-0ceiling.jpg": "a painting of a man and a cow on a painting", "21844-3women.jpg": "a man sitting on a chair reading a book", "10906-cambyse1.jpg": "a group of people standing in front of a building", "06546-virgin_c.jpg": "a painting of a bear sitting in a vase", "30024-02paal.jpg": "a tree in the woods with trees in the background", "39529-saltykov.jpg": "a group of people standing in a room", "01005-bouquet.jpg": "a vase of flowers sitting on top of a table", "00413-3george1.jpg": "a large building with statues and statues", "29156-heavysea.jpg": "an image of a dead animal in the water", "05883-pirates.jpg": "a boat sitting in the water near a bridge", "23119-11sorrow.jpg": "a statue of a woman in a dress", "41948-rockylan.jpg": "a mountain with a mountain in the background", "36523-candleli.jpg": "a couple of women sitting next to each other", "19382-7hayez.jpg": "a painting of a person with a cat on it", "02915-ragstorm.jpg": "a person is flying a kite in the snow", "14933-6pould03.jpg": "a wall with a painting of a bear on it", "09293-vanitas.jpg": "a table with a bunch of items on it", "10006-sketch.jpg": "a room with a stone fireplace and a painting", "21169-panoram1.jpg": "a large body of water on a cloudy day", "40270-srgeorge.jpg": "a statue of a woman standing next to a statue", "32298-2sacram1.jpg": "a group of people standing in front of a building", "08146-balbi1.jpg": "a large clock mounted to the side of a building", "37128-5scene2.jpg": "a group of people that are sitting on a bench", "37787-1south1.jpg": "a large building with people on it", "23222-2marriag.jpg": "a painting of a woman in a dress", "13545-certosa6.jpg": "a large building with a large clock in it", "03481-jerome02.jpg": "a group of people standing in front of a building", "13684-egyptian.jpg": "a couple of horses standing next to each other", "26621-07_5nw.jpg": "a man laying on top of a wooden chair", "09817-colonnad.jpg": "a group of people sitting in front of a building", "28357-triumph.jpg": "a group of people sitting on top of a beach", "32829-athens.jpg": "a group of people standing in front of a building", "14403-selfport.jpg": "a woman with a fork and a spoon", "41506-santorso.jpg": "a painting of a woman and a woman", "10016-m_olives.jpg": "a group of people sitting on top of a couch", "23787-scipio_m.jpg": "a picture of a man sitting in front of a brick oven", "22486-11youth.jpg": "a man wearing a red hat with a red hat", "22164-harvest.jpg": "a painting of a horse drawn carriage on a hill", "21935-1adorati.jpg": "a group of people standing next to a building", "04768-class_la.jpg": "a group of people standing next to a forest", "21688-kostka.jpg": "a person laying on a bed with a blanket", "32259-11jupitf.jpg": "a group of people sitting on a beach", "41141-strawber.jpg": "a woman sitting on a bed reading a book", "16085-mary01.jpg": "a group of people standing next to a building", "35088-goats1.jpg": "a group of animals that are in the water", "24513-temptat.jpg": "a couple of men standing next to each other", "10492-perseus.jpg": "a shirtless man standing on a rock in the water", "16638-anthony.jpg": "a statue of a woman holding a skateboard", "04595-trompe.jpg": "a bird that is standing on a branch", "23058-41nichol.jpg": "a very old looking old building with a painting", "32477-r_helene.jpg": "a group of people that are sitting on a couch", "32432-1valle4.jpg": "a group of people that are in a room", "30236-06d_chri.jpg": "a couple of people that are sitting down", "35847-fishingb.jpg": "a boat floating on top of a body of water", "05112-mugnone.jpg": "a man standing on a rock holding a tennis racquet", "20674-guardroo.jpg": "a group of people standing around a building", "38239-joseph.jpg": "a group of people that are sitting down", "39206-flowers.jpg": "a vase of flowers sitting next to a tree", "42937-1ceilin_.jpg": "a large clock mounted to the side of a wall", "42813-1resurre.jpg": "a group of people standing around a statue", "39249-05assum.jpg": "a group of people standing next to each other", "30027-05paal.jpg": "a tree in a forest filled with trees", "07737-merry_go.jpg": "a group of people standing in front of a building", "03805-068pesa.jpg": "a group of people standing around a fire place", "05660-hercules.jpg": "a group of people sitting on a couch", "26159-0149burg.jpg": "a woman wearing a hat and a tie", "39085-071portr.jpg": "a statue of a man in a red coat holding a <unk>", "04213-reading.jpg": "a woman sitting on a couch reading a book", "28560-other2.jpg": "a group of people standing in the snow", "21887-apotheos.jpg": "a large group of people standing around a stone wall", "42938-1ceilin0.jpg": "a clock mounted to the side of a wall", "05554-11youngm.jpg": "a woman wearing a red hat and a hat", "25854-04mednya.jpg": "a view of a mountain in the ocean", "33650-09landsc.jpg": "a man standing next to a fire hydrant", "37075-8decora2.jpg": "a wall with a painting on the wall", "13450-abraham.jpg": "a couple of women standing next to each other", "03145-liszt_f.jpg": "a man in a suit and tie standing in a room", "40286-lazarus.jpg": "a group of people standing next to each other", "06689-whitsun.jpg": "a group of people standing next to a building", "24505-0view1.jpg": "a group of people standing in front of a building", "26618-07_4se.jpg": "a man sitting on a bench in a room", "22520-prison.jpg": "a couple of men standing next to each other", "19501-1lamenta.jpg": "a group of people sitting on a couch with a dog", "05598-11judith.jpg": "a man and a woman standing next to each other", "17187-3enviro2.jpg": "a large rock in the middle of a field", "18465-curse1.jpg": "a group of people standing next to each other", "04504-crucifix.jpg": "a group of people standing next to each other", "42969-1maggior2.jpg": "a group of people on horses in a museum", "39490-07cappel.jpg": "a man with a beard and a red jacket", "21352-prodigal.jpg": "a group of people standing around a table", "35813-s_plums.jpg": "a painting of a vase filled with flowers", "00093-stil_fru.jpg": "a bunch of fruit sitting on top of a table", "17299-selfpo26.jpg": "a man wearing a blue shirt and a blue shirt", "02941-virgin_c.jpg": "a group of people sitting on top of a stage", "19762-water_mi.jpg": "a small house sitting in the middle of a forest", "34184-bartholo.jpg": "a man in a red shirt is doing a trick", "33494-01portra.jpg": "a close up of a person in a dark room", "11278-212delac.jpg": "a man sitting next to a man on a beach", "37820-smichael.jpg": "a large painting of a man and a horse", "00822-panel3.jpg": "a man standing next to a wall with an umbrella", "24813-werl_r.jpg": "a woman sitting in a chair reading a newspaper", "29375-saints.jpg": "a couple of people standing next to each other", "09026-03landsc.jpg": "a group of people on a field near a river", "38199-wladisla.jpg": "a group of people sitting in a room", "00090-deadbird.jpg": "a purse sitting on the ground next to a purse", "26585-06_3ce6a.jpg": "a man laying on a bed with two children", "43663-pigeon.jpg": "an old church with a clock on it", "27177-03gleaner.jpg": "a group of people standing next to a man", "39192-guardroo.jpg": "a group of people standing outside of a building", "25861-11mednya.jpg": "a close up of a person laying on a couch", "40143-coastal.jpg": "a group of people standing on top of a sandy beach", "13390-u4annun.jpg": "a painting of a woman standing in front of a building", "43928-seine.jpg": "a large body of water next to a river", "21147-mountain.jpg": "a couple of people standing next to a forest", "42892-1muse3.jpg": "a woman in a green dress is holding a dog", "39034-1porteg7.jpg": "a couple of people standing next to a dog", "34656-louvre2.jpg": "a group of people in a large building", "38597-guardrox.jpg": "a group of people walking around a building", "31901-vtempera.jpg": "a statue of a woman sitting in a chair", "36204-panel3.jpg": "a statue of a person with a green umbrella", "19839-07erasmu.jpg": "a woman is holding a pair of scissors", "25152-anthony3.jpg": "a couple of people standing next to each other", "33347-sebasti.jpg": "a couple of women laying on top of a red blanket", "12241-verso.jpg": "a store window with many pictures on the wall", "40032-brothe15.jpg": "a painting of a woman sitting on a bed", "41389-10crucif.jpg": "a building with a clock on top of it", "37640-st_john.jpg": "a man in a red shirt is laying on a bed", "08545-3figure5.jpg": "a man that is sitting down with a bag", "38850-5scene7.jpg": "a group of people that are in a room", "24512-raising.jpg": "a group of people standing next to each other", "35401-07desce4.jpg": "a group of people sitting around a building", "28846-madonna1.jpg": "a group of people that are sitting on a rock", "07536-33isaac.jpg": "a couple of men standing next to each other", "42219-0205vela.jpg": "a man in a black coat and a tie", "14982-1paris03.jpg": "a painting of a man holding a piece of food", "41934-woodedla.jpg": "a group of people standing in a forest", "34161-musters.jpg": "a woman standing next to a black dog", "26185-polypty3.jpg": "a man standing in front of a clock tower", "41496-2scene02.jpg": "a group of people standing around a fire hydrant", "27066-port_wox.jpg": "a little girl wearing a hat and a hat", "35387-20religi.jpg": "a statue of a man holding a bear", "34048-2renoi28.jpg": "a beautiful young woman in a white dress", "06643-vulcan.jpg": "a group of people standing around in a museum", "44683-z_cock.jpg": "a large group of people standing next to each other", "19188-61coyman.jpg": "a man wearing a hat and a hat", "00666-virgin_s.jpg": "a group of people sitting on a bed", "33969-cleopat1.jpg": "a woman is sitting on a leather coat", "41357-03sancta.jpg": "a statue of a man standing next to a building", "37935-contract.jpg": "a group of people sitting around a fire place", "42527-portrai1.jpg": "a woman walking a dog and a dog", "03444-13purifi.jpg": "a group of people standing around a pile of animals", "10769-virgin_c.jpg": "a woman holding a baby and a baby", "03726-st_denis.jpg": "a group of people standing around a statue", "12249-verso03.jpg": "a group of people sitting around a building", "39823-2rovere1.jpg": "a man is sitting in a dark room", "16404-mary03.jpg": "a group of people standing next to a building", "18524-2summer.jpg": "a group of people standing around a teddy bear", "42982-1allego2.jpg": "a woman is standing next to two elephants", "36495-salmacis.jpg": "a man and a dog are in the water", "40025-brothe08.jpg": "a painting of a woman and a woman", "15852-study2.jpg": "a group of people that are sitting in a room", "32926-2battle.jpg": "a bunch of birds sitting on top of a table", "34432-whitewas.jpg": "a man standing in front of a building", "03413-06cather.jpg": "a group of people sitting on top of a bed", "37028-bookstil.jpg": "a bunch of pumpkins sitting on top of a table", "34166-scipio.jpg": "a group of people sitting on a couch", "28697-flowers.jpg": "a painting of a bouquet of flowers in a vase", "06159-02brocky.jpg": "a couple of people standing next to a statue", "07241-canal610.jpg": "a large stone building with a clock tower", "25159-madonna2.jpg": "a man in a green shirt is holding a book", "07329-crucifix.jpg": "a statue of a man wearing a shirt and tie", "42746-soldier.jpg": "a man standing next to a stone wall", "12470-soldiers.jpg": "a black and white photo of a woman in a hat", "26314-portrait.jpg": "a man standing next to a statue in a dark room", "24627-tondo.jpg": "a black and white photo of a woman holding a baby", "22319-41parrot.jpg": "a man standing next to a man on a sidewalk", "24264-tancred.jpg": "a group of people riding on the back of a dog", "00967-07adorat.jpg": "a group of people standing in front of a building", "25034-estree.jpg": "a couple of men sitting next to each other", "18208-0301grec.jpg": "a statue of a man standing next to a tree", "09805-venus.jpg": "a woman in a bikini standing next to a wall", "38635-bssenger.jpg": "a woman in a dress standing next to a purse", "14675-panel2.jpg": "a group of people standing next to each other", "08980-01vaccin.jpg": "a group of people sitting on the side of a road", "31829-lanymphs.jpg": "a group of people sitting on top of a beach", "41314-022cruci.jpg": "a statue of a man standing next to a statue", "43632-palace.jpg": "a large cathedral with people standing around it", "30100-liberale.jpg": "a group of people standing around a group of horses", "25879-napoleon.jpg": "a group of men riding on the backs of horses", "09785-isabella.jpg": "a group of people standing around a group of horses", "15782-trompe1.jpg": "there are many items that are on a table", "28805-3voices.jpg": "a woman in a dress holding an umbrella", "08834-flight.jpg": "a group of people standing around a large elephant", "22513-crucdisp.jpg": "a group of people standing next to each other", "18429-2201grec.jpg": "a bunch of elephants that are on display", "03047-21ludwig.jpg": "a man wearing a hat and a tie", "10179-2judith6.jpg": "a group of people sitting in front of a building", "09695-01pieta.jpg": "a group of people sitting next to each other", "07753-10ambass.jpg": "a group of people standing in front of a building", "18397-1810grec.jpg": "a man wearing a jacket and holding a tie", "38679-ladyread.jpg": "a woman sitting on a bed reading a book", "33459-22oldtes.jpg": "a man standing next to a woman in a room", "20018-birdspar.jpg": "a group of birds standing on top of a pond", "23828-2manet07.jpg": "a group of men standing next to each other", "43018-baptism.jpg": "a group of people standing around a statue", "17233-5portra1.jpg": "a close up of a person with a zebra", "39873-virgin.jpg": "a woman sitting in a chair next to a baby", "24120-scene5.jpg": "a group of people are standing in front of elephants", "37662-stil_lif.jpg": "a table that has some fruit on it", "04862-2boilly.jpg": "a group of people standing around a table with a dog", "20711-s_bessar.jpg": "a man wearing a red hat with a red hat", "02497-3seaso3.jpg": "a wooden boat filled with lots of flowers", "24182-nativity.jpg": "a man and a woman laying in a bed", "05274-1mankind.jpg": "a painting of a man and a cat", "10505-ascoli1.jpg": "a little boy sitting on top of a bed", "32218-23poet.jpg": "a group of people that are standing around", "32735-ironside.jpg": "a close up of a person wearing a suit", "08648-03tureen.jpg": "a dog laying on the floor next to an orange", "44412-rainbow.jpg": "a tree in the middle of a field", "30738-portlady.jpg": "a woman in a blue dress and a dog", "02481-2busts1.jpg": "a woman wearing a hat and a hat", "18804-death_jo.jpg": "a group of people sitting on top of a couch", "21878-interior.jpg": "a woman reading a book on a bed", "10097-26altar.jpg": "a woman in a black dress sitting next to a vase", "16016-1scenes.jpg": "a large stone building with a painting on the wall", "08837-isaac.jpg": "a woman holding a baby and a dog", "22743-humilit1.jpg": "a statue of a man holding a stuffed animal", "24680-1visita.jpg": "a couple of women standing next to each other", "33002-03farnes.jpg": "an old building with a clock on top of it", "04547-crucifix.jpg": "a statue of a man standing next to a clock", "44349-cloelia.jpg": "a group of people riding on the backs of horses", "12048-nocturn4.jpg": "a black and white photo of a woman and a woman", "37868-poplars.jpg": "a picture of an animal in the water", "00472-venus_a4.jpg": "a group of people sitting on the ground near a pool", "14777-dianacte.jpg": "a group of people standing around a tree", "20131-cradle.jpg": "a woman sitting on a bed in a room", "23380-04febo1.jpg": "a man holding a nintendo wii game controller", "05412-hunting.jpg": "a group of people sitting next to each other", "31293-trompe.jpg": "a group of <unk> hanging on a wall", "22445-seabattl.jpg": "a large group of people in a body of water", "38763-deesis2.jpg": "a painting of a person wearing a red and white jacket", "10231-1venus05.jpg": "a woman is holding a baby in her arms", "32802-34bridge.jpg": "a woman sitting on a bed with a hair dryer", "19152-42xport2.jpg": "a woman is sitting on the ground with a <unk>", "09930-battlepo.jpg": "a group of horses that are standing in the dirt", "25976-04passi1.jpg": "a group of people standing in front of a building", "11210-1890s_05.jpg": "a group of people that are laying down", "42562-09milkm.jpg": "a woman standing in front of a cake on a table", "23786-scipio.jpg": "a large group of people standing around a tree", "15957-00ceili2.jpg": "a large clock mounted to the side of a building", "42492-portrait.jpg": "a couple of women standing next to each other", "06366-07prover.jpg": "a brick wall with several different pictures on it", "40243-rovere_9.jpg": "a group of people standing around a statue", "30785-epiphan.jpg": "a group of people sitting on a bench", "19828-3meyer2.jpg": "a woman wearing a hat and a hat", "40780-maryburg.jpg": "a woman holding an umbrella on a wall", "40234-saints_2.jpg": "a vintage photo of a man and a woman", "25374-gasworks.jpg": "an old photo of a harbor with many boats", "23732-falsedim.jpg": "a group of people sitting on a stage", "07935-assump.jpg": "a large clock is on the side of a building", "29303-311muril.jpg": "a woman is holding a baby in her arms", "00736-rocco1.jpg": "a painting of a woman and a dog", "02493-2seaso2.jpg": "a bunch of flowers sitting on top of a table", "30795-lastsupp.jpg": "a group of people sitting on top of a bench", "08582-4bather2.jpg": "a painting of a man sitting next to a pile of bananas", "40145-stillife.jpg": "a couple of bowls that are sitting on a table", "17786-605goya.jpg": "a woman standing in front of a stone wall", "15503-5confir0.jpg": "a large group of people standing around a building", "40167-lopevega.jpg": "a man standing in front of a dark background", "24589-praying.jpg": "a man with a beard and a beard holding a red heart", "28479-tobias.jpg": "a group of people standing on top of a mountain", "09876-courb214.jpg": "a man in a black jacket holding a book", "14176-071game.jpg": "a group of people riding on top of horses", "17284-selfpo11.jpg": "a close up of a person wearing a mask", "40152-lawrence.jpg": "a group of people that are on some horses", "10307-03beard.jpg": "a close up of a person wearing a suit", "11670-0view3.jpg": "a large building with a clock on the wall", "43471-allegory.jpg": "a group of people standing around each other", "17778-507goya.jpg": "a close up of a person with a tie", "30351-dandol.jpg": "a picture of a painting on the side of a building", "43247-forestsc.jpg": "a group of people riding horses through a forest", "36527-lampligh.jpg": "a group of people sitting in a room", "19816-kaishei1.jpg": "a group of people standing around a building", "33436-03oldtes.jpg": "a black and white photo of a person sitting on the floor", "23386-08virgin.jpg": "a group of people standing in a room", "35522-53mythol.jpg": "a couple of people that are sitting down", "08838-joseph_p.jpg": "a couple of women sitting on top of a couch", "30680-flowers1.jpg": "a vase of flowers sitting on a table", "19429-vanitas1.jpg": "a painting of a vase and a vase on a table", "13931-grassi.jpg": "a black and white photo of a man in a suit", "18178-musicalc.jpg": "a couple of men sitting next to each other", "15118-esther.jpg": "a man and a woman standing next to each other", "08994-09trojan.jpg": "a group of people sitting on top of a sandy beach", "37984-beach.jpg": "a woman in a hat is sitting on the ground", "23921-luteplay.jpg": "a woman in a red jacket with a dog", "17793-612goya.jpg": "a woman with a hat and a hat", "00841-07_chris.jpg": "a group of people standing next to a building", "17747-315goya.jpg": "a group of people standing next to a building", "13168-crucifix.jpg": "a picture of a man in a room", "38581-portrait.jpg": "a couple of women sitting at a table", "40203-ford.jpg": "a herd of cattle standing on top of a dirt field", "29469-fishing.jpg": "a large body of water with boats in it", "22385-sabine.jpg": "a group of people riding on the backs of horses", "16354-05scenes.jpg": "a picture of a painting on the wall", "16900-flowerma.jpg": "a group of people walking down a street", "04030-family.jpg": "a man and woman sitting in a green room", "09440-watson.jpg": "a group of people riding on the back of a boat", "44365-huntsmen.jpg": "a group of people riding horses on a beach", "19061-atalanta.jpg": "a group of people are sitting on a beach", "22575-5vault2.jpg": "a painting of a woman sitting on top of a bed", "13647-24ferenc.jpg": "a couple of men standing next to each other", "14957-tahiti04.jpg": "a man wearing a blue jacket and a blue shirt", "00987-4brisio.jpg": "a painting of a group of people in a room", "13252-veterans.jpg": "a group of people dressed in costumes in a parade", "03425-14pastor.jpg": "a group of people sitting on a beach with cows", "09355-forest.jpg": "a wooded area with trees and trees", "31768-polyxena.jpg": "a group of people standing next to a statue", "31365-frederik.jpg": "a statue of a woman standing next to a giant statue", "20908-scene.jpg": "a group of women sitting on top of a couch", "18255-0703grec.jpg": "a man in a black jacket holding a hand", "15208-danae1.jpg": "a man laying on a bed in a dark room", "37205-3mercy.jpg": "a picture of a woman standing under an umbrella", "06976-susanna.jpg": "a man sitting on top of a wooden floor", "16559-ognissa3.jpg": "a man standing next to a statue with a clock", "21490-s_ursula.jpg": "a woman standing in front of a bunch of people", "06212-ferdinan.jpg": "a close up of a person wearing a shirt and tie", "42972-1maggior5.jpg": "a painting of people riding on the back of a christmas tree", "42750-invalide.jpg": "a group of people standing in front of a building", "20370-11ingres.jpg": "a group of people standing next to each other", "41698-10tripty.jpg": "a painting of a woman standing next to a mirror", "17221-copies13.jpg": "a painting of a woman sitting on a rock", "30380-selfport.jpg": "a statue of a man on a cell phone", "34956-12german.jpg": "a picture of a man standing next to a statue", "05053-fruitveg.jpg": "a table topped with lots of colorful flowers", "06177-01right.jpg": "a group of people standing next to a building", "03685-ludwig_x.jpg": "a close up of a person wearing a hat", "41644-portrai1.jpg": "a man in a black hat with a black hat", "18503-triptyc.jpg": "a large ornate clock on the side of a building", "29283-215muril.jpg": "a woman holding a baby and a dog", "07128-3chicken.jpg": "a man sitting on top of a brown elephant", "12980-grimaldi.jpg": "a woman standing next to a man holding an umbrella", "34993-15clemen.jpg": "a painting of a painting on a wall", "26316-1meszoly.jpg": "a group of people on boats in the water", "14258-5madonna.jpg": "a woman is sitting on a couch with a teddy bear", "31972-10expuls.jpg": "a couple of men sitting on a bed", "42470-garland.jpg": "a painting of a man and a statue of flowers", "05822-1tripti.jpg": "a group of people standing in a doorway", "31296-jacobszo.jpg": "a group of people sitting down next to each other", "08195-altarpie.jpg": "a group of people standing next to each other", "20937-lampligh.jpg": "a person sitting at a table in a room", "19487-lukepain.jpg": "a group of people sitting on top of a stage", "41400-14speter.jpg": "a large stone wall with a large rock", "03970-bello110.jpg": "a church with a clock on the top of it", "41330-042voto.jpg": "a statue of a man standing next to a statue", "23870-4manet08.jpg": "a woman sitting in a black and white jacket", "08156-reale.jpg": "a group of people sitting on top of a building", "17232-4earlie3.jpg": "a statue of a statue sitting on a wooden floor", "41518-virgin_c.jpg": "a group of people standing next to each other", "14759-blessing.jpg": "a statue of a woman standing in a room", "28786-stephen.jpg": "a man in a white shirt is holding up his hand", "23570-lacemake.jpg": "a woman sitting in a chair in a room", "40044-cabare10.jpg": "a couple of women standing next to each other", "35119-samuel.jpg": "a man standing next to a man in a room", "08917-virgin.jpg": "a group of people standing in front of a building", "38766-deesis5.jpg": "a statue of a man standing next to a wall", "32268-20moses.jpg": "a group of people standing next to each other", "30591-2paintin.jpg": "a woman laying on the floor next to a woman", "15651-vailetti.jpg": "a man in a suit and tie standing in a room", "18234-0504grec.jpg": "a group of people sitting on top of a bed", "21720-the_cart.jpg": "a group of people standing next to a house", "05859-5elijah.jpg": "a group of people sitting on a beach", "05733-birthven.jpg": "a group of people that are in a room", "23568-eavesdro.jpg": "a man is standing in a dark room", "06267-10eleono.jpg": "a group of people sitting on top of a boat", "34245-landsc1.jpg": "a group of statues in front of a building", "11006-401david.jpg": "a woman sitting on a chair in a dark room", "10929-triptic1.jpg": "a group of people standing in front of a painting", "39163-04valmar.jpg": "a couple of women standing next to a statue", "08460-diana.jpg": "a group of people standing next to each other", "16509-21stefan.jpg": "a building with a large clock on it", "31482-sanluca.jpg": "a large ornate clock on the side of a building", "26253-selfport.jpg": "a woman is wearing a suit and tie", "41472-offerin.jpg": "a wall with a bunch of decorations on it", "15320-cortona1.jpg": "a picture of a man and a woman", "00848-31_limbo.jpg": "a group of women standing next to each other", "39551-medici1.jpg": "a woman in a dress is posing for a picture", "15739-madonn_c.jpg": "a woman sitting next to a man in a bed", "07470-092lute.jpg": "a person sitting at a table with a book", "18481-port_boy.jpg": "a close up of a person wearing a suit and tie", "38108-zlarge_st.jpg": "a table topped with lots of plates of food", "39620-1resurr4.jpg": "a close up of a person wearing a shirt", "42375-castle.jpg": "a group of people riding on a boat in the water", "39182-15valmar.jpg": "a painting of a woman standing next to a painting", "10626-orpheus.jpg": "a group of animals that are standing in the dirt", "29700-bathsheb.jpg": "a group of people sitting next to a statue", "13453-ruthboaz.jpg": "a painting of a man and a man on a horse", "31023-flower.jpg": "a painting of a flower arrangement in a living room", "18299-1013grec.jpg": "a black and white photo of a man in a dark room", "06450-21novemb.jpg": "a herd of cattle walking down a dirt road", "33484-02histor.jpg": "a couple of women standing next to each other", "23942-miracl6.jpg": "a group of people standing in a large building", "43721-cromwel1.jpg": "a man holding a pair of scissors in a dark room", "23536-virginc.jpg": "a large clock mounted to the side of a wall", "09022-02apollo.jpg": "a group of people sitting on top of a lush green field", "43747-shalott.jpg": "a woman sitting on a boat in the water", "16876-viboldo1.jpg": "a painting of a painting on a wall", "17165-portra17.jpg": "a statue of a man wearing a hat and a hat", "09535-fresco1.jpg": "a group of people sitting on a bench", "07743-magdalex.jpg": "a woman is holding a black and white cat", "16109-chris01.jpg": "a painting of a man and a painting on a wall", "11324-512delac.jpg": "a group of animals that are in a room", "23496-still3.jpg": "a plate of food on a wooden table", "42690-bridge.jpg": "a group of people in a boat on a river", "32202-07rinald.jpg": "a group of people are sitting on a beach", "17784-603goya.jpg": "a man and a woman standing next to each other", "23377-01antoni.jpg": "a group of people standing in a room", "44240-wijdship.jpg": "a boat that is sitting in the sand", "22777-stillife.jpg": "a group of birds standing on top of a table", "28319-moguda.jpg": "a puddle of water in front of a forest", "01139-apostle.jpg": "a man holding a cell phone in his hands", "17981-05scene.jpg": "a statue of a woman standing next to a statue", "14611-portrait.jpg": "a woman wearing a red shirt and a red tie", "16422-evang0.jpg": "a large painting of a man and a painting", "30623-ottheinr.jpg": "a man with a beard is looking at his cell phone", "10063-1prince.jpg": "a close up of a person in a red dress", "22146-portlady.jpg": "a woman in a red dress holding a hair dryer", "11964-allegr04.jpg": "a large ornate building with statues and statues", "28429-winterl3.jpg": "a group of people standing in front of a church", "22995-devinfan.jpg": "a group of people sitting on top of a couch", "24278-life9.jpg": "a group of people sitting in front of a painting", "04093-predell1.jpg": "a group of people riding horses in a parade", "18266-0805grec.jpg": "a man standing next to a black horse", "24716-panel1.jpg": "a couple of women standing next to each other", "09667-1stufa5.jpg": "a group of people sitting on a beach", "40046-cabare12.jpg": "a statue of a woman in a dress and a horse", "42702-mediterr.jpg": "a group of people walking on a beach next to a boat", "30839-s2flavia.jpg": "a woman wearing a green dress and a green shirt", "08629-twins.jpg": "a group of people standing next to each other", "08610-groulart.jpg": "a man in a black jacket and black tie", "44236-woodland.jpg": "a bird is perched on a tree branch", "39296-4mark.jpg": "a painting of a man standing next to a statue", "32873-4virtue2.jpg": "a group of people sitting on top of a wall", "12494-09tuche.jpg": "a woman wearing a black hat and a black hat", "32290-18selfpo.jpg": "a man standing in a dark room holding a knife", "05035-jommelli.jpg": "a man wearing a green shirt and tie", "12495-09tuche1.jpg": "a statue of a man sitting on a wall", "26763-09_62mn.jpg": "a close up of a round round round clock", "04169-1pallav6.jpg": "a group of people standing in front of a building", "16055-franc25.jpg": "a large statue of a bear in a room", "07746-armour.jpg": "a woman in a black shirt is holding a bunch of bananas", "04123-peasants.jpg": "a group of animals that are standing in the dirt", "13008-gage2men.jpg": "a black and white photo of a woman holding a black cat", "16450-franc20.jpg": "a large building with statues and a statue", "35972-rhinelan.jpg": "a view of a mountain with mountains in the background", "30996-dominic.jpg": "a large clock mounted to the side of a wall", "09276-colonna4.jpg": "a group of people standing in front of a window", "03923-annuncia.jpg": "a painting of a painting on the side of a building", "29433-peasants.jpg": "a group of people sitting around a bench", "04586-young_gi.jpg": "a woman standing in a room holding a remote", "14343-triumph.jpg": "a group of people standing next to each other", "04496-stilmous.jpg": "a bunch of food that are on a table", "18746-guard212.jpg": "a large body of water filled with lots of boats"}