{"35340-qakgrove.jpg": "a tree that has a tree in it", "34370-salerno.jpg": "a group of people sitting on top of a lush green field", "44102-4group.jpg": "a man in a red coat and a woman wearing a hat", "42079-jacob.jpg": "a group of people sitting on top of an elephant", "18221-0402grec.jpg": "a large group of people in a parade", "25209-fragment.jpg": "a man in a green dress holding an umbrella", "18530-carryinx.jpg": "a large group of people standing in front of a castle", "32565-oldwoman.jpg": "a woman sitting on the floor in a room", "35367-05religi.jpg": "a group of people sitting on top of a couch", "22716-3adorati.jpg": "a group of people sitting around each other", "05388-still_l2.jpg": "a painting of a vase with flowers in it", "03544-03renoir.jpg": "a man wearing a suit and tie sitting on a bench", "11156-1870s_18.jpg": "a group of people riding on the backs of horses", "39357-13passov.jpg": "a black and white photo of a man and a dog", "31963-05visita.jpg": "a group of people standing next to each other", "42919-4holyfa.jpg": "a group of people sitting on a bed", "00853-39_ador.jpg": "a group of people standing next to each other", "20415-4gutin.jpg": "a view of a mountain with a mountain in the background", "14949-4arles03.jpg": "a woman sitting in front of a painting on a wall", "24306-09marko.jpg": "a boat that is sitting in the grass", "31417-004siena.jpg": "a room with a large wall and a chandelier", "42265-0509vela.jpg": "a horse with a saddle on its back", "08967-stillif5.jpg": "a table that has some food on it", "06089-two_men.jpg": "a man sitting in a chair next to a man in a suit", "43187-vittoria.jpg": "a woman dressed in a black outfit holding a remote control", "40344-3green.jpg": "a close up of a vase with a painting on it", "14247-5fresco.jpg": "a picture of a woman and a woman", "23224-annuncia.jpg": "a painting of a woman standing next to a woman", "05295-01centr.jpg": "a group of people standing around a stone building", "32065-cremona4.jpg": "a group of men are sitting on horses", "02898-threemar.jpg": "a group of people sitting on top of elephants", "03466-2interio.jpg": "a group of people standing in a room", "15652-alexande.jpg": "a group of people standing next to a river", "14050-port_man.jpg": "a close up of a person looking at a dog", "06877-countess.jpg": "a woman wearing a green coat and a tie", "21641-morosin2.jpg": "a man holding a baseball bat and a baby", "30038-stillif1.jpg": "a bunch of fruits and vegetables sitting on a table", "31352-landwash.jpg": "a group of people standing on top of a mountain", "24787-2mero_c.jpg": "a woman in a red jacket in a room", "09079-annuncia.jpg": "a woman standing next to a woman in a room", "43368-adoratio.jpg": "a large group of people standing next to each other", "41450-death_kn.jpg": "a group of people standing around a wooden table", "33621-09sp1633.jpg": "a man wearing a black hat and a black hat", "37108-2conver.jpg": "a group of people standing next to a horse", "36326-madchild.jpg": "a group of people sitting on top of a bed", "09521-unequal.jpg": "a woman in a red hat holding an apple", "20812-st_vince.jpg": "a man standing in front of a wall", "31278-port_wom.jpg": "a woman wearing a hat and a hat on a cell phone", "41584-01savel3.jpg": "a statue of a man on a horse", "33985-salome.jpg": "a group of people standing next to each other", "09753-1march.jpg": "a picture of a building with horses and statues", "02754-cavalry.jpg": "a group of people riding horses on a beach", "20406-virgin_c.jpg": "a woman sitting in a chair holding a baby", "43453-nieuwe1.jpg": "a large building with a clock on it", "24924-metropo1.jpg": "a group of men standing next to each other", "14035-1stephen.jpg": "a painting of a man standing next to a statue", "42752-1jairus.jpg": "a group of people standing in front of a building", "13114-portlady.jpg": "a woman in a dress standing next to a fireplace", "09288-nymphs.jpg": "a group of people standing in front of a rocky cliff", "15987-51border.jpg": "a clock on the side of a wall", "38246-stillif.jpg": "a table topped with lots of fruits and vegetables", "25851-01mednya.jpg": "a group of people standing next to a river", "25994-02last2.jpg": "a group of people standing in front of a crowd", "41181-zchrist4.jpg": "a couple of men standing next to each other", "06464-11calvar.jpg": "a large group of people standing next to each other", "40804-02nativi.jpg": "a wall with a painting of a man on it", "29161-shipping.jpg": "a picture of a man and a dog in the water", "24551-22olona.jpg": "a painting of a woman and dog on a wall", "22277-sebasti1.jpg": "a statue of a man standing on a statue", "37404-houses.jpg": "a stone building with a tree in front of it", "18823-ascensio.jpg": "a couple of women standing next to each other", "33241-vernon.jpg": "a woman sitting on a bed in a dark room", "43446-visit.jpg": "a group of people on boats in the water", "31732-variou3.jpg": "a large tree sitting next to a tree", "28793-sfrancis.jpg": "a black and white photo of a man in a leather jacket", "40051-1redhea1.jpg": "a statue of a man standing next to a building", "24402-flagella.jpg": "a group of people standing next to each other", "38486-portrai1.jpg": "a man in a black shirt and a black tie", "11566-doort.jpg": "a close up of a person wearing a jacket", "16627-virgin_a.jpg": "an old fashioned photo of a man and a woman", "41124-1osnabr1.jpg": "a group of people standing next to each other", "00751-1prado.jpg": "a statue of a statue in a museum", "23916-capture.jpg": "a group of men standing next to each other", "35580-25titia1.jpg": "a man in a red shirt and a black shirt", "29264-114muril.jpg": "a group of people sitting on a wooden bench", "05104-1peasant.jpg": "a woman with a funny face on her head", "17185-2enclos8.jpg": "a large stone building with a stone wall", "28927-portrman.jpg": "a close up of a person wearing a black shirt", "39722-3dian_a.jpg": "a group of people sitting on top of a wall", "39179-13valmar.jpg": "a statue of a man standing next to a statue", "18578-02crucif.jpg": "a statue of a man holding a giraffe", "10633-opening.jpg": "a group of people sitting on top of a <unk>", "24846-altar_1.jpg": "a picture of a woman standing next to a painting", "20991-port_man.jpg": "a man with a hat and a hat on", "08737-cascade2.jpg": "a man standing on a rock in front of a mountain", "06266-09eleono.jpg": "a group of people that are in a room", "02910-findmose.jpg": "a group of people standing on top of a wooden floor", "29904-winterla.jpg": "a black and white photo of a boat and a tree", "04903-venus_ad.jpg": "a man and a woman standing next to each other", "40408-river_la.jpg": "a group of people standing next to a river", "17911-land_oak.jpg": "a group of people standing around a tree", "30318-roma2.jpg": "a large building with statues and statues on it", "18387-1714grec.jpg": "a close up of a person with a beard", "11505-flowers1.jpg": "a vase filled with flowers sitting on top of a table", "24085-2chest.jpg": "a group of people standing next to each other", "04600-medici5.jpg": "an apple sitting in the middle of a tree", "12181-cro_f_6.jpg": "a large group of people standing around a table", "23254-02tiver.jpg": "a group of people standing around a building", "40424-3pinnac4.jpg": "a statue of a man with a sign on it", "20121-50hoocc.jpg": "a woman sitting in a living room next to a table", "11411-oysters.jpg": "a boat that is sitting in the sand", "10545-schataco.jpg": "a mountain range with a mountain in the background", "26132-36ursu02.jpg": "a group of people standing next to a wooden boat", "26375-cavalry2.jpg": "a group of people riding on the backs of horses", "24061-2sposi101.jpg": "a group of people standing next to each other", "09186-landscap.jpg": "a group of people sitting around a fountain", "40772-13icon.jpg": "a picture of a building with people in it", "31903-y_woman2.jpg": "a woman in a dress is holding a teddy bear", "29534-shuygens.jpg": "a woman in a white dress and a white dress", "06894-optical.jpg": "a wooden table with a painting on it", "18753-guard219.jpg": "a black and white photo of a person on a motorcycle", "10582-narcissu.jpg": "a man sitting on a bed next to a dog", "40328-family.jpg": "a group of people standing around a large room", "04066-poussin.jpg": "a group of people sitting on top of a sandy beach", "10666-coronat1.jpg": "a painting of a woman standing next to a clock", "03303-adoratio.jpg": "a large group of people standing around a building", "15902-03woman.jpg": "a man wearing a hat sitting on a bench", "19452-eucharis.jpg": "a painting of a painting of a christmas tree", "14509-burning.jpg": "a group of people standing around a pile of sheep", "05657-forest.jpg": "a person on a rock in the woods", "20046-06adorat.jpg": "a couple of people that are laying down", "38358-vittori1.jpg": "a little girl in a red robe with a hat on", "32310-08moses.jpg": "a group of people standing in a flooded area", "08705-pieta.jpg": "a group of people that are in a room", "14670-4refecto.jpg": "a display of statues on a wall", "05464-40pomegr.jpg": "a group of people sitting in a room", "08296-theswing.jpg": "a group of people standing around a statue", "16397-joachi2.jpg": "a couple of women standing next to each other", "07562-44jerome.jpg": "a man laying on top of a wooden bed", "22379-agony.jpg": "a woman sitting on a bench next to a woman", "07672-carlev141.jpg": "a group of people on a boat in the water", "34999-13italia.jpg": "a man standing in front of a stone building", "28489-landscap.jpg": "a river filled with lots of people and horses", "05697-venus_ba.jpg": "a couple of kids sitting in front of a tree", "37400-beechwoo.jpg": "a group of people standing next to a dog", "07333-miracle.jpg": "a group of people sitting around a living room", "00845-17_cruci.jpg": "a statue of a man standing next to a statue", "21767-st_bruno.jpg": "a group of people that are sitting on a couch", "23499-vanitas3.jpg": "a picture of a couple of doughnuts on a table", "30697-paolina7.jpg": "a group of statues sitting on top of a table", "04012-golden5.jpg": "a painting of a painting of a painting on the wall", "03610-72rebel1.jpg": "a group of people standing next to each other", "36903-christ_e.jpg": "a group of people sitting on a couch", "32812-39cowper.jpg": "a woman and a baby sitting on a couch", "17099-1arles11.jpg": "a group of people standing next to a bridge", "32663-gambling.jpg": "a group of people sitting on a bench", "39558-port_dog.jpg": "a statue of a dog sitting on a bench", "31700-paris09.jpg": "a group of people walking down a flooded street", "36667-panel1.jpg": "a group of people sitting on a boat", "29201-11munkac.jpg": "a large tree with trees in the background", "43500-seascap1.jpg": "a group of people sitting on the back of a boat", "09056-ruinroom.jpg": "a bird sitting on top of a stone structure", "23029-saints2.jpg": "a man with a beard is looking at the camera", "33563-092portr.jpg": "a woman wearing a black hat and a black hat", "17164-portra16.jpg": "a statue of a man sitting in front of a painting", "16506-12stefan.jpg": "a group of people standing next to each other", "37796-3east2.jpg": "a group of men standing in front of a building", "24981-madonna1.jpg": "a painting of a woman sitting in a vase", "43925-wise_men.jpg": "a group of people standing in a room", "38959-04maecen.jpg": "a group of people standing next to a statue", "41108-10adorat.jpg": "a group of people standing around a table", "11135-early26.jpg": "a woman wearing a hat and a hat", "30374-temptati.jpg": "a statue of a man sitting in front of a statue", "18489-septimiu.jpg": "a group of people sitting on a couch in a room", "36022-catheri.jpg": "a woman sitting on a bed holding a book", "37681-luteplay.jpg": "a group of people sitting around a table with skateboards", "10952-trompes.jpg": "a group of men standing next to each other", "20091-18hooch.jpg": "a group of people standing in a room", "13474-battle.jpg": "a group of men riding on the backs of horses", "30524-triptych.jpg": "a group of people standing in front of a window", "07312-allegory.jpg": "a woman in a dress holding a pair of scissors", "13943-venusvul.jpg": "a group of men sitting on top of a table", "24963-cassone4.jpg": "a large group of statues in a museum", "34258-anthony.jpg": "a group of people sitting on a couch", "33904-19noremb.jpg": "a black and white photo of a woman and a horse", "32647-meeting.jpg": "a group of people standing in front of trees", "30544-tauride.jpg": "a group of people standing on the side of a river", "32131-did_tulp.jpg": "a person riding on the back of a horse", "14963-tahiti09.jpg": "a man sitting on a couch next to a dog", "30425-rocca8.jpg": "a woman holding a baby and a baby", "22536-2assump.jpg": "a large ornate building with a clock on it", "37852-landscap.jpg": "a body of water sitting next to a tree", "18858-gregory2.jpg": "a large group of people sitting on a couch", "16904-adorati.jpg": "a group of people standing next to each other", "03408-02emmaus.jpg": "a group of people sitting around a table", "08626-richelie.jpg": "a couple of men sitting next to each other", "10176-2judith3.jpg": "a woman in a dress sitting on a floor", "20702-family1.jpg": "a couple of women sitting next to each other", "26142-370nopor.jpg": "a close up of a person wearing a suit and tie", "41474-olivieri.jpg": "a man wearing a red hat wearing a red hat", "34167-selfport.jpg": "a man wearing a hat and a tie", "14976-tahiti22.jpg": "a statue of a man sitting on top of an elephant", "06080-interior.jpg": "a group of people sitting around a wooden chair", "05234-01pinner.jpg": "a group of people standing in front of a building", "26635-03_7pr3.jpg": "a group of people standing next to each other", "10553-levada2.jpg": "a group of people sitting in a room", "39828-5allegor.jpg": "a man and a dog are looking at the camera", "09939-evaprima.jpg": "a man laying on a bed with a dog", "09487-aymeric.jpg": "a man wearing a hat and a tie", "16551-christv1.jpg": "a painting of a woman standing next to a painting", "03901-191murde.jpg": "a group of people standing around a elephant", "24357-poppy.jpg": "a flower is in the middle of a tree", "06195-concert.jpg": "a group of people sitting together on a beach", "08722-andromed.jpg": "a man sitting on the ground next to a woman", "35272-61galeri.jpg": "a room filled with lots of wooden furniture", "38745-presenta.jpg": "a black and white photo of people sitting on a bench", "18298-1012grec.jpg": "a man with a hat on his head", "14429-104fried.jpg": "a view of a mountain with trees in the background", "24720-panel5.jpg": "a group of people standing next to each other", "44564-09monza.jpg": "a group of people standing next to each other", "39167-07valmar.jpg": "a couple of women standing next to each other", "12375-hagar.jpg": "a group of people that are in a room", "27162-mildorf2.jpg": "a group of people riding on the back of a horse", "20334-stil_fru.jpg": "a bunch of fruit in a vase on a table", "24731-virgin_c.jpg": "a statue of a man in a leather jacket", "27139-composer.jpg": "a picture of a man in a mirror", "11167-1870s_67.jpg": "a couple of women standing on top of a wooden bench", "00673-holyfamy.jpg": "a group of people sitting on top of a bed", "36588-salver.jpg": "a woman sitting on a chair with a dog", "39801-22p_man.jpg": "a man standing in front of a wooden door", "23798-2spanis1.jpg": "a group of people standing next to each other", "05656-dianahun.jpg": "a group of people sitting on a bed", "05273-st_julib.jpg": "a woman in a red dress and a red dress", "30529-concert3.jpg": "a group of people standing around a stone wall", "14271-2virginc.jpg": "a couple of women sitting next to each other", "18559-5sappho.jpg": "a statue of a man riding on a elephant", "22279-virgin_c.jpg": "a man wearing a hat and holding a cell phone", "04871-portlady.jpg": "a woman sitting on a couch holding a basket", "25128-bvisitat.jpg": "a couple of women standing next to each other", "33502-07portra.jpg": "a man sitting in a chair eating a sandwich", "02855-christwa.jpg": "a group of people sitting on a couch", "38427-3eger.jpg": "a group of people riding on the backs of elephants", "24239-salute1.jpg": "a body of water with a large building in the background", "39983-1misc06.jpg": "a statue of a man standing next to a statue", "35365-03religj.jpg": "a group of people sitting in a room", "02955-rocca2.jpg": "a gold and gold clock on a wall in a room", "24827-nativity.jpg": "a painting of a man and a cat", "14432-106fried.jpg": "a large tree in the middle of a field", "04685-portgent.jpg": "an old man is holding a teddy bear", "16890-duchess1.jpg": "a woman in a dress standing next to a wall", "08797-eligius.jpg": "a man sitting at a table with a hat on", "41383-08scene3.jpg": "a group of people standing in front of a tree", "06192-catherin.jpg": "a woman in a dress and a scarf", "33551-74portra.jpg": "a close up of a person with a beard", "10643-shepherd.jpg": "a woman holding a baby and a goat", "03562-husband.jpg": "a person standing in front of a mirror", "31323-pontoise.jpg": "a group of people standing next to a building", "40377-miracle2.jpg": "a group of people standing in front of a building", "05439-110madon.jpg": "a woman and a baby are sitting in a chair", "24753-jester.jpg": "a group of people sitting around a table", "18061-1view.jpg": "a large ornate clock in the middle of a building", "33326-stil_flo.jpg": "a bunch of fruit sitting on a table", "34060-3renoi08.jpg": "a couple of girls standing next to each other", "09352-lahues.jpg": "a statue of a man holding a surfboard", "43005-02porto1.jpg": "a statue of a man with an old elephant", "40360-2hawkwoo.jpg": "a statue of a man on a horse", "37938-dissolut.jpg": "a group of people sitting around a table with food", "12014-pesaro.jpg": "a large tree that is in front of a tree", "21327-marechal.jpg": "a man wearing a leather jacket and a leather jacket", "41401-14ufres1.jpg": "a statue of a man in a yellow dress", "04471-martha.jpg": "a group of people that are sitting down", "37880-annunci1.jpg": "a woman standing in front of a painting on a wall", "33372-callimac.jpg": "a group of people standing around a tree", "21638-spring.jpg": "a large body of water next to a bridge", "05025-picardy.jpg": "a couple of horses standing next to a body of water", "32772-07colonn.jpg": "a picture of a man and a woman in a store", "15273-105geric.jpg": "a group of men riding on the backs of horses", "25914-redeemer.jpg": "a group of people sitting in a room", "30787-galitzin.jpg": "a group of people standing in front of a clock", "15903-04portma.jpg": "a close up of a person wearing a suit", "30992-beggar_b.jpg": "a woman in a white shirt and black dog", "14186-10founta.jpg": "a black and white photo of a group of people", "16817-1troia1.jpg": "a painting on the wall of a room", "39715-1ferra3.jpg": "a group of people standing on top of a river", "36381-1nevi1.jpg": "a painting of a painting of a painting of a woman", "37259-70mass.jpg": "a statue of a woman sitting in a building", "13396-l1donor.jpg": "a man in a red jacket and a red jacket", "03585-02ventur.jpg": "a picture of a painting on a wall", "14470-402friee.jpg": "a boat that is floating in the water", "40745-01icon1.jpg": "a painting of a man standing next to a statue", "10476-sacrame7.jpg": "a black and white photo of a man and a woman", "17750-402goya.jpg": "a woman in a dress standing on a beach", "06675-spring.jpg": "a group of people standing around a building", "16011-04bay1.jpg": "a large ornate building with a large window", "44455-william.jpg": "a woman riding on the back of a white horse", "31758-gisors.jpg": "a field with a fence and a fence", "00795-perugia.jpg": "a large ornate building with a clock on it", "21507-diogenes.jpg": "a group of people sitting on a bed", "37961-tavern.jpg": "a group of people standing around a wooden table", "13924-shepher.jpg": "a woman in a black dress and a hat", "20479-annuncia.jpg": "a statue of a woman sitting in a room", "02987-baptism.jpg": "a group of people standing next to each other", "17064-paris14.jpg": "a picture of a building with a lot of trees", "13262-waterfal.jpg": "a snow covered mountain with trees and trees", "06684-village.jpg": "a group of people standing in front of a building", "03188-fragmen2.jpg": "a group of people standing next to each other", "41545-yscene.jpg": "a bunch of stuffed animals are on display in a museum", "24281-scenes2.jpg": "a group of men sitting on top of a wall", "39675-13tribut.jpg": "a group of people standing next to each other", "12565-1pear.jpg": "a woman wearing a hat and holding a baby", "35517-48mythox.jpg": "a close up of a person with a dog", "16869-3north2.jpg": "a group of people standing in front of a building", "17042-still01.jpg": "a statue of a statue sitting next to a wall", "20472-eligius.jpg": "a group of people standing around a statue", "39591-2pesaro.jpg": "a group of people standing in front of a building", "28700-flowers3.jpg": "a floral arrangement of flowers on a table", "15586-05madon.jpg": "a group of people standing next to each other", "10944-doria2.jpg": "a woman standing in front of a large building", "18244-0605grec.jpg": "a statue of a man sitting on top of a rock", "43674-gibralta.jpg": "a bunch of boats that are sitting in the dirt", "12284-verso23.jpg": "a group of women standing next to each other", "05428-03loggia.jpg": "a man in a dress holding a young boy", "23684-mad_chil.jpg": "a group of young children sitting in front of a mirror", "40410-woodedla.jpg": "a group of people standing on top of a dirt road", "18537-1seasons.jpg": "a group of people standing next to a building", "00016-proserpi.jpg": "a group of people standing around a herd of elephants", "05471-47virgin.jpg": "a woman in a dress sitting on a bench", "18741-guard206.jpg": "a river filled with lots of boats and buildings", "37988-m_rosary.jpg": "a painting of a woman sitting on a colorful blanket", "33958-sebasti1.jpg": "a shirtless man standing next to a body of water", "05257-13carryi.jpg": "a large group of people standing in a street", "37759-sacking2.jpg": "a painting of a painting on a wall", "07164-canal205.jpg": "a harbor filled with lots of boats next to buildings", "34695-prede_c3.jpg": "a group of men standing next to a group of animals", "27075-duet.jpg": "a group of people sitting around a table", "00688-st_paul.jpg": "a close up of a person wearing a tie", "32917-2battle.jpg": "a group of people standing next to each other", "02899-granida.jpg": "a group of people standing next to each other", "09109-marine4.jpg": "a group of people standing on top of a sandy beach", "04396-plato.jpg": "a man wearing a green shirt and a tie", "28586-paris3.jpg": "a large group of people holding umbrellas in a park", "00114-christ_a.jpg": "a group of people sitting around a pile of food", "39203-panorami.jpg": "a herd of cattle grazing on a lush green field", "12460-villers.jpg": "a group of people sitting in a room with a clock", "43472-philosop.jpg": "a group of people sitting on a couch", "15722-stchryso.jpg": "a statue of a man on a horse", "00881-10north.jpg": "a group of people standing in front of a building", "23464-sebastia.jpg": "a woman standing next to a wooden wall", "14841-gropius.jpg": "an old brick building with a brick building", "26276-11menzel.jpg": "a large body of water next to a forest", "25862-12mednya.jpg": "a close up of a person with an umbrella", "23469-petrikir.jpg": "a group of people standing next to each other", "10046-madchild.jpg": "a picture of a painting on a wall", "22200-1selfpor.jpg": "a close up of a person wearing a hat", "33282-portlady.jpg": "a woman wearing a white shirt and white shirt", "21869-osborne.jpg": "a close up of a person wearing a black jacket", "36355-wyndham.jpg": "a group of people standing in a room", "05912-panigar3.jpg": "a statue of a man wearing a hat and tie", "04714-copper_m.jpg": "an old photo of a stone building and a stone building", "37548-scene30.jpg": "a large group of people and horses in a building", "34905-03catala.jpg": "a painting of a man on a building", "32356-gesu2.jpg": "a large cathedral with a large ornate clock", "09809-martyrdo.jpg": "a group of people standing around a statue", "12197-maest_0.jpg": "a picture of a painting on the wall", "23162-01monaco.jpg": "a woman sitting on a bench next to a cow", "37315-ann_2st.jpg": "a large ornate building with a clock on it", "30937-stillif1.jpg": "a close up of a person on an elephant", "39795-18barbar.jpg": "a close up of a person in a dark room", "16716-ossian.jpg": "a group of people riding on top of a horse", "26342-sleeping.jpg": "an old photo of a woman and a dog", "40242-rovere_8.jpg": "a statue of a man standing next to a statue", "20331-hollyhoc.jpg": "a vase filled with lots of colorful flowers", "05666-pastora2.jpg": "a group of people standing in a forest", "43606-07assemb.jpg": "a group of people sitting on top of a bed", "08163-diogenes.jpg": "a group of men standing around a pile of animals", "36766-diptych.jpg": "a couple of men standing next to each other", "09190-rome.jpg": "a large cathedral with a castle in the background", "37083-9decora2.jpg": "a painting of a vase and a statue of jesus", "31206-03jerome.jpg": "a statue of a man standing next to a woman", "24378-stables.jpg": "a large crowd of people standing on top of a beach", "43363-portgent.jpg": "a man wearing a hat and tie", "17780-509goya.jpg": "a man in a suit sitting on a chair", "22471-01virgin.jpg": "a couple of women sitting next to each other", "11994-holyfami.jpg": "a group of people standing next to each other", "23612-1bacchan.jpg": "a large stone building with statues and statues", "06915-1weisse1.jpg": "a painting of a painting on a wall", "05044-portman.jpg": "a statue of a man with a hat on", "11085-t_patrol.jpg": "a group of people riding on the backs of horses", "39580-13tribut.jpg": "a man and a woman looking at a phone", "40380-miracle5.jpg": "a group of people standing around a horse", "18947-05poly.jpg": "a black and white photo of a woman on a horse", "03394-autumn.jpg": "a group of people standing around a herd of cattle", "12324-9boston2.jpg": "a large clock on the side of a building", "02522-7cook1.jpg": "a close up of a person holding a <unk>", "04723-interio1.jpg": "a large building with a large white building", "32315-13landsc.jpg": "a group of people standing on top of a rocky cliff", "33491-08histor.jpg": "a man is sitting in a dark room", "00348-judith_h.jpg": "a couple of people that are in a room", "24488-03bardi1.jpg": "a large building with a statue and a clock", "19453-festoon.jpg": "a bunch of red berries hanging from a tree", "38269-st_roch.jpg": "a man is holding a dog and a dog", "22678-11birth.jpg": "a stone building with statues and statues", "35693-norwegia.jpg": "a mountain with a mountain in the background", "23739-andorfe1.jpg": "a close up of a man wearing a hat", "06657-kermesse.jpg": "a group of people standing around a building", "19672-huisten2.jpg": "a large building with people walking around it", "35009-cremona1.jpg": "a group of people standing next to a building", "29966-winter_l.jpg": "a group of people and horses in a field", "11365-3delaroc.jpg": "a group of people sitting around a table in a room", "40416-2upper1.jpg": "a couple of men standing next to each other", "14314-adorati.jpg": "a group of people standing next to each other", "08631-4children.jpg": "a group of women standing next to each other", "03800-083madon.jpg": "a person wearing a red hat with a teddy bear", "32654-lamberg.jpg": "a man sitting on a couch with a dog", "12033-p_oldwom.jpg": "a man wearing a hat with a hat on", "12208-pre_f_2x.jpg": "a close up of a person wearing a blue shirt", "40029-brothe12.jpg": "a statue of a vase with a <unk> on it", "23438-labia3.jpg": "a group of people standing around in a courtyard", "02482-2busts2.jpg": "a woman wearing a hat with a hat on", "14826-circumci.jpg": "a group of people sitting next to each other", "29911-comedian.jpg": "a black and white photo of a group of people", "26381-croton.jpg": "a statue of a man sitting next to a tree", "37637-portrait.jpg": "a man in a black jacket and a black jacket", "19804-strode.jpg": "a group of people sitting around a table", "18934-triptych.jpg": "a large wooden clock with a painting on it", "08103-balcony.jpg": "a couple of women standing next to each other", "39225-stillif2.jpg": "a couple of stuffed animals sitting on top of a bed", "28391-sfrancis.jpg": "a statue of a woman standing next to a tree", "20403-stigmati.jpg": "a statue of a man standing next to a statue of a man", "23152-venus.jpg": "a woman standing in front of a wall", "44344-hounds.jpg": "a group of dogs that are sitting in the grass", "07945-quovadis.jpg": "a man and a woman standing next to each other", "13096-scholar.jpg": "a woman sitting on a couch in a dark room", "09703-08holyfa.jpg": "a group of people sitting on top of a couch", "42388-calm_dut.jpg": "a bunch of boats that are in the water", "05220-10left.jpg": "a group of people standing in front of a building", "37653-immacula.jpg": "a couple of people standing next to each other", "31025-le_maire.jpg": "a close up of a person wearing a hat", "43980-2sevens.jpg": "a group of people standing outside of a building", "41542-y_boleyn.jpg": "a woman is standing in front of a mirror", "25103-5queen.jpg": "a group of people standing next to each other", "22218-stjerome.jpg": "a brown horse standing next to a tree", "39555-caterina.jpg": "a little girl that is sitting down with a dog", "39784-10dolfin.jpg": "a man wearing a leather jacket and holding a wii controller", "15132-aeneas.jpg": "a woman standing next to a group of horses", "44673-annbrown.jpg": "a woman in a dress standing next to a bag", "04796-barn_int.jpg": "a group of people standing around a building", "26760-07_61ms.jpg": "a close up of a person holding a remote", "29592-panel1.jpg": "a large display of people in a building", "19788-vertumnu.jpg": "a woman sitting next to a man in a suit", "42922-5allego2.jpg": "a couple of women sitting on top of a bed", "07411-1singing.jpg": "a large stone building with statues on it", "14571-batsanyi.jpg": "a man wearing a suit and tie sitting in a chair", "39954-cassone.jpg": "a group of people standing outside of a building", "31780-pair2.jpg": "a group of people standing next to a building", "18600-1view3r.jpg": "a statue of a man in an orange dress", "03438-09roche.jpg": "a group of people standing around a statue", "06624-flowers8.jpg": "a vase filled with flowers on a table", "15237-6corinne.jpg": "a woman in a white dress sitting on a bench", "06163-06brocky.jpg": "a man laying in a bed with a dog", "06263-06eleono.jpg": "a group of people standing next to each other", "16771-4north0.jpg": "a group of people sitting around a statue", "41449-christ_r.jpg": "a woman in a dress sitting on a porch", "30022-triptyc2.jpg": "a group of people standing next to each other", "30300-capriccj.jpg": "a large stone building with statues on it", "17454-margarit.jpg": "a woman is standing next to a cow", "33311-kitchen.jpg": "a room filled with lots of different items", "19395-breakfa.jpg": "a close up of a plate of food on a table", "32279-07landsc.jpg": "a couple of people that are sitting in the water", "33556-085portr.jpg": "a woman sitting on top of a red chair", "43792-17gilles.jpg": "an old photo of a man with a hat on", "38258-healing.jpg": "a group of people that are sitting on a couch", "29699-shippinx.jpg": "a group of people standing on a beach next to a boat", "17833-blac625.jpg": "a couple of women sitting next to each other", "03733-annuncia.jpg": "a woman standing in front of a large building", "42396-dutchshi.jpg": "a bunch of boats that are sitting in the water", "15648-selfport.jpg": "a man is sitting next to a man", "40391-4portr_y.jpg": "a statue of a man with a hat on", "38381-miloncro.jpg": "a couple of dogs that are laying down", "29898-river_la.jpg": "a body of water filled with lots of boats", "29488-1elegant.jpg": "a group of people standing around a table", "06157-hyacinth.jpg": "a woman is standing next to an elephant", "10267-02cuspi5.jpg": "a statue of a woman dressed in a costume", "18730-guard110.jpg": "a group of people sitting around a pile of <unk>", "32518-martyrdo.jpg": "a group of people riding on the backs of horses", "30331-allegory.jpg": "a couple of women standing next to each other", "42891-1muse2.jpg": "a woman standing next to a statue of a building", "40248-4july.jpg": "a painting of a painting of a <unk> in a room", "20963-kitchen.jpg": "a dog sitting on top of a table with flowers", "20776-autumn.jpg": "a man standing in front of a large tree", "00883-30north.jpg": "a statue of a man standing in front of a building", "08800-grimston.jpg": "a man wearing a hat and a tie", "44268-zfamily.jpg": "a group of people standing around a fireplace", "38960-05worshi.jpg": "a large ornate clock on the side of a building", "19676-private.jpg": "a table with a bunch of stuff on it", "42261-0505velb.jpg": "a woman riding on the back of a brown horse", "06514-10nester.jpg": "a tree in a forest filled with trees", "43394-f_virgi1.jpg": "a statue of a man holding a newspaper", "06145-pan_syri.jpg": "a couple of people standing next to a cliff"}