{"28503-early12.jpg": "a group of people sitting around a table", "21306-09magdal.jpg": "a man sitting in front of a teddy bear", "10535-stjerome.jpg": "a statue of a man sitting on top of a stone wall", "41014-124princ.jpg": "a woman dressed in a costume with a purse", "44332-resurrec.jpg": "a group of people standing around a building", "42705-ponterot.jpg": "a large bridge over a body of water", "04489-stil_fru.jpg": "a table filled with lots of different types of food", "43935-sauldavi.jpg": "a group of people standing around a building", "07779-80martyr.jpg": "a group of people standing in front of a building", "42842-09buckin.jpg": "a group of people sitting around a table", "26558-02_3ce2.jpg": "a group of people sitting in front of a building", "37293-32madonn.jpg": "a woman in a red dress holding an umbrella", "00466-juno.jpg": "a group of people sitting on top of a large sculpture", "03672-tavern_s.jpg": "a group of people sitting on a bench in a dark room", "06164-07brocky.jpg": "a close up of a person with a beard", "22958-25confes.jpg": "a group of people sitting on a wooden floor", "24065-2sposi12.jpg": "a woman is standing next to a horse", "05077-bathsheb.jpg": "a group of people that are sitting down", "13220-still_li.jpg": "a pile of bread sitting on top of a table", "20523-3r2_up1.jpg": "a painting of a woman in a dress", "18161-flagella.jpg": "a group of people laying on a bed with a dog", "21251-eliezer.jpg": "a couple of women standing next to each other", "24989-virgin.jpg": "a painting of a woman in a costume", "42314-1005vela.jpg": "a statue of a woman sitting on a vase", "21348-seaport.jpg": "a group of people sitting on top of a body of water", "32982-04bibbie.jpg": "a man sitting on a couch holding a cell phone", "06306-work.jpg": "a group of people standing around a crowd of people", "28665-1london3.jpg": "a picture of a mountain in the distance", "25038-potiphar.jpg": "a statue of a man sitting next to a man", "14266-1scenes1.jpg": "a large stone building with statues on it", "29334-grapes.jpg": "a bunch of green plants in a vase", "10303-01luthe1.jpg": "a man wearing a hat and a tie", "34218-oldmoney.jpg": "a man wearing a hat sitting in a chair", "03548-07bather.jpg": "a group of people playing in the water", "10877-cairo.jpg": "a crowd of people standing in front of a clock tower", "16707-atala.jpg": "a couple of women sitting on top of a couch", "39871-holyfami.jpg": "a picture of a woman and a baby", "38046-therese.jpg": "a woman wearing a red hat with a red hat", "03036-04corona.jpg": "a group of people standing next to each other", "31068-2august5.jpg": "a statue of a woman wearing a tie", "44443-waterfal.jpg": "a large body of water with a mountain in the background", "23613-2brigand.jpg": "a large stone building with statues on it", "12070-dancing.jpg": "a couple of people standing next to each other", "08684-09deadph.jpg": "a dog that is standing in the sand", "20051-11prodig.jpg": "a group of people sitting around a table", "21934-8jerome.jpg": "a statue of a man holding a dog", "19472-table_de.jpg": "a table that has some food on it", "33254-carmelit.jpg": "a painting of a group of people and a dog", "18262-0801grec.jpg": "a couple of people standing next to each other", "10214-2nymph3.jpg": "a woman laying on the ground next to a tree", "07535-32marino.jpg": "a man in a suit and tie standing in a dark room", "19209-74portw.jpg": "a woman in a white shirt and a tie", "43572-vase3.jpg": "a vase filled with flowers on top of a table", "17532-1neptun1.jpg": "a statue of a man standing next to a statue", "24188-virgin_a.jpg": "a group of people sitting on a couch", "30527-concert1.jpg": "a group of people sitting on a beach with a dog", "11464-pantry.jpg": "a bunch of stuffed animals sitting on top of a table", "12516-1jabach.jpg": "a group of people sitting on top of a wooden floor", "36466-venetian.jpg": "a close up of a person wearing a costume", "40863-07louis2.jpg": "a man wearing a red hat with a red umbrella", "23279-06jerom.jpg": "a man sitting in a bed with a dog", "04840-still_li.jpg": "a table topped with plates and plates", "24764-blessing.jpg": "a man and a woman are posing for a picture", "41362-08sancta.jpg": "a picture of a man and a horse statue", "26756-03_61ms.jpg": "a brown and white vase sitting on a table", "13098-sfrancis.jpg": "a black and white photo of a man reading a book", "37560-supper.jpg": "a group of people sitting on top of a table", "10279-06henry.jpg": "a picture of a woman and a dog", "12517-1jabach1.jpg": "a man sitting on a wooden floor next to a man", "41443-10galati.jpg": "a statue of a man and a woman on a horse", "01131-madonna.jpg": "a building with a clock on the side of it", "00690-ascensio.jpg": "a black and white photo of a man and a man", "08151-innocent.jpg": "a group of people that are in a room", "18714-1ospeda6.jpg": "a group of people sitting on top of a table", "04464-kitchen1.jpg": "a group of people standing next to each other", "16020-franc03.jpg": "a painting of a man and a woman on a bench", "40946-13prodig.jpg": "a group of people sitting around a table", "41546-zgranddu.jpg": "a group of people walking down a street", "07929-venus_ad.jpg": "a group of people riding on the backs of horses", "23601-sight.jpg": "a black and white photo of a man sitting on a surfboard", "12487-02hair_l.jpg": "a woman wearing a tie and a tie", "39990-2forest2.jpg": "a man standing next to a painting on a wall", "22709-24behead.jpg": "a statue of a woman standing next to a statue", "31843-vaccino.jpg": "a group of people walking down a dirt road", "04720-moonlit.jpg": "a person standing in front of a large body of water", "30945-manstore.jpg": "an old green building with a large window", "11391-stillife.jpg": "a kitchen with a pot and a pot on it", "06309-miller.jpg": "a close up of a person in a suit", "12489-04port_m.jpg": "a man with a beard and a black shirt", "09052-sunshine.jpg": "a tall tree in front of a tree", "18277-0816grec.jpg": "a couple of people that are looking at a dog", "31923-stillife.jpg": "a vase of flowers sitting on a table", "18862-prodigal.jpg": "a group of men standing next to each other", "40174-portgent.jpg": "a man in a leather jacket holding a remote control", "05185-vicafort.jpg": "a clock mounted to the side of a building", "06759-portrai2.jpg": "a man wearing a hat and a tie", "00614-03david.jpg": "a woman in a dress sitting on a wall", "39805-05charle.jpg": "a man wearing a hat and a hat", "05179-cornar05.jpg": "a group of people sitting on top of a bed", "18257-0705grec.jpg": "a group of people on a horse in a parade", "29417-le_fevre.jpg": "a woman sitting on a bed holding a bowl of food", "38314-le_bat.jpg": "a woman sitting on a couch next to a woman", "41002-093madon.jpg": "a group of people standing next to each other", "12359-lanjerom.jpg": "a large rock in the middle of a field", "23359-15lucy4.jpg": "a group of people riding elephants down a building", "19403-roemer.jpg": "a table with a plate of food and a glass of wine", "10457-ecstasy.jpg": "a group of people standing next to each other", "43321-choppy.jpg": "a group of boats that are in the water", "32236-09nurtu.jpg": "a group of people that are sitting on a bed", "04522-annuncia.jpg": "a couple of people standing next to each other", "09330-sassuolx.jpg": "a large clock on the side of a building", "20885-brudene2.jpg": "a bride and groom are posing for a picture", "11368-5delarod.jpg": "a man and woman sitting on the floor with a teddy bear", "14483-413fried.jpg": "a couple of people standing next to a tree", "06561-guards_f.jpg": "a group of people riding horses through a forest", "06086-tailor_s.jpg": "a group of people standing around a wooden table", "35526-57mythol.jpg": "a man and a woman playing with a dog", "09200-meagre.jpg": "a group of people standing in front of a building", "21650-zenobio3.jpg": "a painting of a man and a woman in a room", "34040-2renoi21.jpg": "a close up of a person with a dog", "16379-chris07.jpg": "a group of people standing in front of a mural", "19075-musician.jpg": "a group of people sitting on top of a table", "32717-hunt1.jpg": "a couple of people riding on the backs of horses", "35867-philemon.jpg": "a group of people sitting at a table with food", "23242-interior.jpg": "a group of people walking past a building", "20694-family.jpg": "a group of women standing next to each other", "42431-fools.jpg": "a group of horses standing next to each other", "37278-5naples.jpg": "a statue of a man with a hat on", "16359-12figure.jpg": "a painting of a man standing next to a wall", "21019-pendant1.jpg": "a man wearing a hat and a hat", "35098-window1.jpg": "a red sign hanging from the ceiling of a building", "26665-07_1si4.jpg": "a black and white photo of a woman reading a book", "26320-5meszoly.jpg": "a group of people standing next to a body of water", "40284-david_go.jpg": "a man and a woman standing next to each other", "07566-45death.jpg": "a large group of people in a room", "09779-dune.jpg": "a view of a field with trees and trees", "22276-madonna.jpg": "a couple of women standing next to each other", "11958-orsett09.jpg": "a statue of a man sitting on top of a toilet", "35153-sermon.jpg": "a large group of people standing next to each other", "33480-13mythol.jpg": "a woman in a dress is standing next to a woman", "38106-vanity.jpg": "a living room filled with lots of furniture", "14712-07lady_b.jpg": "a woman wearing a hat and wearing a hat", "11061-wellingt.jpg": "a man standing in front of a tree", "20904-boygirl1.jpg": "a woman sitting on a couch with a dog", "14980-1paris01.jpg": "a man standing next to a wall with a clock on it", "17294-selfpo21.jpg": "a close up of a stuffed animal on a tree branch", "16012-04bay2.jpg": "a large window with a large glass window", "26266-05menzel.jpg": "a large body of water sitting next to a forest", "36529-port_man.jpg": "a man in a leather jacket holding an umbrella", "16418-baptis3.jpg": "a group of people standing next to each other", "25352-pieta.jpg": "a man sitting on the floor next to a cow", "06666-proverb.jpg": "a group of people standing around a building", "04218-peretang.jpg": "a close up of a face of an elephant", "30577-storm1.jpg": "a black and white photo of an animal", "20807-0lastsup.jpg": "a large group of people sitting around a table", "13588-soldiers.jpg": "a group of people standing around a group of horses", "07463-06concer.jpg": "a group of people that are sitting down", "39525-family.jpg": "a couple of people that are sitting down", "19812-signboar.jpg": "a group of people sitting around a building", "14440-207fried.jpg": "a couple of boats that are sitting in the water", "40333-victoria.jpg": "a painting of a man and a woman holding a kite", "18418-2006grec.jpg": "a statue of a man with a bow and tie", "41455-fivemen.jpg": "a couple of men sitting in front of a tv", "02768-moses.jpg": "a group of people standing around a fountain", "38594-feast.jpg": "a large group of people sitting on a beach", "02502-5season.jpg": "a bunch of fruit sitting on top of a tree", "14455-301fried.jpg": "a group of people standing on top of a sandy beach", "06049-findingm.jpg": "a group of people standing in front of a building", "19108-16nolaug.jpg": "a man wearing a hat and a hat", "05861-pearl1.jpg": "a woman in a dress standing next to a cat", "41167-x_portrb.jpg": "a man wearing a hat and orange tie", "20994-portrman.jpg": "a man with a beard and a beard", "13755-pitti2.jpg": "a wall with a painting on the wall", "40904-01calvar.jpg": "a group of people standing next to each other", "08154-noah.jpg": "a group of people standing on a wall", "19975-2courtie.jpg": "a picture of a man in a picture", "08578-3victor4.jpg": "a painting of a mountain in the background", "35415-36religi.jpg": "a dog laying on a blanket next to a woman", "43494-coastal.jpg": "a group of people sitting on top of a sandy beach", "23108-06pieve.jpg": "a group of people standing in front of a clock tower", "42421-musicalp.jpg": "a group of people sitting around a table", "25109-3annunci.jpg": "a painting of a woman sitting in a room", "34217-marymagd.jpg": "a woman in a red coat is sitting in the dark", "44124-nocturn1.jpg": "a body of water with water pouring out of it", "30615-3albriz2.jpg": "a gold and gold vase with a painting on it", "18485-reveuse.jpg": "a close up of a person laying in a bed", "38585-smoker_l.jpg": "a woman sitting in front of a window in front of a window", "33259-lastsupp.jpg": "a large group of people sitting in a room", "43793-18actors.jpg": "a couple of women standing next to each other", "34949-5oberze5.jpg": "a painting of a painting on a wall", "41897-berlinst.jpg": "a woman walking down a rain soaked street", "02850-arabs.jpg": "a group of people riding on the backs of horses", "39646-4vendra.jpg": "a group of people sitting around a fireplace", "09877-courb215.jpg": "a close up of a person with a beard", "18498-harbour.jpg": "a group of boats sitting on top of a body of water", "40414-1main2.jpg": "a painting of a woman sitting on a skateboard", "30238-08martyr.jpg": "a group of people that are sitting on a wall", "31439-09cathe.jpg": "a group of people standing in front of a building", "20436-justice.jpg": "a picture of a woman in a dress", "04855-bogdan08.jpg": "a couple of birds perched on top of a table", "44194-pair2.jpg": "a man standing next to a dog on a river", "15142-venus_cu.jpg": "a woman and a dog are sitting on a couch", "20398-port_nig.jpg": "a woman wearing a hat and a hat", "09828-walpole.jpg": "a woman in a yellow dress holding a guitar", "20758-healing.jpg": "a group of people sitting in front of a building", "34365-riomaria.jpg": "a boat that is sitting in the water", "03312-thetis.jpg": "a group of people riding on the backs of horses", "03887-175madon.jpg": "a couple of people that are in a room", "41351-08virgin.jpg": "a statue of a bear in a museum", "20347-saint_pr.jpg": "a group of people sitting next to each other", "16640-annuncia.jpg": "a picture of a woman in a dress", "41980-romeclou.jpg": "a picture of a mountain with a mountain in the background", "44254-nieuwe4.jpg": "a couple of people walking down a street", "22645-08bernar.jpg": "a group of people standing around a wooden table", "11915-eggdeale.jpg": "a statue of a man sitting on a wooden barrel", "17238-6still1.jpg": "a close up of a tree with flowers in it", "00177-vegetab1.jpg": "a group of people standing next to a statue", "28845-justina.jpg": "a man and a woman standing next to a horse", "37089-lamenta.jpg": "a large stone building with a painting on the wall", "27063-pendant2.jpg": "a person wearing a hat and a hat", "00198-annuncia.jpg": "a group of people sitting on a couch in a room", "04706-13assisi.jpg": "there is a man that is standing in the dirt", "04814-virsaint.jpg": "a group of people that are sitting on a couch", "08005-presenta.jpg": "a group of people standing around a building", "35418-38religi.jpg": "a group of people standing next to a group of people", "32981-03velata.jpg": "a woman in a costume sitting on a couch", "26729-lu13naa.jpg": "a couple of women standing next to each other", "08668-01soap_b.jpg": "a man sitting at a table holding a spoon", "15846-rebel_an.jpg": "a group of people that are on a horse", "30991-appearin.jpg": "a group of people standing next to each other", "20012-poultry.jpg": "a group of birds sitting on top of a grass covered field", "31869-david.jpg": "a man is standing in front of a door", "40477-06g_2cra.jpg": "a wooden clock sitting on top of a wooden shelf", "42312-1003vela.jpg": "a statue of a statue sitting on a bench", "10327-09elect8.jpg": "a man wearing a black hat sitting in front of a book", "26340-sickchil.jpg": "a woman and a child sitting on a couch", "27055-anatomy.jpg": "a group of people that are sitting down", "07905-baptism.jpg": "a group of people standing next to each other", "19930-15edward.jpg": "a young man wearing a hat and tie", "24523-08clemen.jpg": "a building that has a painting on it", "24386-aqueduct.jpg": "a large building with a bridge in the background", "06616-flowers1.jpg": "a vase filled with flowers sitting on top of a table", "30155-cavalry.jpg": "a group of people riding on the backs of horses", "40376-miracle1.jpg": "a statue of a person standing in a room", "39780-06gloves.jpg": "a man in a black jacket and a black jacket", "00326-4poggio.jpg": "a group of people standing in front of a building", "30761-2selfpo2.jpg": "a man wearing a red hat wearing a red hat", "39988-1misc11.jpg": "a group of people standing around a statue", "25002-z_panel1.jpg": "a group of people standing next to each other", "20781-educatio.jpg": "a group of people sitting on a couch", "30011-ouderker.jpg": "a body of water with boats in it", "42167-titian.jpg": "a man in a black jacket holding a knife", "42102-19studi3.jpg": "a picture of a <unk> in a museum", "33351-sophonis.jpg": "a group of people that are sitting down", "33575-104portr.jpg": "a man wearing a hat and a hat", "44262-portusyn.jpg": "a group of people standing in front of a building", "25312-saragoss.jpg": "a large group of people standing on top of a sandy beach", "24021-3chapel.jpg": "a large group of people standing in a room", "21674-turenne.jpg": "a close up of a person wearing a tie", "26161-0341virg.jpg": "a woman sitting in front of a teddy bear", "41633-1calvary.jpg": "a group of people standing next to each other", "09979-nymphsat.jpg": "a couple of women standing next to each other", "43514-domestic.jpg": "a group of people standing around a christmas tree", "18160-portlady.jpg": "a woman sitting on a bed reading a book", "24095-4judith.jpg": "a man and woman standing next to each other", "13024-stuarts.jpg": "a woman is sitting on a statue of a statue", "33019-01holyfa.jpg": "a group of people sitting on a couch", "11981-2almeri1.jpg": "a room that has a large mirror in it", "17519-1adorat1.jpg": "a group of people standing around a building", "07853-05group.jpg": "a group of people standing next to each other", "14681-quatref6.jpg": "a picture of a man on a clock on a wall", "17769-501goya1.jpg": "a person laying on a bed with a woman", "18773-guard313.jpg": "a large body of water with many boats in it", "07212-canal500.jpg": "a large body of water next to a city", "24661-vdolorum.jpg": "a woman in a red dress holding a teddy bear", "15136-transfig.jpg": "a group of people standing next to each other", "11384-interior.jpg": "a group of people sitting around a table", "23615-c_adored.jpg": "a black and white photo of a woman and a dog", "16116-chris03.jpg": "a group of people standing next to a wall", "17291-selfpo18.jpg": "a close up of a person wearing a hat", "23273-02mystic.jpg": "a group of people sitting on a bed", "23735-volkov.jpg": "a man and a woman sitting next to each other", "04460-element3.jpg": "a group of people standing around a table full of fruit", "43646-port_man.jpg": "a man wearing a white shirt and black pants", "30025-03paal.jpg": "a tree that is sitting in the dirt", "01078-deathmag.jpg": "a couple of animals that are in a room", "38627-v_feast.jpg": "a group of people standing next to a building", "14379-courtier.jpg": "a group of people standing in front of a castle", "10982-206david.jpg": "a woman in a white dress standing next to a woman", "31083-1adam02.jpg": "a group of people standing next to each other", "37812-alexand.jpg": "a large building with a lot of windows", "04413-phaeton.jpg": "a group of people that are on some horses", "37930-beanfest.jpg": "a group of people in a room with a dog", "19585-prodigal.jpg": "a group of people that are sitting on a couch", "17985-08scene.jpg": "a group of people standing next to each other", "37263-90death.jpg": "a large building with people standing around it", "42629-29geogr0.jpg": "a woman sitting at a table in a room", "16355-07scenes.jpg": "a picture of a painting on a wall", "04068-campagna.jpg": "a view of a field with a mountain in the background", "00529-1north6.jpg": "a group of people standing next to a building", "23856-3manet15.jpg": "a person is laying in a bed with a blanket", "34678-pilgrima.jpg": "a group of people standing next to a group of elephants", "18067-12scene.jpg": "a statue of a woman standing in front of a window", "29203-13munkac.jpg": "a couple of women standing next to each other", "10949-rest.jpg": "a woman with a teddy bear sitting on a bed", "34858-pepoli.jpg": "a clock that is on top of a wall", "41458-griseld1.jpg": "a wall with a painting on the wall", "13233-still_li.jpg": "a table topped with lots of fruits and vegetables", "41516-tortasso.jpg": "a man sitting on a table reading a book", "13280-allegory.jpg": "a crowd of people standing in front of a crowd", "15486-2donor.jpg": "a statue of a man standing next to a wall", "05375-flower_c.jpg": "a painting of a vase with flowers in it", "44777-casilda.jpg": "a woman sitting on a brown leather bag", "31437-08mantu.jpg": "a large cathedral with a large cathedral and decorations", "19402-ham_silv.jpg": "a black and white vase sitting on top of a table", "04202-mad_cruc.jpg": "a painting of a painting on a wall", "09623-depositi.jpg": "a group of people sitting on a bed", "40908-04adora1.jpg": "a painting of a woman standing in a room", "35108-grotto.jpg": "a person standing in front of a large rock", "42896-2ceilin1.jpg": "a large painting of a painting on a wall", "29451-i_flemis.jpg": "a group of people standing outside of a building", "04692-02rapall.jpg": "a large body of water next to a body of water", "29584-madonna.jpg": "a painting of a woman in a dress", "21177-village.jpg": "a person standing on a beach next to a body of water", "08923-casabuo2.jpg": "a room that has a painting on the wall", "20061-04merry.jpg": "a group of people sitting in a room", "34829-stillife.jpg": "a vase filled with lots of different types of fruit", "13939-lastjudx.jpg": "a close up of a person with a dog", "23608-stillif1.jpg": "a wooden table topped with a vase and other items", "24279-madsaint.jpg": "a group of people standing next to each other", "20052-12denial.jpg": "a group of people standing next to each other", "09069-holyfami.jpg": "a group of people standing next to each other", "15197-stcather.jpg": "a woman sitting on a couch holding a cigarette", "10789-trinita1.jpg": "a group of people sitting on top of a wooden table", "43923-prince.jpg": "a couple of kids standing next to a statue", "04822-virgin_x.jpg": "a group of people walking down a street", "30757-2famous.jpg": "a large group of people in a museum", "23017-archbish.jpg": "a man in a leather jacket is sitting down", "14835-interior.jpg": "a large cathedral with people standing around it", "03034-030holyf.jpg": "a woman sitting on a tree next to a tree", "43062-mom_rest.jpg": "a group of people riding on the backs of horses", "15485-1donor.jpg": "a statue of a man on a horse statue", "15565-7herod.jpg": "a large group of people in a large building", "09136-diana.jpg": "a group of people that are in the dirt", "42192-triumph.jpg": "a couple of people standing next to a dog", "33578-123portr.jpg": "a woman sitting on a couch with a dog", "33983-rape_hel.jpg": "a group of people standing next to each other", "43964-1triptic.jpg": "a group of people standing next to each other", "15116-ahimelec.jpg": "a couple of people standing next to each other", "41478-savonarx.jpg": "a group of people standing around a large crowd", "15773-granom.jpg": "a man in a suit holding a baseball bat", "24441-shadow.jpg": "a group of people standing around a building", "30558-portrait.jpg": "a woman in a dress sitting on a bed", "12400-frankli.jpg": "a man wearing a white shirt and tie", "37649-1paolo08.jpg": "a clock mounted to the side of a wall", "00824-panel5.jpg": "a painting of a woman holding a piece of paper", "09284-othello.jpg": "a woman in a dress with a dog", "33900-15noremb.jpg": "a close up of a person with a horse", "23463-salome3.jpg": "a man and a woman holding a baby", "22318-40country.jpg": "a large white house with a tree in the background", "35826-river_l.jpg": "a herd of cattle grazing on a lush green field", "00340-preachin.jpg": "a group of people standing around a group of people", "39204-portgent.jpg": "a person with a hat riding a horse", "41886-vendra09.jpg": "a group of people standing in front of a building", "10190-adamev01.jpg": "a man and a woman standing next to each other", "29453-interiox.jpg": "a large building with a lot of people on it", "03990-bello302.jpg": "a group of people standing outside of a building", "33554-083portr.jpg": "a man with a beard and a beard", "38836-vulcancu.jpg": "a man and a woman are sitting on a bench", "08416-immacul.jpg": "a woman holding a baby in her arms", "35008-carrying.jpg": "a man and a woman sitting on a wooden floor", "10100-29altar.jpg": "a couple of people standing next to each other", "38244-mirror.jpg": "a couple of women standing next to each other", "06758-portrai1.jpg": "a man wearing a hat and a black tie", "16982-2hague05.jpg": "a house with a mountain in the background", "39541-badnews2.jpg": "a statue of a man sitting on top of a table", "39896-endymion.jpg": "a group of people sitting in a pool", "15857-europa1.jpg": "a group of people that are sitting on the ground", "05989-adoratio.jpg": "a group of people sitting around a table with a baby", "22988-johanort.jpg": "a man in a black shirt and a tie", "35429-54religi.jpg": "a clock that is on the side of a building", "04895-port_wom.jpg": "a woman wearing a tie and a bow tie", "34739-empress.jpg": "a group of people standing around a tree", "08813-adorati.jpg": "a group of people standing in front of a building", "11639-01view.jpg": "a building with a painting on the wall", "18079-3vault.jpg": "a picture of a painting on the wall of a building", "21769-youngman.jpg": "a woman is sitting down with a backpack", "22320-42parrot.jpg": "a group of people walking down a street", "17199-olive01.jpg": "a view of a river with trees and bushes", "28355-david_ab.jpg": "a group of people riding horses down a dirt road", "38885-main02.jpg": "a group of people riding on the back of an elephant", "18806-herminia.jpg": "a group of people standing around a large elephant", "05981-landsca2.jpg": "a herd of animals standing next to each other", "32550-panel2.jpg": "a statue of a woman in a dress", "34724-portgent.jpg": "a man in a suit and tie holding a cell phone", "35018-trent.jpg": "a building with a clock on the side of it", "23855-3manet14.jpg": "a group of people in a body of water", "38084-seascape.jpg": "a group of people standing on top of a sandy beach", "29803-port_fov.jpg": "a man standing in a dark room holding a bat", "17947-viewleid.jpg": "a sailboat in the middle of a body of water", "11468-stilewer.jpg": "there are many different types of fruit on the table", "06140-landsca5.jpg": "a large body of water next to a tree", "04838-sti_life.jpg": "a table topped with a glass filled with wine", "11155-1870s_17b.jpg": "a group of people standing next to a large elephant", "29502-washing.jpg": "a woman standing next to a woman in a dress", "18379-1706grec.jpg": "a man is sitting on a bench next to a man", "07454-03boy.jpg": "a man sitting in front of a bunch of fruit", "15235-5corinne.jpg": "a group of people standing in front of a wall", "13774-melancho.jpg": "a man standing next to a brown dog", "10777-offering.jpg": "a group of people standing next to each other", "24826-kladsko.jpg": "a painting of a woman sitting on top of a building", "39892-assumpti.jpg": "a large display of people in a room", "43308-crucifix.jpg": "a group of statues on display in a museum", "03008-03adam_e.jpg": "a man standing next to a statue of a man", "00935-50annale.jpg": "a group of people standing in front of a building", "04752-shepherd.jpg": "a man sitting on the ground next to a man in a hat", "38484-johnbapt.jpg": "a man sitting on a couch next to a dog", "44143-morrapla.jpg": "a group of people sitting in front of a stone building", "14910-early12.jpg": "a teddy bear sitting on top of a stone wall", "07642-selfport.jpg": "a man in a dark room holding a piece of paper", "39352-08vision.jpg": "a painting of a man and a man", "41991-driving.jpg": "a group of people that are sitting on a couch", "07678-balbi2.jpg": "a woman in a dress sitting on a bed", "05953-solomon.jpg": "a group of people sitting on top of a horse", "38460-allegory.jpg": "a picture of people standing in front of a building", "19413-stillif8.jpg": "a white table topped with a white cloth cloth", "02912-lastjudg.jpg": "a group of people standing next to each other", "41437-04galati.jpg": "a statue of a man sitting on a bench", "39768-12varano.jpg": "a woman wearing a red dress and a red dress", "35842-alkmaar1.jpg": "a small boat in a body of water", "43128-pippin.jpg": "a painting of a man and a cow", "11988-proximus.jpg": "a man is sitting on a log in the woods", "29915-innscene.jpg": "a group of people sitting on top of a couch", "00067-ark2.jpg": "a group of women standing next to each other", "39877-allegor.jpg": "a woman sitting on a bed with a <unk>", "21292-theseus.jpg": "a couple of people standing next to each other", "37314-a_virgin.jpg": "a painting of a woman standing next to a building", "08168-noahsark.jpg": "a group of people standing around a pile of animals", "11673-2east.jpg": "a large cathedral with a clock and people", "43135-abraham.jpg": "a group of people that are sitting on a table", "34462-18rippl.jpg": "a painting of a man sitting next to a vase of flowers", "26624-09_5ne.jpg": "a black and white photo of a woman sitting on a couch", "05271-hermit3.jpg": "a man standing in front of a fire hydrant", "42737-mazeppa.jpg": "a couple of animals that are in the water", "30874-c_glory.jpg": "a group of people standing around a statue", "08088-frederic.jpg": "a man sitting on a chair reading a book", "21412-catherin.jpg": "a woman in a dress standing next to a chair", "39821-17strada.jpg": "a man in a red shirt sitting on a couch", "36577-chopin.jpg": "a picture of a man in a suit and tie", "10601-landhun.jpg": "a group of people riding on the backs of horses", "32076-slorenzo.jpg": "a group of people standing around in a room", "29245-100muril.jpg": "a couple of people that are sitting down", "43360-murano1.jpg": "a woman standing next to a wooden wall", "23465-sleeping.jpg": "a group of people sitting around a table", "39084-070death.jpg": "a painting of a woman sitting on a bench", "32280-08landsc.jpg": "a group of people sitting on top of a body of water", "36851-armedmen.jpg": "a view of a town with a house in the background", "18343-1409grec.jpg": "a man wearing a leather jacket and black jacket", "12975-geest.jpg": "a close up of a person with a beard", "17829-812goya.jpg": "a woman in a bikini is standing in the water", "39297-00view1.jpg": "a room with a clock and a sink", "42988-3love3.jpg": "a group of men laying on top of a bed", "32227-02flora.jpg": "a group of people sitting next to each other", "09301-vanitas7.jpg": "a table topped with a bed and a table", "32625-portlady.jpg": "a woman wearing a hat and a black shirt", "19347-wedding.jpg": "a group of people sitting around a table", "21648-zenobio1.jpg": "a room with a painting on the wall", "07207-canal410.jpg": "a group of people in boats on a river", "02709-portgent.jpg": "a man sitting in a chair holding a book", "07455-03boy_fr.jpg": "a young man sitting in front of a vase of fruit", "14249-6madonna.jpg": "a couple of women sitting next to each other", "35506-35mythol.jpg": "a group of people standing next to a group of elephants", "44584-1centra4.jpg": "a painting of a man sitting on a bench", "02914-distress.jpg": "a painting of a boat in the water", "36397-7humilit.jpg": "a black and white photo of a woman and a clock", "17766-417goya.jpg": "a statue of a woman sitting on a vase", "38684-officer.jpg": "a man sitting on a chair with a dog", "21376-allegory.jpg": "a group of people sitting on a beach", "04133-dam_squa.jpg": "a group of people standing around a large building", "00873-00west.jpg": "a couple of people standing next to a clock", "23799-2spanis2.jpg": "an old photo of a woman in a dress", "35609-11landsc.jpg": "a large group of people sitting on a beach", "11084-selfport.jpg": "a painting of a person in a room", "33485-03histor.jpg": "an old photo of a man and a woman", "43725-selfpor1.jpg": "a woman wearing a black shirt and a white shirt", "06652-birdtray.jpg": "a group of people walking down a street", "43976-0seven.jpg": "a group of people standing next to a building", "40881-04deposi.jpg": "a group of people standing next to each other", "30554-stillife.jpg": "a variety of fruits and vegetables on a table", "39965-05early.jpg": "a statue of a man sitting next to a rock", "15780-stillife.jpg": "a black cat sitting on top of a chair", "20434-crucifix.jpg": "a statue of a statue with people on it", "29500-reader.jpg": "a woman sitting on a couch reading a book", "03521-venus1.jpg": "a group of people standing next to each other", "26631-01_1pr2.jpg": "a painting of a woman sitting on a bench", "22945-10sooths.jpg": "a group of people standing in front of a fountain", "22909-pellegri.jpg": "a man in a suit cutting a piece of paper", "00443-fugger.jpg": "a man in a black jacket and a hat", "04095-predell3.jpg": "a statue of a painting on a wall"}