{"19490-ybacchus.jpg": "a group of people in front of a building", "08780-lamenta.jpg": "a group of men and women sitting on a beach", "39695-04three.jpg": "a couple of people sitting on top of a rock", "04701-08woods.jpg": "a dog standing in the woods next to a tree", "35513-45mythol.jpg": "a group of people standing next to each other", "00034-firework.jpg": "a black and white photo of a crowd of people", "43015-08barbar.jpg": "a man with a hat and a hat", "35600-041lands.jpg": "a bunch of animals that are in the dirt", "19700-vase1.jpg": "a vase of flowers sitting on a table", "35379-13religi.jpg": "a man is sitting on the ground with a spoon", "09134-charles7.jpg": "a close up of a person wearing a hat", "20371-12ingres.jpg": "a group of people standing in front of a building", "43407-ambrose.jpg": "a group of people standing in front of a building", "18340-1407grec.jpg": "a man with a beard and a beard", "24275-life6.jpg": "an old photo of a man and a woman", "17497-06virgin.jpg": "a woman sitting in a chair next to a child", "03339-savonaro.jpg": "a man in a dark dark dark room", "04206-christ_t.jpg": "a black and white photo of a man and a woman", "37088-9vault8.jpg": "a group of people standing next to each other", "37279-1poly1.jpg": "a picture of a man in front of a church", "02818-santo.jpg": "a large room with a stone wall and a stone building", "14434-201fried.jpg": "a mountain with a mountain in the background", "14044-madchian.jpg": "a painting of a woman sitting in front of a mirror", "22572-4torture.jpg": "a large stone building with statues and statues", "11163-1870s_63.jpg": "a man standing in front of a building holding a remote", "03799-081madon.jpg": "a woman is sitting on the floor with an umbrella", "42525-portra_1.jpg": "a woman sitting on a bench in a room", "24472-garden.jpg": "a picture of a woman standing in front of a mirror", "17810-714goya.jpg": "a group of people standing around a group of elephants", "14592-mushroom.jpg": "a pile of stuffed animals sitting on top of a bed", "16062-05lamen.jpg": "a painting of a painting on the side of a wall", "24950-diptyc1.jpg": "a painting of a man on a painting of a man", "09269-falls.jpg": "a fire hydrant spraying water from a puddle", "10798-portrman.jpg": "a man with a beard and a white shirt", "08199-madon_ch.jpg": "a man and a baby are sitting on a bed", "22574-5vault1.jpg": "a close up of a wall with a painting on it", "11138-1870s_03.jpg": "a young boy is holding a stuffed animal", "15382-vanitas.jpg": "a man is smiling while smiling and smiling", "30327-portlady.jpg": "a woman in a dress holding a microphone", "07284-canal811.jpg": "a group of people walking down a street", "35604-06landsc.jpg": "a group of people standing around a group of horses", "39063-4virgil4.jpg": "a statue of a man sitting on top of a statue", "10001-lastjudg.jpg": "a large group of people standing next to each other", "43473-portrait.jpg": "a man sitting in a room with his feet up", "19439-stil_lif.jpg": "a bunch of fruit is sitting in a tree", "32120-painter.jpg": "a woman sitting on a bench next to a purse", "23474-danishco.jpg": "a view of a mountain with mountains in the background", "29133-hillyriv.jpg": "a man standing next to a statue of an elephant", "00719-rome.jpg": "a large body of water next to a building", "35105-diogenes.jpg": "a woman is standing next to a horse", "12263-verso10.jpg": "a group of people standing next to each other", "24905-christ3.jpg": "a painting of a painting on a wall", "19670-haarlemt.jpg": "a black and white photo of an old church", "41477-savonaro.jpg": "a large group of people standing around a building", "19430-stillife.jpg": "a vase filled with flowers sitting on top of a table", "35565-13infant.jpg": "a man sitting on a bench in a dark room", "29466-interior.jpg": "a group of people standing outside of a building", "33024-03satan.jpg": "a man is sitting on the back of a horse", "03519-sensuali.jpg": "a couple of women sitting next to each other", "15884-medici11.jpg": "a group of people that are on some horses", "08466-flight2.jpg": "a group of people riding on the backs of horses", "24297-01marko.jpg": "a large mountain with a mountain in the background", "36986-keppel.jpg": "a man in a black jacket and a black jacket", "17180-2enclos3.jpg": "a garden filled with lots of colorful flowers", "16980-2hague03.jpg": "a group of birds standing next to a river", "33630-17sp1659.jpg": "a man with a hat and a black hat", "43684-vuilla02.jpg": "a man standing in front of a red wall", "18910-09aurora.jpg": "a statue of a man and a dog on a wall", "41365-11sancta.jpg": "a painting of a man and a statue", "11540-stillife.jpg": "a table that has some food on it", "04770-classila.jpg": "a group of people sitting on top of a boat", "20746-susanna.jpg": "a group of people sitting on top of a table", "21488-norandin.jpg": "a couple of men standing next to a herd of sheep", "42765-5justina.jpg": "a group of people standing next to each other", "08503-1lands03.jpg": "a person is standing on a small boat", "41960-ascensio.jpg": "a large painting of a man and a clock", "11140-1870s_05.jpg": "a black and white photo of a man talking on a cell phone", "13702-fresco20.jpg": "a group of people standing next to each other", "19142-37malle.jpg": "a woman standing next to a bronze statue", "14730-rebecca.jpg": "a group of people sitting on top of a couch", "35798-drawwell.jpg": "a group of people standing around a pile of animals", "03379-agliard2.jpg": "a wooden table topped with lots of fruit", "35864-stillife.jpg": "a wooden table topped with plates of food", "14704-04m_howe.jpg": "a woman in a dress in a dress", "22430-fivesens.jpg": "a room with a painting on the wall", "04533-madchild.jpg": "a statue of a man standing next to a statue", "30640-fruitven.jpg": "a couple of men standing next to each other", "23052-1triptyc.jpg": "a couple of women standing next to each other", "11137-1870s_02.jpg": "a group of people standing in a room", "29888-catherin.jpg": "a group of people standing on top of a stage", "03935-stbernar.jpg": "a man wearing a hat with a hat on", "43443-seashore.jpg": "a couple of boats floating on top of a beach", "32163-elizabet.jpg": "a man dressed in a costume holding an umbrella", "44504-christ_c.jpg": "a couple of people standing next to each other", "42754-2castel2.jpg": "a group of people are sitting on a bed", "43881-autumn.jpg": "a train that is sitting in the grass", "30582-still_li.jpg": "a plate of food sitting on a table", "39188-barn_int.jpg": "a woman standing in front of a wooden table", "10554-levada3.jpg": "a group of people standing next to each other", "03186-crucifix.jpg": "a large statue of a man and a horse", "33460-24oldtes.jpg": "a dog that is standing in front of a camera", "16040-franc15.jpg": "a statue of a couple standing next to a tree", "00644-tobias.jpg": "a group of people standing next to each other", "12567-2empero1.jpg": "a statue of a man wearing a suit and tie", "16785-2north.jpg": "a group of people standing in front of a building", "00384-07cruci.jpg": "a group of people standing in a room", "24709-saints.jpg": "a painting of a man standing next to a painting", "24236-rialto.jpg": "a river filled with lots of small boats", "33400-02passio.jpg": "a group of people standing next to each other", "10057-grimacin.jpg": "a close up of a horse wearing a hat", "42825-01anthon.jpg": "a group of people standing around a pile of rocks", "18482-port_wom.jpg": "a man wearing a white hat in a costume", "36467-youth.jpg": "a man sitting down with his hands on a table", "09615-cupid.jpg": "a man sitting next to a woman on a couch", "30820-mad_sts4.jpg": "a group of women standing next to each other", "09229-lastsupp.jpg": "a group of people sitting around a table", "04990-annunci.jpg": "a statue of a woman standing next to a statue", "09792-scene02.jpg": "a group of people standing next to each other", "30074-3wolfgai.jpg": "a black and white photo of a woman in a dress", "00633-harpies.jpg": "a group of people standing around a statue", "00250-visitat2.jpg": "a couple of women sitting next to each other", "32956-10julius.jpg": "a man in a red hat with a hat on", "22297-endymion.jpg": "a man and a baby are eating some food", "12018-tussle.jpg": "a picture of a man and woman", "43617-allegory.jpg": "a group of people standing outside of a building", "05932-crucifix.jpg": "a group of people standing around a statue", "05067-cydippe.jpg": "a woman is sitting on a chair with a dog", "31407-2doctor.jpg": "a large building with a large clock on it", "39244-03camer1.jpg": "a man standing next to a brown and brown horse", "13236-stillif2.jpg": "a glass vase filled with lots of fruit", "43628-market.jpg": "a group of people walking down a street", "38253-david.jpg": "a woman is sitting on the floor with a woman", "17510-1luke1.jpg": "a woman sitting in front of a church", "14958-tahiti05.jpg": "a man is sitting on the floor with a dog", "40870-11sourcx.jpg": "a group of people standing next to each other", "24917-lawrenc1.jpg": "a group of people standing next to each other", "35138-catheri2.jpg": "a woman standing in front of a red bed", "41998-lastsupp.jpg": "a group of people sitting around a table with food", "17054-paris04.jpg": "an aerial view of a city with many boats", "39121-god_fath.jpg": "a person laying on a bed with a dog", "06204-cosimo1.jpg": "a man in a leather jacket is sitting on a motorcycle", "39677-02jerome.jpg": "a statue of a man sitting next to a dog", "07259-canal709.jpg": "a group of people standing on top of a sandy beach", "26392-4banffy.jpg": "a woman is standing next to a wall", "03515-portrai2.jpg": "a woman standing next to a statue in a room", "18383-1710grec.jpg": "a man in a leather jacket is reading a book", "38962-06daphne.jpg": "a couple of women standing next to a teddy bear", "34933-13berze.jpg": "a close up of a clock on a wall", "00674-madglory.jpg": "a group of people standing next to each other", "36465-tobias.jpg": "a couple of people that are sitting on the ground", "07690-aurora.jpg": "an image of a woman playing with a dog", "36474-sidewing.jpg": "a statue of a man standing next to a statue", "28714-y_christ.jpg": "a woman in a red shirt holding a tie", "20365-07ingres.jpg": "a statue of a woman sitting on a bed", "43726-selfpor2.jpg": "a woman wearing a black jacket and a bow tie", "23167-06monaco.jpg": "a group of people sitting next to each other", "13426-poggio1.jpg": "a group of people standing around in a room", "19835-04solot.jpg": "a woman with a teddy bear sitting in a window", "00388-09mary_c.jpg": "a woman holding a baby in a costume", "26396-1enterin.jpg": "a group of people standing around a herd of horses", "35939-2bavo5.jpg": "a large building that has a white roof", "03437-08lucill.jpg": "a group of people standing around a stone building", "38522-mountain.jpg": "a view of a mountain range with mountains in the background", "39156-01valmar1.jpg": "a group of people standing outside of a building", "25213-virgo.jpg": "a group of people standing around each other", "35504-33mythol.jpg": "a group of people standing next to a group of dogs", "26175-4bay1.jpg": "a group of people standing next to each other", "35663-annunci.jpg": "a statue of a woman standing next to a statue", "20116-48hooch.jpg": "a black and white photo of a woman in a room", "07133-marymart.jpg": "a woman sitting on top of a pile of stuffed animals", "34682-grif_01.jpg": "a group of people standing in front of a building", "20985-calamiti.jpg": "a group of people standing next to a mountain", "12366-1young_s.jpg": "a group of animals that are standing in the dirt", "06040-riverlan.jpg": "a bunch of boats that are sitting in the water", "21949-4lastsu3.jpg": "a group of people sitting in front of a building", "06857-patmos.jpg": "a painting of a man sitting on a window sill", "15161-07quarat.jpg": "an old photo of a woman in a dress", "16651-predel1.jpg": "a group of people sitting around a statue", "28389-oriental.jpg": "a man dressed in a costume with a hat on", "16897-walledci.jpg": "a sailboat in a body of water with a castle in the background", "24003-zeno07.jpg": "a statue of a woman in a room", "07582-52david.jpg": "a man in a black shirt and a woman", "44324-standrew.jpg": "a man sitting on the ground reading a book", "35466-05mythol.jpg": "a dog laying on top of a piece of food", "09050-corner.jpg": "a garden filled with lots of red flowers", "29191-01munkac.jpg": "a man standing in front of a stone wall", "09601-basket.jpg": "a woman sitting on a couch holding a baby", "10581-annuncia.jpg": "a painting of a group of people in a museum", "14251-1nativi1.jpg": "a group of people standing next to each other", "04552-augustan.jpg": "a river with a bridge and a bridge", "37552-scene33.jpg": "a group of people standing in front of a church", "04702-09mill.jpg": "a black and white photo of a boat on a river", "04176-aretino.jpg": "a man standing next to a woman in a room", "07428-salvo.jpg": "a group of people on boats in a body of water", "00121-marketsc.jpg": "a man sitting on top of a brown horse", "19569-portrai2.jpg": "a woman is holding a pair of scissors", "10316-07carion.jpg": "a close up of a person with a tie", "10099-28altar.jpg": "a couple of men standing next to each other", "18108-3visita1.jpg": "a group of people standing next to each other", "17194-cypres05.jpg": "a large painting of a painting on a wall", "10160-53religi.jpg": "a group of people standing in front of a building", "32051-praying.jpg": "a black and white photo of a woman sitting on a couch", "10170-1salome4.jpg": "a woman in a dress holding a <unk>", "36142-february.jpg": "a man sitting on a couch holding a dog", "30861-key.jpg": "a group of people standing in front of a building", "04397-prophet1.jpg": "a statue of a man wearing a hat and holding an umbrella", "11968-allegr08.jpg": "a large painting of a painting on a wall", "22966-33musicl.jpg": "a couple of women sitting next to each other", "26053-14flore2.jpg": "a group of people standing next to each other", "21546-portduch.jpg": "a statue of a person sitting on a couch", "40910-05tript1.jpg": "a display case filled with lots of people", "37845-cabinet.jpg": "a group of people standing around in a living room", "39365-25praye.jpg": "a group of people sitting on top of a couch", "24574-grassi6.jpg": "a group of people standing in front of a building", "23618-gypsyban.jpg": "a statue of a man sitting on a fire hydrant", "41328-040madon.jpg": "a painting of a man with a tie and tie", "09857-courb118.jpg": "a couple of people walking down a snow covered field", "15816-flekkefj.jpg": "a man standing in front of a wooden fence", "06630-flora.jpg": "a woman in a dress is sitting on a bench", "34211-dolorosa.jpg": "a man wearing a suit and tie holding a tie", "26703-lu05zer.jpg": "a group of people sitting next to each other", "08898-virgin.jpg": "a clock on the side of a building", "40907-03virgin.jpg": "a group of women standing next to each other", "42477-rhinela1.jpg": "a group of animals that are standing in the water", "13594-ven_lady.jpg": "a painting of a person with a flower", "36824-portpole.jpg": "a man sitting in a chair with a bag of bags", "37395-portking.jpg": "a statue of a man wearing a baseball uniform", "39812-10philip.jpg": "a man sitting on a bench with a purse", "00079-stilfish.jpg": "a bird sitting on top of a wooden table", "29835-strozz1.jpg": "a group of people standing in front of a building", "37862-battle.jpg": "a group of boats that are floating in the water", "15647-poryouth.jpg": "a close up of a person wearing a hat", "04026-4buda.jpg": "a group of people riding on the backs of horses", "41990-davidgol.jpg": "a couple of people that are holding a dog", "42197-stillife.jpg": "a close up of a table with flowers in it", "37655-james_1.jpg": "a statue of a man wearing a dress and tie", "14892-ascensio.jpg": "a large clock on the side of a building", "32057-shipwrec.jpg": "a group of people standing on top of a sandy beach", "19902-01henry8.jpg": "a close up of a person wearing a hat", "25100-2sebasti.jpg": "a black and white photo of a woman in a dress", "22918-holyfami.jpg": "a group of people standing next to each other", "18586-05helle1.jpg": "a vintage photo of a woman in a dress", "10134-14religi.jpg": "a group of people standing next to each other", "23581-port_min.jpg": "a close up of a person wearing a hat", "40839-boleyn.jpg": "a woman wearing a dress and a dress", "24133-3cybele1.jpg": "a group of people standing in front of a building", "41438-05galati.jpg": "a large painting of a man and a horse", "25131-virgin_c.jpg": "a young woman holding a baby in her arms", "39942-1deesis1.jpg": "a table with a clock on the wall", "44413-selfport.jpg": "a man with a beard and a beard", "34467-23rippl.jpg": "a statue of a man wearing a suit and tie", "42225-0211vela.jpg": "a group of men standing next to each other", "40993-03diptyc.jpg": "a group of people standing next to each other", "43186-emanuele.jpg": "a statue of a man standing next to a statue", "19617-visitati.jpg": "a group of people riding on the backs of horses", "35564-13arunde.jpg": "a couple of women standing next to a white horse", "44263-protesta.jpg": "a black and white photo of a train station", "16791-3east2.jpg": "a man sitting on the ground with a dog", "20232-voltair1.jpg": "a group of people riding horses in a field", "36976-saddled.jpg": "a woman standing next to a horse and a dog", "42917-4ceilin.jpg": "a painting of a man and a dog on a horse", "10968-109david.jpg": "a group of people standing around a building", "05010-god_fath.jpg": "a man laying in the middle of a beach", "42296-0714vela.jpg": "a woman laying on a bed with a dog", "40042-cabare08.jpg": "a picture of a man on a skateboard", "36598-landscap.jpg": "a couple of people are sitting on a rock", "02474-1fresco2.jpg": "a group of people standing in front of a window", "43486-greyhoun.jpg": "a statue of a horse standing next to a bowl of food", "35071-montagu.jpg": "a man with a knife and a pair of scissors", "26231-1predel4.jpg": "a man with a beard and a brown shirt", "03743-miracl2.jpg": "a group of people standing in front of a river", "07828-agony.jpg": "a painting of a person sitting on a rock", "31415-002siena.jpg": "a display of people standing in front of a building", "20768-self_fam.jpg": "a group of people standing around each other", "08881-0view5.jpg": "an old stone building with a painting on the wall", "34437-stil_lif.jpg": "a bunch of fruits and vegetables on a table", "12533-05youngm.jpg": "a man wearing a black hat and a black hat", "30075-3wolfgaj.jpg": "a group of people standing around a building", "28543-argent04.jpg": "a group of people standing on top of a lush green field", "08167-meeting.jpg": "a group of people riding horses down a forest", "10708-fullmoon.jpg": "a black and white photo of a large building with people on horses", "19233-soldier.jpg": "a woman sitting on the ground next to a purse", "16156-chris17.jpg": "a group of people standing next to each other", "19281-self_por.jpg": "a man standing next to a wooden chair", "44651-dachstei.jpg": "a mountain range with a mountain in the background", "36320-cecilia.jpg": "a woman is holding a surfboard in her hand", "33641-24sp1669.jpg": "a man wearing a hat and a hat", "14212-rossau2.jpg": "a group of people in a pool with a statue", "23343-07ponte2.jpg": "a little boy that is laying in a chair", "42284-0702vela.jpg": "a man sitting on top of a pile of snow", "05372-bouquet2.jpg": "a vase filled with flowers sitting on a table", "07706-3presen1.jpg": "a group of people standing in front of a building", "09929-battlecm.jpg": "a group of people riding on the backs of horses", "42077-portgirl.jpg": "a statue of a man in a blue dress and a blue shirt", "00523-1north.jpg": "a large building with many people in it", "38214-testamen.jpg": "a herd of cattle grazing on a lush green field", "19926-11butts2.jpg": "a man wearing a hat and a hat", "14729-ceiling.jpg": "a painting of a painting on the side of a train", "23065-60procul.jpg": "a statue of a man standing next to a clock", "03729-lastjudg.jpg": "a group of people standing next to a statue", "36651-recepti1.jpg": "a man sitting on the ground next to a man", "44435-tributem.jpg": "a group of people standing next to each other", "24091-6madonna.jpg": "a woman sitting in a chair holding a teddy bear", "10323-09elect4.jpg": "a man wearing a hat with a hat on", "11700-5predel3.jpg": "a woman standing in front of a building holding a bird", "23159-madchild.jpg": "a black and white photo of a woman holding a clock", "06148-sinibald.jpg": "a couple of animals that are standing in the dirt", "31221-10parto.jpg": "a group of people standing next to each other", "11914-coronati.jpg": "a painting of a woman and a woman", "29523-blowing.jpg": "a black and white photo of a little girl in a mirror", "16465-1crucifi.jpg": "a picture of a woman in the dark", "19749-hamlet.jpg": "a large body of water surrounded by trees", "29478-river_la.jpg": "a view of a large body of water", "12441-bosphoru.jpg": "a group of boats that are sitting in the water", "14512-lazar.jpg": "a group of people standing in a room", "39970-10early.jpg": "a man is sitting on a rock in the snow", "36592-youth.jpg": "a picture of a man and a baby", "14557-05nighto.jpg": "a brown bear standing next to a woman", "00512-brothel.jpg": "a group of people standing in a room", "19351-russian.jpg": "a living room filled with furniture and a painting", "15570-3annunci.jpg": "a couple of women standing next to each other", "20359-05ingres.jpg": "a person laying on a bed with a pair of scissors", "28905-incontri.jpg": "a large building with statues and a statue", "18053-06scene.jpg": "a group of people standing next to each other", "36718-birds1.jpg": "a couple of birds standing on top of a rock", "08654-071violi.jpg": "an older woman holding a pair of scissors", "17265-auvers25.jpg": "a man in a blue and white striped shirt", "43447-visit1.jpg": "a sailboat in the middle of a body of water", "16439-franc11.jpg": "a group of men standing next to a building", "22363-1queens.jpg": "a black and white photo of a woman standing next to a bed", "38245-st_paul.jpg": "a man is holding a pair of scissors", "16483-40maesta.jpg": "a painting of a woman standing next to a statue", "30473-butcher.jpg": "a group of people sitting around a table", "05833-passion.jpg": "a group of people standing in front of a mirror", "39123-minuet.jpg": "a group of people standing in front of a statue", "06751-coronati.jpg": "a couple of women standing next to each other", "04864-4boilly.jpg": "a group of people standing around a building with a dog", "12473-02father.jpg": "a close up of a person holding a cell phone", "23979-sanluca2.jpg": "a picture of a man and a painting", "17914-pelkus.jpg": "a large building with a castle in the background", "28840-fresco1.jpg": "a large room with a stone clock and statues", "10077-05altar.jpg": "a group of people standing next to each other", "24542-13olona.jpg": "a statue of a man standing next to a building", "42650-35seat.jpg": "a woman is standing in a room with a bag", "22480-06virgin.jpg": "a group of people sitting on top of a building", "00171-9th_wave.jpg": "a boat that is floating in the water", "13317-17carnat.jpg": "a man is holding a flower in his hand", "33889-04noremb.jpg": "a close up of a man wearing a hat", "41984-cheats.jpg": "a group of people sitting around a table", "29189-stillif4.jpg": "a table topped with a clock and other items", "30066-3wolfgaa.jpg": "a picture of a room with people on it", "22602-8barbad1.jpg": "a group of people standing next to each other", "31959-02madonx.jpg": "a woman holding a baby and a baby", "35845-drawinge.jpg": "a group of people standing next to a building with horses", "29767-l_byron.jpg": "a man laying on a bed in a room", "14339-noli_me.jpg": "a couple of people standing next to each other", "42945-2ceilin3.jpg": "a group of people riding on the backs of horses", "35937-2bavo3.jpg": "a large church with a large white building", "03518-selfport.jpg": "a woman sitting in a room with a teddy bear", "31782-studio1.jpg": "a group of people sitting around a living room", "29936-alchemis.jpg": "a dog sitting in the middle of a room", "26554-01_3ce1.jpg": "an old photo of a woman sitting on a horse", "27154-pompe.jpg": "a group of people riding on the backs of horses", "19993-1corn.jpg": "a woman and child are sitting on a bed", "35258-6portrai.jpg": "a man wearing a hat with a hat", "43707-confisca.jpg": "a group of people standing outside of a building", "43477-mancini2.jpg": "a woman in a dress holding a black tie", "36132-stillife.jpg": "a bunch of fruit sitting on top of a table", "15483-0chapel.jpg": "a large building with statues and statues in it", "44069-2croy1.jpg": "a couple of people standing next to each other", "21972-5leda.jpg": "a woman standing next to a baby elephant", "33511-16portra.jpg": "a person wearing a hat with a hat on", "38746-venus_ad.jpg": "a group of people laying down on the ground", "22964-31fconce.jpg": "a group of people standing in a room", "13997-judith.jpg": "a couple of women standing next to each other", "38390-selfport.jpg": "a man in a black jacket holding a glass", "32901-3libera.jpg": "a group of people sitting around a building", "20864-nautiluz.jpg": "a painting of a person sitting on a table", "44148-geesduck.jpg": "a flock of ducks that are standing in the water", "35697-village.jpg": "a view of a mountain with a sky background", "11485-portlord.jpg": "a woman is standing next to a wall", "00933-32corona.jpg": "a group of people standing next to each other", "10233-1venus06.jpg": "a woman standing in front of a tree", "18174-inviting.jpg": "a couple of women sitting on top of a couch", "09394-4decolla.jpg": "a group of people standing next to each other", "10528-virgin.jpg": "a woman and a woman sitting on a couch", "39069-5tasso5.jpg": "a painting of a woman standing next to a painting", "17922-two_oaks.jpg": "a couple of people standing next to a tree", "19443-still_lo.jpg": "a table topped with bowls of fruit and fruit", "31004-isaac.jpg": "a woman laying next to a woman and a dog", "36591-triumph.jpg": "a picture of a building with people and horses", "20079-01hooch.jpg": "a man in a costume sitting on a horse", "37641-tobit.jpg": "a group of people sitting on top of a bed", "32272-01euchar.jpg": "a group of people standing in front of a building", "22444-scenebat.jpg": "a group of people riding on the backs of elephants", "31390-holyfami.jpg": "a woman sitting on a bed next to a man", "17906-dunes.jpg": "a group of people standing around a dirt road", "09600-adoratio.jpg": "a man sitting on a bed looking at his phone", "30214-2passove.jpg": "a group of people in a crowd of people", "10182-3samson.jpg": "a person sitting on a couch with a dog", "34049-2renoi29.jpg": "a woman sitting on a bed with two dogs", "38373-landscap.jpg": "a group of people sitting on top of a rock", "32251-03baptis.jpg": "a large group of people are sitting on horses", "13379-l5pilgr.jpg": "a man standing next to a group of people", "10149-44religi.jpg": "a group of people standing next to each other", "05102-birth_vi.jpg": "a group of people are sitting in a room", "15991-55border.jpg": "a statue of a man sitting on a horse", "01028-selfport.jpg": "a man is holding a book in his hand", "13663-scourgin.jpg": "a group of people standing next to each other", "03380-agliard3.jpg": "a group of people sitting around a table", "23428-031port.jpg": "a bunch of boats that are floating in the water", "41993-fortunet.jpg": "a couple of women standing next to each other", "20302-stillife.jpg": "a painting of a woman wearing a red tie", "44101-3catheri.jpg": "a close up of a person wearing a neck tie", "29524-cardpart.jpg": "a group of women sitting next to each other", "35339-marshlan.jpg": "a herd of cattle standing on top of a lush green field", "37132-63sebast.jpg": "a group of men standing in front of a statue", "14541-samsonde.jpg": "a couple of people that are in a room", "07581-50franci.jpg": "a woman is laying down in a suitcase", "08028-campanin.jpg": "a black and white photo of a woman in a dress", "00689-virgin_c.jpg": "a statue of a woman and a clock", "35732-torrent.jpg": "a mountain with a mountain in the background", "13640-17ferenc.jpg": "a couple of people that are standing next to a table", "17959-02annunc.jpg": "a painting of a woman in a dress", "06608-stmartin.jpg": "a large group of people standing in front of a church", "36289-holyfami.jpg": "a group of people playing a game with a ball", "28379-boy_head.jpg": "a man with a beard and a beard", "04698-05devil.jpg": "a group of people sitting on top of a rocky cliff", "14622-0view.jpg": "a large building with a clock on top of it", "25302-venus_cu.jpg": "a woman laying on a bed with a dog", "24273-life4.jpg": "a group of women sitting next to each other", "02843-winters.jpg": "a group of people walking on a beach", "18491-study.jpg": "a close up of a person in a room", "18724-guard104.jpg": "a crowd of people standing in front of a large building", "39876-2orienta.jpg": "a couple of women standing next to each other", "00251-visitat3.jpg": "a group of women standing next to each other", "39020-4americ1.jpg": "a group of people riding on top of horses", "42849-12deadch.jpg": "a couple of people that are standing next to each other", "38412-playdice.jpg": "a group of women sitting next to each other", "22522-visit.jpg": "a woman standing in front of a wall holding a frisbee", "11683-birthbap.jpg": "a group of people sitting in front of a fireplace", "38513-imaginar.jpg": "a large stone building with a large ornate clock", "14122-heidelbe.jpg": "a scenic view of a scenic view of a train station", "44785-nazareth.jpg": "a man sitting on a bed talking on a cell phone", "19746-alley.jpg": "a dirt road next to a dirt road", "21258-girlgarl.jpg": "a woman sitting next to a mirror with a cat", "37673-basket.jpg": "a bunch of fruit on a wooden table", "33970-cleopat2.jpg": "a man sitting in a bed with a blanket", "13341-u3virgi.jpg": "a woman standing in front of a painting holding a knife", "19894-9morette.jpg": "a man wearing a hat and a black outfit", "34358-giudecc.jpg": "a group of people on a boat in the water", "36440-mountain.jpg": "a mountain with a mountain in the background", "28372-stillif2.jpg": "a bunch of fruits and vegetables on a table", "35555-05sciopp.jpg": "a man in a leather jacket sitting on a couch", "26358-visit.jpg": "a man and a woman sitting on a couch", "06897-stanthon.jpg": "a group of people sitting next to each other", "10759-compton.jpg": "a woman in a dress and a dress", "16361-14figure.jpg": "a picture of a man and a woman", "19885-3carew.jpg": "a statue of a man holding a baseball bat", "30323-viewquir.jpg": "a large building with a lot of horses on it", "36011-orator08.jpg": "a large group of people in a room", "43153-mars_ven.jpg": "a couple of men standing next to each other", "05275-2mankind.jpg": "a statue of a woman sitting on a horse", "16562-pieta.jpg": "a man and a woman standing next to a clock", "04200-flowers.jpg": "a couple of vases with flowers in them", "12550-6martyr.jpg": "a group of people standing next to each other", "09897-courb402.jpg": "a large body of water with a mountain in the background", "30315-roma_ant.jpg": "a large building with statues and statues in it", "12988-lorraine.jpg": "a woman in a black dress holding a <unk>", "27171-i_landsc.jpg": "a small child standing in front of a fountain", "37365-louveci2.jpg": "a man is standing in front of a church", "10480-singer.jpg": "a group of people standing next to each other", "17198-cypres09.jpg": "a painting of a man standing in front of a painting", "28766-5gresham.jpg": "a man wearing a hat is sitting in a chair", "08108-driving.jpg": "a woman and a child sitting on a bench", "21439-mangot.jpg": "a close up of a person with a hat", "42212-0111vela.jpg": "a picture of a man holding a baseball bat", "13328-252tript.jpg": "a picture of a woman standing next to a mirror", "23767-virgin_c.jpg": "a group of people sitting in a room", "08969-stillmus.jpg": "a wooden table topped with plates of food", "07401-jerome.jpg": "a man holding a dog in front of a dog", "21703-4figures.jpg": "a black and white photo of a man and a woman", "30510-charon.jpg": "a person on a boat in the water", "22974-leszczyn.jpg": "a woman in a dress is standing next to a dog", "43208-langlois.jpg": "a man in a red jacket and a woman in a red jacket", "37012-concarn2.jpg": "a large body of water sitting next to a field", "44363-horsefai.jpg": "a group of people riding horses in a field", "19632-emmaus.jpg": "a group of people sitting around a table", "25902-st_fruit.jpg": "a bunch of fruit sitting on a table", "26387-1selfpor.jpg": "a man with a beard and a beard", "09054-midas.jpg": "a group of people standing on a beach", "43844-hunt4.jpg": "a statue of a man standing next to a tree", "39735-02tityus.jpg": "a couple of dogs that are laying down", "20695-ladyblac.jpg": "a woman is sitting on the floor with her legs crossed", "42559-08offic.jpg": "a woman sitting in front of a window", "29227-12nunzia.jpg": "a black and white photo of a woman in a dress", "42628-29geogr.jpg": "a person in a room with a bed", "33001-02farnes.jpg": "a large building with a clock on the wall", "12367-2healing.jpg": "a group of people standing around each other"}