{"15262-100geric.jpg": "a couple of horses standing next to each other", "23362-02wing1.jpg": "a statue of a man in a dress", "30728-coudray.jpg": "a man in a blue shirt is sitting down", "19644-feeding.jpg": "a herd of horses standing on top of a grass covered field", "14603-vaseflow.jpg": "a black vase filled with lots of flowers", "16851-crucifi2.jpg": "a statue of a man standing next to a statue", "22940-07toothp.jpg": "a group of people standing in front of a building", "09909-courb4121.jpg": "a yellow fire hydrant sitting next to a forest", "03808-068pieta.jpg": "a couple of people that are sitting down", "11256-103delac.jpg": "a couple of people standing next to each other", "11134-early25.jpg": "a woman standing next to a chair in a room", "41286-02trinit.jpg": "a man and a woman standing next to each other", "23171-09monaco.jpg": "a black and white photo of a man and a woman", "36125-infantas.jpg": "a woman standing next to a woman in a dress", "18731-guard197.jpg": "a group of people standing in front of a building", "09812-carpente.jpg": "a woman standing in front of a wall", "38661-memorial.jpg": "a woman in a yellow coat standing next to a tree", "19053-sea_bay.jpg": "a person standing on top of a rocky hillside", "35269-4risen.jpg": "a group of people standing next to each other", "12354-h_landsc.jpg": "a group of people standing on top of a dirt field", "19680-townhall.jpg": "an old church with a castle in the background", "26659-03_1si2.jpg": "a woman sitting on a bench reading a book", "14047-miracle.jpg": "a group of people standing in front of a building", "03343-abraham.jpg": "a couple of men standing next to each other", "03842-134frar.jpg": "a building with statues and statues on it", "25039-venustoi.jpg": "a couple of people sitting next to each other", "20588-scaldis.jpg": "a man laying on a bed next to a man", "42189-lastsupp.jpg": "a group of people sitting around a building", "24717-panel2.jpg": "a couple of women standing next to each other", "23472-natoir.jpg": "an older woman is holding a bottle of wine", "05377-flowers.jpg": "a vase filled with flowers on top of a table", "24464-pisa_pr1.jpg": "a group of people standing around a group of horses", "42580-13view.jpg": "people are standing on the beach in front of a castle", "17161-portra13.jpg": "a painting of a woman holding an apple", "17095-1arles07.jpg": "a painting of a <unk> in the middle of a field", "00019-abbati2.jpg": "a park with trees and trees in the background", "14588-duckhens.jpg": "a group of animals that are in the water", "24960-cassone1.jpg": "a herd of sheep standing on top of a lush green field", "15346-missal.jpg": "a clock display on the wall of a museum", "27098-greengro.jpg": "a couple of people that are sitting down", "41403-14ufres3.jpg": "a statue of a man and a statue of a man", "12081-flowers.jpg": "a painting of a christmas tree in a room", "05252-08jerome.jpg": "a statue of a man sitting on top of an elephant", "00571-polyptyx.jpg": "a statue of a man standing next to a statue", "32464-baglioni.jpg": "a man holding a child and a child", "38663-portrai1.jpg": "a picture of a woman standing in front of a mirror", "31066-2august3.jpg": "an old man in a red robe with a <unk>", "15654-dead_chr.jpg": "a painting of a woman sitting next to a woman", "35330-viewfort.jpg": "a view of a river with a person walking on it", "31141-7find01.jpg": "a group of people standing next to a building", "10192-adamev03.jpg": "a woman in a dress is holding two dogs", "31423-01basle1.jpg": "a group of people standing around with horses", "07250-canal619.jpg": "a body of water filled with lots of boats", "07922-mystic_m.jpg": "a group of children sitting on a couch", "14979-tahiti25.jpg": "a painting of a woman in a dress", "28371-stillif1.jpg": "a wooden bowl filled with apples and apples", "36953-models3.jpg": "a statue of a man standing next to a statue", "08608-echevins.jpg": "a group of people standing around each other", "42828-03zulian.jpg": "a group of people that are sitting on a couch", "19227-85regen.jpg": "a group of people standing around each other", "00454-franz_1.jpg": "a statue of a man sitting on top of a bed", "05976-parforce.jpg": "a group of people riding on the backs of horses", "23285-01barto.jpg": "a group of people standing next to each other", "33634-20sp1661.jpg": "an old photo of a man sitting on a bench", "23748-moses.jpg": "a group of people standing around a group of people", "33418-62newtes.jpg": "a black and white photo of a woman in a dark room", "40280-holyfami.jpg": "a man holding a baby and a baby", "37926-the_meal.jpg": "a group of people sitting around a wooden table", "15989-53border.jpg": "a statue of a man that is sitting on a horse", "05582-44zenobi.jpg": "a group of people standing in front of a building", "22752-hackert.jpg": "a woman in a blue jacket holding a purse", "35462-01mythol.jpg": "a large group of people standing next to each other", "23342-07ponte1.jpg": "a woman is taking a picture of a cat", "36056-christ.jpg": "a man in a brown shirt and glasses on a couch", "12527-02speyer.jpg": "a close up of a person wearing a tie", "28843-holy_fam.jpg": "a man reading a book on a boat", "35117-pythagor.jpg": "a group of people sitting on a small boat", "18238-0508grec.jpg": "a clock on the side of a building", "42994-8venus_m.jpg": "a man and a woman sitting on a bench", "36867-pentapt3.jpg": "a statue of a man holding a book", "25344-adoratio.jpg": "a group of people in a room with a dog", "03373-man_cap.jpg": "a man wearing a hat and a hat", "12403-monochro.jpg": "a painting of a man sitting on a window sill", "18389-1802grec.jpg": "a person in a backpack with a backpack", "41953-regents.jpg": "a group of people sitting around a table", "20193-nieuwe5.jpg": "a group of people standing in front of a building", "12978-genoese1.jpg": "a man with a beard is holding a tie", "10409-15lastsu.jpg": "a group of people standing in front of a building", "09603-francesc.jpg": "a group of people standing in front of a statue", "14244-2biccher.jpg": "a painting of a building with a painting on it", "38826-venusado.jpg": "a group of people with dogs in a room", "39606-32mark.jpg": "a man with his head in a mirror", "14752-stillife.jpg": "a bunch of fruits and vegetables on a table", "20710-s_august.jpg": "a statue of a man sitting on a bench", "40041-cabare07.jpg": "a statue of a man on a wall next to a painting", "23112-10carme1.jpg": "a large brick building with a painting on the wall", "44100-2joseph.jpg": "a man standing in front of a tall building", "40016-3bed2.jpg": "a young man sleeping in a large stone enclosure", "39792-16farnes.jpg": "a man wearing a red shirt and a tie", "22162-chateau.jpg": "a large stone structure with a stone wall", "04134-damsquar.jpg": "a large building with people walking around it", "06893-gunpowde.jpg": "an old fashioned clock is on display in a museum", "32341-09ignazi.jpg": "a group of people sitting on top of a statue", "13688-assumpti.jpg": "a statue of a man standing next to a woman", "38904-00bagli2.jpg": "a picture of a dog and a dog", "18288-1003grec.jpg": "a couple of men sitting next to each other", "26248-magdalen.jpg": "a woman laying on the ground in front of a tree", "32073-madonna.jpg": "a group of women standing next to each other", "39187-glass.jpg": "a statue of a dog sitting on a wall", "26517-0doniton.jpg": "a group of people sitting on a table", "14974-tahiti20.jpg": "a group of people sitting around a bench", "41880-vendra03.jpg": "a statue in front of a large building", "19241-flore.jpg": "a woman sitting next to a woman in a dress", "38294-families.jpg": "a group of people riding on the backs of horses", "31937-02sacra.jpg": "a group of people standing next to each other", "40062-4late1.jpg": "a statue of a man sitting next to a woman", "24260-salome.jpg": "a woman holding a dog in her lap", "17444-crucifix.jpg": "a group of people standing around a statue", "40888-10witch.jpg": "a statue of a woman in a dress", "19567-portlady.jpg": "a woman sitting on a bench in a room", "18956-13altar.jpg": "a painting of a painting on a wall", "07882-3camerin.jpg": "a picture of a woman in a room", "18084-4bartolu.jpg": "a man in a blue shirt holding a book", "07694-virgin_c.jpg": "a group of people standing around a wall", "37538-scene06.jpg": "a large clock mounted to the side of a building", "22415-1board.jpg": "a wooden fence with a window and a wooden frame", "15649-suardo.jpg": "a man sitting in a chair next to a woman", "00772-1annunc.jpg": "a window that has a painting on it", "38408-drawingc.jpg": "a large group of people sitting around a table", "28656-5cathed1.jpg": "a picture of a large rock in the dark", "39354-10isaac.jpg": "a man is laying on the ground with a dog", "06953-nocturna.jpg": "a large building with a dragon in the background", "17248-auvers08.jpg": "a painting of a painting of a man and a painting", "36947-jatte4.jpg": "a man standing in front of a wall holding a stick", "16365-trompe.jpg": "a large clock mounted to the side of a window", "31469-virgin_c.jpg": "an old photo of a woman and a child", "07285-canal812.jpg": "a man standing next to a stone structure", "09682-5apollo1.jpg": "a group of people standing next to each other", "03835-101giob.jpg": "a group of people standing in front of a building", "41294-10ladisl.jpg": "a statue of a man sitting on a horse", "21625-charlott.jpg": "a black and white photo of a woman in a dress", "23774-goldweig.jpg": "a living room filled with furniture and a table", "09800-portlady.jpg": "a woman with a handbag and a dog", "24398-assumpt.jpg": "a statue of a man standing next to a clock", "31002-guardian.jpg": "a group of people standing next to each other", "00879-40west.jpg": "a group of people standing next to each other", "04784-peasants.jpg": "a woman riding on the backs of horses", "42903-2loggia4.jpg": "a statue of a baseball player with a hat on", "32765-04oddi1.jpg": "a woman sitting on the ground in front of a building", "25181-virgin.jpg": "a woman sitting in front of a mirror holding a baby", "12385-wmilking.jpg": "a woman standing next to a group of cows", "04709-baptism.jpg": "a group of people standing next to a statue", "26617-05_5nw.jpg": "a brown and white dog laying on a chair", "23101-apse.jpg": "a very large building with a large glass window", "34306-maruce06.jpg": "a stuffed animal that is sitting on a bed", "10229-1venus03a.jpg": "a picture of a woman in a mirror", "33032-08ezekie.jpg": "a group of people that are in the snow", "29959-farminte.jpg": "a black and white photo of a group of horses", "35399-07desce2.jpg": "a group of people standing around a brick oven", "21424-birdcage.jpg": "a group of people sitting in a forest", "09361-dedham1.jpg": "a man is riding on the back of a horse drawn carriage", "36936-siege2.jpg": "a bunch of boats that are sitting in the water", "43874-haarlem.jpg": "a large body of water next to a river", "17805-709goya.jpg": "a woman in a black hat holding a banana", "16912-donor_s.jpg": "a close up of a person wearing a red tie", "03679-family.jpg": "a group of people sitting around each other", "28787-virgin_c.jpg": "a woman sitting on a couch holding a baby", "15323-cortona4.jpg": "a statue of a person sitting on a bench", "07193-canal309.jpg": "a large building with people walking around it", "38989-09labia.jpg": "a group of people sitting in front of a church", "35619-03lionhu.jpg": "a group of people that are playing with animals", "03747-mocenigo.jpg": "a man with a hat on his head", "33910-25noremb.jpg": "a man wearing a hat and a hat", "42336-pastoral.jpg": "a couple of animals that are standing in the grass", "30569-viewcoas.jpg": "a group of people on boats in the water", "09130-ashley.jpg": "a couple of people standing next to each other", "39043-2homer6.jpg": "a woman is playing with a stuffed animal", "24732-crucifix.jpg": "a statue of a man standing next to a statue", "24186-sleep.jpg": "a group of people laying on a bed", "03806-068pesa1.jpg": "a picture of a painting on the wall", "32407-portram.jpg": "a woman with long hair holding a <unk>", "14363-marriage.jpg": "a group of people standing around a table", "07731-ladycamp.jpg": "a man sitting on a wooden floor next to a wall", "15840-gennaro.jpg": "a large group of people on a beach", "03285-stabbot.jpg": "a man is standing next to a painting on a wall", "35488-25mythol.jpg": "a group of people sitting next to each other", "15315-queen_el.jpg": "a painting of a woman in a dress", "36362-spaniel.jpg": "a brown and white dog sitting next to a tree", "05180-cornar06.jpg": "a group of people standing around a fire hydrant", "38958-04banque.jpg": "a group of people sitting on top of a table", "07283-canal810.jpg": "a large clock tower in a body of water", "36418-farmstil.jpg": "a group of people standing around a table filled with food", "06600-5sense62.jpg": "a group of people sitting around a table with food", "06305-england.jpg": "a couple of people that are in a boat", "22759-apollo.jpg": "a statue of a man standing next to a dog", "08857-09madons.jpg": "a group of people standing next to each other", "09763-2april.jpg": "a large building with statues and statues on it", "32511-coronat.jpg": "a large group of people standing around a wall", "04395-montefel.jpg": "a statue of a man holding a red skateboard", "15578-7vault4.jpg": "a statue of a man sitting on top of a chair", "39340-003inter.jpg": "a large building with a lot of lights on it", "14659-09baronc.jpg": "a group of people standing in front of a building", "32637-barge.jpg": "a couple of boats that are sitting in the water", "04165-1pallav2.jpg": "a bunch of pictures hanging on a wall", "15727-leda.jpg": "a woman holding a baby on a beach", "22422-5altar2.jpg": "a clock mounted to the side of a building", "34642-roman2.jpg": "a group of people sitting on top of a waterfall", "42923-5allego3.jpg": "a man sitting on a bench next to a dog", "10667-coronat2.jpg": "a statue of a man standing next to a statue", "36589-salver1.jpg": "a group of people standing in front of a clock tower", "23691-1adorati.jpg": "a group of people sitting in a room", "01022-minerva.jpg": "a man in a jacket and tie looking at the camera", "43420-triptych.jpg": "an ornate building with a clock and a statue", "12054-selfpor.jpg": "a man in a black jacket and a black hat", "14936-6pould06.jpg": "a painting of a man standing next to a man", "33601-06group.jpg": "a group of people standing in front of a building", "23376-13venus.jpg": "a man and a woman sitting on a bed", "09548-corot04.jpg": "a large castle in the middle of a city", "39285-7tesorie.jpg": "a group of people standing next to each other", "16072-joachi2.jpg": "a group of people standing next to each other", "44571-16monza.jpg": "a group of people standing next to each other", "02511-7elem4.jpg": "a close up of a bird on the ground", "15186-jaelsise.jpg": "a couple of people that are laying down", "26571-04_3ce4d.jpg": "a couple of men standing next to each other", "00820-panel1.jpg": "a woman standing in a room with a book", "26194-eroticsc.jpg": "a painting of a woman standing next to a painting", "16895-candle.jpg": "a woman with a hat and a hat", "29197-07munkac.jpg": "a couple of horses that are standing in the grass", "11996-aeneas.jpg": "a group of people standing on top of a boat", "12974-faille.jpg": "a man sitting in a chair in a dark room", "14164-014confe.jpg": "a couple of people standing next to a statue", "02908-venus_ad.jpg": "a couple of men sitting next to each other", "41651-twowings.jpg": "a group of people standing around a horse drawn carriage", "18065-10scene.jpg": "a group of people standing next to each other", "13022-stevens1.jpg": "a man wearing a black jacket and a black jacket", "36458-gastonfo.jpg": "a man in a leather jacket is standing in a room", "32074-piacenza.jpg": "a large gold and gold clock on a wall", "43978-1sevens.jpg": "a group of people standing next to each other", "18788-guard411.jpg": "a boat that is floating in the water", "43769-07cythe1.jpg": "a group of people standing on top of a hill", "08663-12s_pipe.jpg": "a couple of vases sitting on top of a table", "18876-hersilia.jpg": "a group of people standing next to each other", "22790-apostles.jpg": "a group of people standing next to each other", "19531-viewwien.jpg": "a group of people riding horses down a river", "13118-conversa.jpg": "a group of people standing around a table", "11503-roadwood.jpg": "a tree in a field with trees and trees", "42726-artist.jpg": "a group of people sitting in front of a building", "21153-assumpti.jpg": "a group of people standing around a wall", "25225-saint.jpg": "a man in a red shirt is holding a laptop", "33518-32portra.jpg": "a woman wearing a hat and a hat", "21481-coronati.jpg": "a group of people sitting on a bed with a dog", "09205-youngman.jpg": "a statue of a person sitting on a horse", "28425-winter_l.jpg": "a group of people walking around a village", "17271-auvers31.jpg": "a close up of a painting of a bed with yellow flowers", "24241-view.jpg": "a group of people standing next to a river", "17129-arles51.jpg": "a train with graffiti on the side of it", "00098-still_li.jpg": "a bunch of fruit sitting on top of a table", "12090-fortunet.jpg": "a group of people standing next to a building", "37693-portrai1.jpg": "a man in a suit sitting in a chair", "39304-06ceilin.jpg": "a couple of people that are laying down", "32269-21parnas.jpg": "a group of people in the middle of a river", "40860-03cruci.jpg": "a couple of people standing next to each other", "13775-melanchx.jpg": "a woman standing next to a dog in a room", "35965-the_duet.jpg": "a couple of people standing next to each other", "07418-annuncia.jpg": "a woman is standing in front of a painting", "19131-29vanita.jpg": "a woman is laying on a couch with a toy", "19085-04morsch.jpg": "a man in a black jacket and a tie", "16174-00view.jpg": "a building with a painting on the wall", "35252-4angel.jpg": "a close up of a person with a umbrella", "36024-descent.jpg": "a group of people standing next to each other", "35433-58religi.jpg": "a group of people that are sitting on a couch", "29151-holyfami.jpg": "a woman sitting on a couch with a dog", "44754-agatha.jpg": "a woman standing in front of a wall", "33517-31portra.jpg": "a couple of men sitting next to each other", "30535-fetegal2.jpg": "a group of people sitting on top of a sandy beach", "42738-mazeppa1.jpg": "a woman is riding on the back of an elephant", "39158-02valmar1.jpg": "a group of people standing next to a building", "04567-family.jpg": "a group of people sitting around a dog", "10423-23adult.jpg": "a group of people standing next to each other", "12575-1lucrezi.jpg": "a statue of a man in a dress", "31514-stgeorg1.jpg": "a large stone wall with a stone wall and a bridge", "28644-3poplar1.jpg": "a painting of a tree in a field", "07728-stillif1.jpg": "a black and white photo of a cat on the ground", "32737-young_gi.jpg": "a little girl that is sitting in a chair", "43398-formosa.jpg": "a painting of a man standing in front of a building", "13917-hopecome.jpg": "a black and white photo of a woman reading a book", "37626-cassino1.jpg": "a group of people standing around a group of elephants", "29741-saints4.jpg": "a woman standing in front of a mirror with a clock", "19862-2guildf2.jpg": "a woman dressed in a costume holding a hat", "12374-cowsheep.jpg": "a herd of cattle laying on top of a grass covered field", "33391-13newtes.jpg": "a group of people standing next to each other", "44519-abraham.jpg": "a group of people that are sitting on a couch", "42174-foundin.jpg": "a large building with a large clock on it", "03480-jerome01.jpg": "a statue of a woman sitting next to a horse", "41985-company1.jpg": "a group of people riding on the backs of horses", "24415-battle2.jpg": "a group of people standing around a group of horses", "08540-2still5.jpg": "a couple of plates of food sitting on a table", "19244-stillif3.jpg": "a vase of flowers sitting on a table", "34179-st_john.jpg": "a close up of a person wearing a red jacket", "04727-osteria.jpg": "a group of people sitting around a table", "38374-perseus.jpg": "a group of people standing next to each other", "42927-5wall2.jpg": "a large painting of a painting on a wall", "39462-02esther.jpg": "a group of people riding on the backs of horses", "18759-guard301.jpg": "a group of people standing next to a body of water", "32687-youngboy.jpg": "a woman with a dog and a horse", "29765-chairman.jpg": "a man in a suit sitting next to a woman", "34074-3renoi21.jpg": "a little girl standing on top of a cement floor", "15467-3gigli.jpg": "a large ornate building with statues and statues", "44282-9rome4.jpg": "a group of people walking on a city street", "04775-landsca2.jpg": "a group of people sitting on the ground near a tree", "30415-virgin_a.jpg": "a group of people laying on top of a couch", "20551-landherd.jpg": "a herd of sheep walking across a grass covered field", "39614-4david.jpg": "a man laying on the bed with his dog", "26150-37nogr1.jpg": "a statue of a man on a horse", "30223-4ducale32.jpg": "a group of people riding on top of a horse", "38586-smokers.jpg": "a group of people sitting around a vase", "26079-24blessi.jpg": "a close up of a person holding a tie", "40761-05icon.jpg": "a painting of a painting on a wall", "23534-virgina.jpg": "a group of people standing next to each other", "38548-pius_8u.jpg": "a large building with a statue on top of it", "29752-lovelett.jpg": "a couple of women standing next to each other", "16347-virtu_5.jpg": "a woman standing in front of a door", "26364-corsini.jpg": "a large painting of a painting on a wall", "18461-broken_j.jpg": "a black and white photo of a woman in a dress", "34670-ruincapr.jpg": "a large stone building with a stone wall", "17479-4carond2.jpg": "a man sitting in front of a mirror", "43686-vuilla04.jpg": "a picture of a building with a painting on the wall", "36131-stillif_.jpg": "a bunch of carrots sitting on top of a table", "07650-sacr_con.jpg": "a group of people sitting on top of a mountain", "14984-1paris05.jpg": "a man wearing a hat and holding a hat", "07013-adorat1.jpg": "a group of people sitting next to each other", "04115-jupiter.jpg": "a woman sitting on the ground holding a cell phone", "26347-ladyseat.jpg": "a woman sitting at a table eating fruit", "27188-m_rosary.jpg": "a woman holding a baby and a baby", "43261-courtyar.jpg": "a group of people walking down a street", "10155-50relig1.jpg": "a picture of a woman and two dogs", "05246-02wayfar.jpg": "a woman standing next to a building with a dog", "02518-5librari.jpg": "a painting of a person with a hat on", "13084-bogaert.jpg": "a woman in a dress is standing next to a statue", "33886-01noremb.jpg": "a close up of a person wearing a hat", "40060-3messal2.jpg": "a man standing next to a woman in a costume", "24116-scene3.jpg": "a group of people standing next to each other", "33493-00portra.jpg": "a close up of a person wearing a hat", "44795-virginas.jpg": "a woman sitting on a bed with a book", "03995-bello3031.jpg": "a group of people standing in front of a building", "17749-401goya.jpg": "a woman is standing next to a statue", "33957-samson.jpg": "a shirtless man with a bag on his head", "13133-apollo_c.jpg": "a dog laying on the ground next to a tree", "20368-10ingres.jpg": "a group of people standing next to each other", "41513-grotesqu.jpg": "a painting of a woman sitting on top of a wall", "29464-int_cath.jpg": "a group of people standing outside of a building", "21739-palmist1.jpg": "a group of people sitting around a table", "18727-guard107.jpg": "a group of boats in a body of water", "04889-elijah.jpg": "a man and a woman sitting next to each other", "23355-15lucy.jpg": "a group of people standing next to a fireplace", "23500-falcon.jpg": "a dog laying on top of a stuffed animal", "19127-28boyflu.jpg": "a man is smiling while holding a book", "23636-stillife.jpg": "a table with a bowl and a bowl of fruit", "33444-08oldtes.jpg": "a group of people that are sitting on a couch", "14994-tahiti53.jpg": "a statue of a man sitting on top of a bed", "44463-road_fo.jpg": "a man standing next to a tree in a field", "37794-3east.jpg": "a large ornate clock on the side of a building", "00960-03prede3.jpg": "a group of people standing next to each other", "35607-09landsc.jpg": "a group of people riding horses in a field", "13029-abraham.jpg": "a couple of people standing next to each other", "06273-venus_cv.jpg": "a group of people sitting on a bed", "05114-studio.jpg": "a painting of a painting on a wall", "12248-verso02.jpg": "a group of people sitting around a building", "15452-1announ.jpg": "a group of people sitting around a living room", "19887-5born.jpg": "a man in a black jacket sitting in the dark", "17992-01chapel.jpg": "a room with a large ornate clock", "29866-virgin3.jpg": "a man and a child sitting next to each other", "28764-5cardina.jpg": "a man standing next to a brown dog", "42348-battlesc.jpg": "a group of men riding on the backs of horses", "01156-diptych.jpg": "a statue of a woman standing next to a statue", "32226-01bacchi.jpg": "a couple of people sitting next to each other", "44475-madonna.jpg": "a woman and two children sitting on a couch", "12589-1madpear.jpg": "a young girl holding a baby in her hands", "35529-01allego.jpg": "a group of people sitting on top of a couch", "42258-0503vela.jpg": "a woman sitting on a horse in front of a beach", "13617-3fenyes.jpg": "a red and white fire hydrant sitting next to a building", "04508-portrait.jpg": "a man in a red shirt is holding a tie", "32115-it_lands.jpg": "a herd of cattle walking across a dirt road", "16376-chris04.jpg": "a group of people standing in front of a wall", "02886-bernini.jpg": "a black and white photo of a woman in a dark room", "19070-garden_p.jpg": "a group of people sitting on a horse", "37544-scene13.jpg": "a group of people standing in front of a building", "33313-stilfish.jpg": "a couple of vases sitting on top of a table", "05183-cornar09.jpg": "a picture of a woman in a bikini", "00846-20_cruci.jpg": "a statue of a man holding onto a statue", "29448-gothic.jpg": "a large building with people standing outside of it", "04604-stillife.jpg": "a painting of flowers and a bird on a table", "30967-byron.jpg": "a woman wearing a scarf and a tie", "18717-guard095.jpg": "a group of people standing in front of a building", "20954-harbour.jpg": "there are many different things on the beach", "32129-cowsmead.jpg": "a group of cows that are standing in the grass", "14623-1south1.jpg": "a group of people standing in front of a building", "21786-banksein.jpg": "a train that is sitting in the water", "16645-creation.jpg": "a close up of a large round round clock", "03752-011madon.jpg": "a woman holding a baby in her arms", "10794-hautefor.jpg": "a woman standing next to a brown horse", "00652-joseph_1.jpg": "a group of people standing next to each other", "15238-6coronat.jpg": "a group of people standing in front of a building", "06291-drunken.jpg": "a group of men sitting on a bench", "07954-triptyc1.jpg": "a painting of a woman sitting on a clock", "23021-immacula.jpg": "a couple of women standing next to each other", "22416-2portrai.jpg": "a close up of a person wearing a tie", "14397-st_bruno.jpg": "a group of people sitting on a couch", "21150-waterfa.jpg": "a couple of people riding on the backs of horses", "22763-judith1.jpg": "a dog that is laying down on a blanket", "20862-nautilus.jpg": "a couple of glasses sitting on top of a table", "11679-6west.jpg": "a group of people sitting in a room", "23470-prince.jpg": "a man sitting on a chair in a living room", "06162-05brocky.jpg": "a woman posing for a picture in front of a mirror", "07808-1vision.jpg": "a statue of a man sitting in a room", "20744-satyrpea.jpg": "a group of people standing next to each other", "44072-3froimo1.jpg": "a woman sitting on a bed next to a baby", "03030-02altar1.jpg": "a group of people standing next to each other", "08720-kimono.jpg": "a man sitting in front of a pile of food", "09560-corot15.jpg": "a tree filled with lots of green trees", "24863-magdalen.jpg": "a man standing next to a man in a costume", "14709-06jcbach.jpg": "a man in a leather jacket holding a bag", "38167-birds.jpg": "a group of birds that are standing in the water", "08497-11early.jpg": "a group of people sitting on top of a boat", "17040-flower13.jpg": "a painting of a tree in the middle of a tree", "29616-virgin_c.jpg": "a group of people standing next to each other", "40926-01adorat.jpg": "a group of people riding on the backs of horses", "04703-10roof.jpg": "an old rusty boat sitting on the side of a road", "14318-holyfami.jpg": "a baby in a blue shirt holding a baby", "31283-visitat.jpg": "a group of people standing next to each other", "09827-portgent.jpg": "a man in a red jacket sitting in a chair", "28339-pitti1.jpg": "an old building with a fireplace and a table", "04178-still_li.jpg": "a glass of wine and a bowl of fruit", "07444-youngman.jpg": "a man sitting on a bed next to a man", "25234-stanczyk.jpg": "a man sitting on a chair in a room", "03932-madonnc.jpg": "a man in a red shirt sitting in a chair", "25967-03crabb0.jpg": "a couple of women standing next to each other", "18044-61angels.jpg": "a group of women standing next to each other", "37819-s_pontia.jpg": "a statue of a man standing next to a clock", "28652-4stacks4.jpg": "a large body of water with a mountain in the background", "29328-4nagybal.jpg": "a person with a hat and a dog", "21124-shipping.jpg": "a bunch of boats that are floating in the water", "13683-bayhunte.jpg": "a brown horse standing on top of a lush green field", "14377-genre_sc.jpg": "a group of people standing around a fireplace", "37484-stillife.jpg": "a painting of a basket filled with lots of flowers", "10473-sacrame4.jpg": "a man sitting on top of a stuffed animal", "38000-watchman.jpg": "a man sitting on a bench in a bathroom", "06330-16magpie.jpg": "a group of people sitting next to a forest", "20432-sorrows.jpg": "a statue of a man sitting next to a clock", "03471-rhenen.jpg": "a group of people walking through a church", "17496-05virgin.jpg": "a man sitting in a chair next to a baby", "05490-6predell.jpg": "a group of women sitting on top of a bed", "44041-2john.jpg": "a group of people standing next to each other", "29910-carousin.jpg": "a group of people standing next to each other", "32454-st_john2.jpg": "a group of people standing around a table", "04122-paulbarn.jpg": "a group of people standing next to a statue", "43580-2fortun2.jpg": "a group of people standing around each other", "33489-06histor.jpg": "a group of people standing around each other", "16781-1south2.jpg": "a group of people sitting on a couch", "10329-10duke1.jpg": "a man in a black shirt and a tie", "06084-scaling2.jpg": "a woman sitting at a table in a room", "02499-4seaso1.jpg": "a painting of a vase with flowers in it", "07888-bacchana.jpg": "a group of people standing around a fountain", "30908-griseld2.jpg": "a group of people standing around a building", "16094-mary04.jpg": "a group of people standing outside of a building", "20520-3r1_main.jpg": "a group of people standing in front of a building", "21305-08fortun.jpg": "a group of people standing around each other", "35461-01mytho.jpg": "a person laying on the floor with a cat", "32825-37entom4.jpg": "a statue of a woman standing next to a statue", "03146-pidgeon.jpg": "a woman in a white dress holding a stuffed animal", "18763-guard305.jpg": "a large stone building with a clock tower", "28428-winterl2.jpg": "a group of people standing around a fire hydrant", "44520-davidgol.jpg": "a man and a dog laying on a bed", "39574-11padua0.jpg": "a room with a painting on the wall", "19922-08steenw.jpg": "a man wearing a black hat and a black hat", "41336-04dipti2.jpg": "a statue of a man holding a large clock", "17000-nuenen15.jpg": "a teddy bear laying in a dark room", "30984-nailing.jpg": "a group of people that are sitting on a couch", "09674-2venere4.jpg": "a group of people standing next to a statue", "39973-13early.jpg": "a man that is sitting down with a dog", "11009-403david.jpg": "a man riding on the back of a horse", "40781-nativity.jpg": "a group of women sitting next to each other", "09526-magdalen.jpg": "a little girl sitting in front of a window holding a blender", "15194-minerva.jpg": "a woman sitting on top of a brown horse", "33959-sebasti2.jpg": "a man in a white shirt holding a pair of scissors", "29869-virtue1.jpg": "a picture of a group of people in a room", "44098-1magdale.jpg": "a woman in a green jacket is reading a newspaper", "37667-stilrose.jpg": "a bunch of flowers that are on a table", "06754-p_noblew.jpg": "a man wearing a white hat and a white hat", "10990-214david.jpg": "a group of people standing next to each other", "27128-hanging.jpg": "a bouquet of flowers in a flower arrangement", "34926-07gartem.jpg": "a wooden clock sitting on top of a wooden wall", "10413-17fall.jpg": "a man and a woman standing next to a tree", "34042-2renoi221.jpg": "a close up of a person wearing a tie", "00082-stiloyst.jpg": "a wooden table topped with plates of food", "14868-dukeyork.jpg": "a woman in a costume in a costume", "11316-504delac.jpg": "a couple of animals that are in the water", "36399-holyfami.jpg": "a group of people sitting on a couch", "26998-dispute.jpg": "a group of people standing next to each other", "17034-flower07.jpg": "a painting of colorful flowers in a vase"}