{"17753-405goya.jpg": "a man sitting on a chair reading a book", "35012-eccehomo.jpg": "a group of people standing next to each other", "32883-1tondo4.jpg": "a group of people sitting on top of a bed", "17061-paris11.jpg": "a person on a boat in the water", "15934-judith.jpg": "a woman in a red dress standing next to a tree", "19370-51hayez.jpg": "a group of people standing next to each other", "06850-merry_co.jpg": "a couple of women standing next to each other", "40906-03egypt.jpg": "a woman in a red dress holding a baby", "40773-14icon.jpg": "a wall with a bunch of people in it", "06194-saunders.jpg": "a man dressed in a suit and tie", "42799-2assump2.jpg": "a group of people sitting on top of a table", "03590-07ventur.jpg": "a group of people standing next to a painting", "10763-selfport.jpg": "a man in a red jacket looking at the camera", "03004-dianaact.jpg": "a group of men sitting on top of a bed", "37975-vanitas.jpg": "a wooden table with various items on it", "35247-1assumpt.jpg": "a group of people standing next to each other", "30844-sebasti2.jpg": "a statue of a shirtless man wearing a hat", "12042-drops_wo.jpg": "a group of people sitting in a room", "24934-luxembou.jpg": "a woman in a red dress holding a red frisbee", "17292-selfpo19.jpg": "a close up of a person with a dog", "34847-struyska.jpg": "a close up of a person looking at the camera", "05545-02lady.jpg": "a woman sitting in a chair in front of a door", "06323-09saulco.jpg": "a group of people riding horses down a mountain", "17783-602goya.jpg": "a picture of a boy wearing a tie", "17041-flower14.jpg": "a painting of a plant in the middle of a tree", "13357-u6play.jpg": "a person sitting in a chair with a dog", "28619-3etreta8.jpg": "a bunch of boats that are sitting in the water", "13325-24dipty2.jpg": "a statue of a woman standing in front of a door", "15593-10heaven.jpg": "a painting of a man and woman sitting on a table", "22584-4jerome.jpg": "a man standing on top of a couch with a dog", "30224-4ducale4.jpg": "a group of people standing next to each other", "21863-amorous.jpg": "a black and white photo of a woman and a woman", "37209-maesta_s.jpg": "a painting of a painting on a wall", "08441-portrai1.jpg": "a man in a white jacket and a banana peel", "10648-04csont.jpg": "a man with a beard is eating a meal", "13716-2assunt4.jpg": "a group of women standing next to each other", "35831-river_la.jpg": "a small boat in a body of water", "04798-mariaker.jpg": "a group of people riding horses down a street", "30683-garland.jpg": "a painting of a person holding a bunch of flowers", "09597-sanpaolp.jpg": "a table with a bunch of figurines on it", "16089-mary02.jpg": "a group of people standing in front of a church", "02956-soragna.jpg": "a large statue on a wall with statues", "34403-p_bossu.jpg": "a man with a beard and a tie", "08017-dukepast.jpg": "a woman standing next to a woman with a horse", "10604-negro_pa.jpg": "a man standing next to a group of horses", "33966-vatican.jpg": "a picture of a man sitting on top of a clock", "15176-virgin_c.jpg": "a couple of women standing next to each other", "08003-opizzoni.jpg": "a man wearing a suit and tie holding a pair of scissors", "40936-06saturn.jpg": "a couple of men that are sitting down", "00572-01crucif.jpg": "a statue of a man standing next to a statue", "17473-3malvag3.jpg": "an old photo of a woman sitting in a doorway", "35324-lion.jpg": "a bunch of flowers in a garden", "04503-arrest.jpg": "a group of people standing around a building", "02840-winter_s.jpg": "a group of people walking on a beach", "23498-vanitas2.jpg": "a picture of a woman sitting in a room", "34821-adoratio.jpg": "a group of people standing next to each other", "16564-predella.jpg": "a group of people standing next to each other", "09898-courb4021.jpg": "a dead animal laying down in the woods", "21493-andrea2.jpg": "an old clock sitting in the middle of a building", "08317-virgin_g.jpg": "a blue and white picture of a man and a woman", "23685-portrait.jpg": "a close up of a person wearing a costume", "07422-miracle.jpg": "a black and white photo of a man and a woman", "32473-holyfami.jpg": "a group of people sitting on a couch", "30523-temptati.jpg": "a group of people sitting on top of a lush green hillside", "42708-river_la.jpg": "a man standing on a boat in the water", "35856-tavern.jpg": "a group of horses and horses in front of a house", "22733-4corona0.jpg": "a painting of a man sitting on top of a blue boat", "30955-belisari.jpg": "a group of people sitting around a building", "43138-ferry_bo.jpg": "a group of people riding on the back of horses", "33564-093portr.jpg": "a man wearing a leather jacket and a tie", "06202-bia.jpg": "a little girl sitting on top of a chair", "32999-6logget3.jpg": "a painting of a giraffe and a deer head on a wall", "38968-111carmi.jpg": "a group of people that are on a rock", "18912-11aurora.jpg": "a painting of a man holding a kite", "07221-canal509.jpg": "a group of people standing next to a river", "11017-411david.jpg": "a group of people sitting on top of a bed", "17767-418goya.jpg": "a group of people standing next to each other", "30421-rocca4.jpg": "a bunch of animals that are on a wall", "27194-rhenish.jpg": "a large tree sitting in the middle of a field", "16373-chris01.jpg": "a painting on the side of a wall with a painting on it", "17197-cypres08.jpg": "a painting of a painting of a painting on a wall", "21208-banquet.jpg": "a couple of plates of food on a table", "23200-43monaco.jpg": "a group of people standing next to each other", "42435-scene1.jpg": "a black and white photo of a woman and a dog", "03895-185serm.jpg": "a crowd of people standing in front of a building", "10960-101david.jpg": "a man with a beard and a beard and a beard", "13297-port_man.jpg": "a man sitting in front of a wall with scissors", "29894-nativity.jpg": "a group of people standing next to each other", "27045-coffeeho.jpg": "a large building with a clock on top of it", "02776-bouquet.jpg": "a vase of flowers sitting on a table", "40762-06icon.jpg": "a building that has a painting on it", "18716-portego.jpg": "a room with a chandelier and a chandelier", "30215-3orio1.jpg": "a group of people standing next to each other", "42704-night.jpg": "a group of people standing in front of a boat", "01153-lamentat.jpg": "a group of people and a teddy bear", "11374-9delarod.jpg": "a picture of a dog in the water", "38984-05labia.jpg": "a large stone building with statues and statues", "10989-213david.jpg": "a man in a suit and tie looking at the camera", "34962-06german.jpg": "a wall with a painting on the wall", "11282-304delac.jpg": "a group of people laying on top of a bed", "44260-oudekerk.jpg": "a large building with people sitting around it", "41461-j_paris.jpg": "a group of people standing next to a painting", "30779-8study3.jpg": "a black and white picture of a tree in the snow", "09133-portlady.jpg": "a woman in a green jacket standing next to a river", "24902-01view.jpg": "a large stone building with a stone wall", "19082-03portwo.jpg": "a woman wearing a hat and holding a handbag", "43662-landsfig.jpg": "a person standing on a dirt road next to a forest", "00606-4esther.jpg": "a woman in a striped shirt sitting on a wall", "10778-portrait.jpg": "a man sitting in a chair reading a book", "31212-05julian.jpg": "a statue of a woman wearing a costume", "11620-erminia.jpg": "a group of people standing around a herd of sheep", "03963-bello103b.jpg": "a large body of water surrounded by buildings", "22500-5magi.jpg": "a large group of people standing around each other", "04025-3reading.jpg": "a man reading a book in a forest", "05891-triptych.jpg": "a painting on a wall with a painting on it", "37696-selling.jpg": "a group of people standing next to each other", "22984-boudaen.jpg": "a woman is sitting on a black purse", "24878-franc27.jpg": "a room that has a painting on it", "18275-0814grec.jpg": "a man standing next to a black horse", "28908-uriah2.jpg": "a group of people standing next to a building", "08542-3figure2.jpg": "a statue of a man standing next to a body of water", "35082-pastoral.jpg": "a group of animals that are on the ground", "04151-inte_bav.jpg": "a group of people standing in front of a building", "14132-01jerobo.jpg": "a group of people sitting in front of a building", "10972-113david.jpg": "a group of people sitting on top of a bed", "32975-08tenda.jpg": "a man and a woman laying next to each other", "21331-selfport.jpg": "a man in a blue shirt is holding a cigarette", "36462-matthew.jpg": "a man in a red jacket is sitting down", "33295-port_wom.jpg": "a man wearing a hat and a hat", "14995-tahiti54.jpg": "a person laying on a bed with a dog", "30138-guardror.jpg": "a group of people riding on the back of a building", "23175-13monaco.jpg": "a couple of people sitting on a horse", "39816-14venier.jpg": "a man wearing a hat and a tie", "32313-11annunc.jpg": "a couple of women standing next to each other", "41494-1view5.jpg": "an old building with a large stone building", "22198-stjerome.jpg": "a man sitting on a table talking on a cell phone", "16914-mary_tri.jpg": "a woman standing in front of a doorway holding a cigarette", "08020-lactans.jpg": "a man holding a baby and a baby", "05803-3entombm.jpg": "a group of people standing next to each other", "22212-lastjud1.jpg": "a group of people standing around a window", "04977-a_storm.jpg": "a couple of boats that are in the water", "24490-05bardi.jpg": "a group of people standing in front of a building", "30301-capricck.jpg": "a very tall clock tower in front of a castle", "28600-2vario06.jpg": "a painting of flowers in front of a wall", "07931-virgin.jpg": "a group of people sitting on top of a horse", "14087-pieta1.jpg": "a group of people sitting on top of a bed", "19789-eccehomo.jpg": "a group of men sitting next to each other", "41959-2allegor.jpg": "a dog laying in front of a large mirror", "05678-o_murph.jpg": "a woman laying in bed next to a woman", "43856-hound.jpg": "a dog laying on top of a stone floor", "19587-stjerome.jpg": "a man sitting on a couch with a hat on", "32216-21plague.jpg": "a group of people standing in front of a building", "37791-2north1.jpg": "a large group of statues in a room", "29149-woodland.jpg": "a herd of animals standing in a field", "09640-flowers3.jpg": "a bouquet of flowers sitting on a table", "23117-10madonn.jpg": "a statue of a man wearing a neck tie", "07149-homeric.jpg": "a large stone building with statues on the wall", "19890-8cromwel.jpg": "a woman sitting at a table with a book", "19480-lovesick.jpg": "a group of people standing next to a building", "21868-masters.jpg": "a young woman in a green dress and a coat", "39105-10pisan1.jpg": "a painting on the wall of a room", "36058-fates.jpg": "a man and a woman standing next to each other", "11538-laidtabl.jpg": "a table topped with plates and bowls of food", "24027-5deathv.jpg": "a group of people sitting around each other in a room", "17568-26portra.jpg": "a man wearing a hat and a tie", "31812-barn.jpg": "there is a dog that is standing in the dirt", "06249-holyfami.jpg": "a man and a child are sitting on a couch", "04173-3carrega.jpg": "a building with a painting on the wall", "30976-thepinch.jpg": "a statue of a man holding a piece of paper", "23131-2chapte7.jpg": "a close up of a large vase with a <unk> on it", "37229-00view3.jpg": "a large building with a painting on it", "15538-5magi.jpg": "a painting of a painting in a room", "20266-turkish.jpg": "a group of people standing around a mirror", "39388-00view.jpg": "the inside of a church with a large building", "09188-nativit.jpg": "a group of people standing in a stone building", "15279-108geric.jpg": "a man wearing a hat and a hat", "23067-8baptist.jpg": "a woman standing next to a wall holding a sign", "09346-holyfami.jpg": "a man and a woman sitting on a couch", "34842-traveler.jpg": "a view of a mountain with a mountain in the background", "19882-2gisze.jpg": "a man in a hat is sitting at a table", "17192-cypres03.jpg": "a large green plant sitting in the middle of a field", "44233-amersfoo.jpg": "a black and white photo of a horse drawn carriage", "26326-harbour.jpg": "a large body of water next to a body of water", "33500-06portrb.jpg": "a man wearing a hat and a hat", "28407-family_m.jpg": "a black and white photo of a group of people", "30525-chineseh.jpg": "a group of people standing in front of a christmas tree", "12200-maest_02.jpg": "a display case filled with lots of different colors", "40774-15icon.jpg": "a statue of a man sitting on a building", "04592-venus_cu.jpg": "a man standing next to a woman holding a child", "17219-copies11.jpg": "a statue of a man with a hat on", "41293-09stanne.jpg": "a group of people sitting in a room", "00880-00north.jpg": "a group of people standing in front of a building", "16505-11stefan.jpg": "a clock on the side of a building", "13784-samaritb.jpg": "a statue of a horse standing next to a tree", "10824-stvaast2.jpg": "a couple of people standing next to each other", "43374-polypty1.jpg": "a large ornate building with a clock on top", "35331-war.jpg": "a woman is trying to catch a bird on the ground", "14947-4arles01.jpg": "a man standing next to a table with an umbrella", "21608-mytholo2.jpg": "a man laying in a bed next to a man", "34159-masterha.jpg": "a black and white photo of a little girl", "39148-12zianig.jpg": "a couple of people standing next to each other", "30451-stillif1.jpg": "a couple of vases sitting on top of a table", "14844-parochia.jpg": "a dog that is standing on a sidewalk", "28500-early09.jpg": "a couple of people standing next to each other", "29748-d_family.jpg": "a couple of women standing next to each other", "39504-20portra.jpg": "a man wearing a tie and a tie", "26616-05_5ne.jpg": "a woman sitting on a chair holding a hot dog", "34919-01gartem.jpg": "the inside of a church with a large clock", "14897-webster.jpg": "a small child is sitting on a bed", "37074-8decora1.jpg": "a painting on a wall with a painting on it", "40994-04diptyc.jpg": "a painting of a woman and a horse", "05541-nastag3.jpg": "a group of people standing around a group of horses", "15841-holyfami.jpg": "a group of people sitting on top of a boat", "40299-105turne.jpg": "a large body of water with a rock in the background", "22921-virgin_c.jpg": "a group of people standing next to each other", "29639-forumrom.jpg": "a group of people standing near a stone wall", "18345-1410grec.jpg": "a man in a red dress is standing next to a red teddy bear", "22205-golden.jpg": "a picture of people sitting in a room", "04735-adoratio.jpg": "a group of people sitting on top of a bed", "30715-adormagi.jpg": "a group of people sitting in a room", "44152-landsc_s.jpg": "a group of people walking down a dirt road", "26293-ulmerdog.jpg": "a brown dog standing next to a tree", "36722-ideal2.jpg": "a group of people standing around a tree", "06760-vanitas.jpg": "a statue of a man standing next to a statue", "22167-bathers.jpg": "a close up of a dog laying in the grass", "08302-christ_s.jpg": "a woman sitting next to a woman in a room", "05623-deschi.jpg": "a group of people standing next to each other", "34095-4renoi12.jpg": "a little girl in a red outfit holding a toy", "21756-birth_cu.jpg": "a group of people sitting on a bed", "29769-portlady.jpg": "a couple of people standing next to each other", "26130-36ursu0.jpg": "a large ornate building with a clock on it", "19017-landscap.jpg": "a herd of cattle walking down a dirt road", "32153-barn_int.jpg": "a black and white photo of a group of people", "00926-02compa5.jpg": "a group of people standing in front of a building", "16870-4south1.jpg": "a painting of a man standing next to an elephant", "42792-2john.jpg": "a person laying on a couch with a dog", "31272-immacula.jpg": "a group of people standing next to each other", "07058-holyfamx.jpg": "a group of people sitting on a bed", "09270-oxbow.jpg": "a body of water next to a body of water", "23091-1descent.jpg": "a painting of a man standing next to a wall", "35629-01sketch.jpg": "a group of people standing next to each other", "39760-08bella.jpg": "a woman in a dress standing in a dark room", "36428-hunters1.jpg": "a large pile of rocks next to some trees", "34434-stillif.jpg": "a vase of flowers sitting on a table", "05854-2melchi.jpg": "a group of people standing around a group of horses", "32977-09chigi2.jpg": "a clock on the side of a building", "25299-womangoa.jpg": "a woman standing next to a dog in a forest", "23842-3manet01.jpg": "a woman sitting on a bed next to a cow", "07183-canal227.jpg": "a large body of water with boats in it", "05589-04august.jpg": "a statue of a man sitting under an umbrella", "38508-port_man.jpg": "a man in a dress and a tie", "22646-09annunc.jpg": "a woman standing next to a statue in a room", "13277-stillife.jpg": "a statue of a man in a dress", "12071-elector.jpg": "a group of people sitting in a room", "14349-allegory.jpg": "a group of people sitting in front of a building", "35014-manportr.jpg": "a man wearing a red hat in a dark room", "13441-port_man.jpg": "a young man wearing a suit and tie", "30900-muses.jpg": "a group of people standing next to each other", "08947-chilport.jpg": "a woman holding a dog and a dog", "18879-samarita.jpg": "a couple of women standing next to each other", "15011-tahiti69.jpg": "a woman riding on the back of an elephant", "22292-1foscar6.jpg": "a group of women sitting on top of a stone wall", "35664-deesis1.jpg": "a statue of a man standing next to a wall", "17108-3arles22.jpg": "a bunch of flowers that are in a garden", "43852-stilpeac.jpg": "a group of dogs that are laying down", "12143-roses.jpg": "a close up of a vase with flowers in it", "05593-071head.jpg": "a close up of a person holding a stuffed animal", "08139-flowers4.jpg": "a painting of a vase with flowers in it", "18776-guard00.jpg": "a large body of water with boats in it", "20439-virgin_c.jpg": "a close up of a person holding a <unk>", "41640-martyrdo.jpg": "a large group of people standing around a building", "10690-virgin_c.jpg": "a woman in a dress holding a mirror", "04003-samson_d.jpg": "a group of people sitting in a room", "16504-10stefan.jpg": "a large clock mounted to the side of a building", "32946-05farne.jpg": "a group of people that are in a room", "43924-selfport.jpg": "a man wearing a hat sitting on a couch", "18751-guard217.jpg": "a large crowd of people standing on a beach", "11168-1870s_68.jpg": "a group of people riding on the back of a horse", "14135-022diana.jpg": "a woman laying in the middle of a man and two children", "15001-tahiti60.jpg": "a close up of a person with a dog", "42906-2view1.jpg": "a large building with people standing around it", "23170-09monac.jpg": "a picture of a woman in a dress", "23725-amalie.jpg": "an image of a woman with a hat on", "32716-cavalry.jpg": "a group of people riding on the back of horses", "26020-11marrow.jpg": "a close up of a person holding a bat", "30127-newton.jpg": "a woman sitting in a chair holding a laptop", "21367-allegory.jpg": "a group of people sitting on a couch", "26394-pastoral.jpg": "a person standing in a field next to a forest", "42789-4organ1.jpg": "a large cathedral with people sitting on it", "14460-306fried.jpg": "horses grazing in a field with a city in the background", "36654-annuncia.jpg": "a couple of women standing next to each other", "22728-2nativit.jpg": "a woman standing next to a stone building", "43489-portlady.jpg": "a little girl that is sitting down with a purse", "21761-muses.jpg": "a group of people riding on top of a forest", "30330-villamay.jpg": "a young man is holding a white object", "39995-3redhea5.jpg": "a large brown dog standing next to a rock", "08581-4bather1.jpg": "a painting of a group of people and a dog", "10096-25altar.jpg": "a woman dressed in a red and white dress", "21561-cleopatr.jpg": "a painting of a man sitting on top of a large red elephant", "09754-1march_.jpg": "a group of people standing next to each other", "33319-flowers.jpg": "a woman standing in front of a mirror", "24460-crucifix.jpg": "a statue of a man standing next to a statue", "00842-08_women.jpg": "a statue of a woman standing next to a statue", "35557-07planti.jpg": "a man in a black jacket holding a book", "21120-brothel.jpg": "a group of people sitting on top of a couch", "19130-29noport.jpg": "a man in a suit holding a stuffed animal", "17508-17virgin.jpg": "a picture of a woman sitting in a mirror", "09612-scodella.jpg": "a group of people sitting on top of a couch", "24756-marymagd.jpg": "a woman in a dress holding a vase", "18286-1001grec.jpg": "a painting of a man sitting on top of a rock", "05835-passion2.jpg": "a group of people standing next to each other", "08694-12self_p.jpg": "a man wearing a hat and a hat", "03318-portgent.jpg": "a woman wearing a hat holding a tie", "10931-virginvi.jpg": "a group of people sitting in a room", "09490-louiseri.jpg": "a painting of a woman sitting in front of a clock", "24324-diptych.jpg": "a couple of men standing next to each other", "08888-st_peter.jpg": "a stone wall with a clock on it", "03329-godfathe.jpg": "a group of people riding on the back of a red elephant", "09265-architec.jpg": "a building with a fountain in front of it", "01017-sofonisb.jpg": "a woman in a yellow shirt and a white shirt", "42730-dog_reg2.jpg": "a couple of animals that are in the dirt", "00838-03_annun.jpg": "a statue of a woman in a dress", "20318-countess.jpg": "a woman in a dress standing next to a bed", "04019-vaulting.jpg": "a painting on a wall with a painting on it", "11941-zenobi01.jpg": "a building with a bird on top of it", "36201-madchild.jpg": "a couple of women standing next to each other", "43991-0bladel.jpg": "a group of people standing next to each other", "43759-03crozat.jpg": "a group of people standing in front of a tree", "40991-01crucif.jpg": "a group of people standing next to each other", "32257-09triump.jpg": "a group of people that are on a horse", "10073-01altar.jpg": "a statue of a man wearing a suit and tie", "04599-medici4.jpg": "a loaf of bread sitting next to an apple", "09202-musicia.jpg": "a group of people sitting on a bench in a room", "25254-bernardi.jpg": "a woman in a dress standing next to a horse", "03046-1young.jpg": "a woman wearing a hat and a hat", "03439-10summer.jpg": "a group of people standing around a pile of sheep", "23530-undine.jpg": "a painting of a woman sitting on a horse", "04216-madelein.jpg": "a statue of a baby laying in the water", "39152-16zianig.jpg": "a statue of a <unk> in a museum", "44742-miracle.jpg": "a group of people standing around a building", "40998-08virdol.jpg": "a black and white photo of a woman standing next to a wall", "00339-portrait.jpg": "a man wearing a black jacket and a black jacket", "20810-entombme.jpg": "a group of men sitting on top of a bench", "21030-youngboy.jpg": "a little girl in a costume holding a rope", "35855-stil_tur.jpg": "a couple of animals that are sitting on a table", "26666-09_7si5.jpg": "a man sitting on a bed holding a remote", "14040-bottigel.jpg": "a group of people standing under an umbrella", "05269-hermit1.jpg": "a statue of a man sitting on top of a stone wall", "33897-12noremb.jpg": "a woman is holding a red scarf in a dark room", "39662-01jerome.jpg": "a statue of a man sitting in front of a large rock", "18958-madonna.jpg": "a painting of a woman standing next to a clock", "43003-6buckin2.jpg": "a group of people standing next to a statue", "23068-8present.jpg": "a group of people standing next to each other", "05444-15virgin.jpg": "a couple of women standing next to each other", "06221-doria.jpg": "a man with a beard and a brown beard", "33565-094portr.jpg": "a woman in a dress is holding an umbrella", "11657-1valle3.jpg": "a group of people and a dog on a bed", "18267-0806grec.jpg": "a man wearing a white shirt and a tie", "04848-bogdan01.jpg": "a group of birds sitting on top of a pile of apples", "39622-2ancona.jpg": "a group of people standing next to each other", "10088-16altar.jpg": "a group of people sitting in front of a tree", "05209-11centre.jpg": "a display of a bunch of animals on display", "22434-bathing.jpg": "a group of people riding horses on a beach", "03492-viewpiaz.jpg": "a group of people standing outside of a building", "24964-0view1.jpg": "a building with a painting on the wall", "10436-boarding.jpg": "a group of people standing on top of a surfboard", "19465-stilflow.jpg": "a close up of a vase filled with flowers", "36735-horseman.jpg": "a couple of men riding on the backs of horses", "29918-merrypea.jpg": "a group of people sitting around a building", "06545-zilenus.jpg": "a group of people playing with a dog", "43680-viewdel2.jpg": "a black and white photo of a boat in the water", "24307-10marko.jpg": "a view of a field with a windmill in the background", "10174-2judith1.jpg": "a young boy wearing a hat holding a baseball bat", "21185-nativity.jpg": "a person sitting on a bed with a cow", "19279-port_off.jpg": "a woman is holding a piece of red flowers", "42600-21pearl.jpg": "a close up of a person wearing a hat", "07969-farnes14.jpg": "a group of people sitting on top of a wall", "30622-luther.jpg": "a man wearing a black hat and a hat", "39057-4virgil2.jpg": "a painting of a man and a woman in a room", "32924-1justice.jpg": "a statue of a man sitting on top of a statue", "37037-00view.jpg": "the inside of a building with a balcony", "06644-spring.jpg": "a large group of people standing around a building", "24649-triptych.jpg": "a picture of a woman with a horse", "29859-lastjudg.jpg": "a group of people standing in front of a clock", "29455-intgothi.jpg": "a large building with people standing around", "11112-early03.jpg": "a group of people standing next to a group of horses", "20027-peacock.jpg": "a group of birds standing next to each other", "00397-4scenes1.jpg": "a group of people standing next to a church", "29186-stillif1.jpg": "a table topped with lots of different items", "14508-flowers.jpg": "a painting of a vase with flowers in it", "19059-daughter.jpg": "a picture of a woman in a dress", "41464-ma_child.jpg": "a group of people standing next to each other", "18732-guard198.jpg": "a large body of water next to a river", "22793-madonna.jpg": "a painting of a teddy bear in a room", "38665-spinning.jpg": "a man sitting on a chair with a dog", "19265-tempest.jpg": "a couple of women standing next to each other", "30641-stillife.jpg": "a bowl of fruit sitting on top of a table", "04137-damsquaz.jpg": "a group of people standing in front of a building", "07414-crucifix.jpg": "a painting of a man and a statue", "17066-paris16.jpg": "a brick wall with a bridge and a bridge", "35591-09fourme.jpg": "a group of women sitting on top of a bed", "06199-bartholo.jpg": "a black and white photo of a man in a suit", "15571-4desert.jpg": "a statue of a woman sitting on a statue", "23096-4entomb.jpg": "a statue of a woman standing next to a statue", "12053-quack.jpg": "a group of people standing around a building", "26344-the_cook.jpg": "a woman sitting on a bench with a dog", "18239-0509grec.jpg": "a group of people riding on the backs of elephants", "03140-3women.jpg": "a group of people riding on the back of a tree", "43643-oldwoman.jpg": "a living room with a fireplace and chairs", "14988-2ponta03.jpg": "a man wearing a blue shirt and holding a cigarette", "18711-1ospeda3.jpg": "a group of people standing next to each other", "06683-v_lawyex.jpg": "a group of people standing around a wooden table", "33393-15newtes.jpg": "a stone building with statues and statues", "20719-beankin.jpg": "a group of people standing around a table", "03973-bello201.jpg": "a large building with a clock on it", "15455-2obsequ.jpg": "a group of people standing next to each other", "08521-3still2.jpg": "a fire hydrant with a bunch of fruit on it", "10123-14jerome.jpg": "a statue of a man sitting on a bench", "07721-7figure.jpg": "a statue of a bear statue in front of a building", "34249-landscap.jpg": "a group of people standing next to a church", "02827-winterla.jpg": "a group of people walking down a beach", "05008-findmose.jpg": "a group of people are sitting on a bench", "11660-celio.jpg": "a group of people standing in front of a large window", "16438-franc10.jpg": "a large ornate building with statues and statues", "36436-landsc_a.jpg": "a flock of birds standing on top of a rock", "20283-stillife.jpg": "a table with a baseball bat and other items on it", "15786-vanitas.jpg": "a table that has a bunch of stuff on it", "15019-marque02.jpg": "a couple of people standing next to each other", "03908-194madon.jpg": "a woman holding a baby in a room", "00585-07passi1.jpg": "a stone wall with a painting on it", "17154-portra06.jpg": "a statue of a man wearing a pirate hat", "08101-ferdinan.jpg": "a man in a leather jacket and a tie", "22962-29p_guar.jpg": "an older woman is sitting on a dark surface", "20871-still_li.jpg": "a black vase sitting on top of a table", "10236-1venus09.jpg": "a woman standing next to a little boy", "33499-06portra.jpg": "a man in a leather jacket holding a piece of paper", "20800-polypty3.jpg": "a group of people standing next to each other", "40857-tudor2.jpg": "a group of people standing in a room", "08495-09early.jpg": "a large body of water next to a mountain", "16654-predel2.jpg": "a group of people standing in front of a building", "32319-17winter.jpg": "a group of people on a boat in the water", "11114-early05.jpg": "a couple of women standing next to each other", "35964-temptati.jpg": "a group of statues that are in a room", "21386-lycomed1.jpg": "a group of people sitting in a living room", "16821-2cesari1.jpg": "a painting of a man standing in front of a painting", "25297-odysseus.jpg": "a group of people that are standing around", "28796-remember.jpg": "a group of people sitting around a table", "10150-45religi.jpg": "a group of people standing next to each other", "33548-71portra.jpg": "a man in a black jacket with a banana", "42541-02praxid.jpg": "a woman in a red jacket holding a vase", "29474-landsuns.jpg": "a group of people are riding horses in a field", "00816-marco_p6.jpg": "a group of women standing next to each other", "32309-07moses.jpg": "a group of people that are sitting down", "29992-misselut.jpg": "a couple of dogs standing next to each other", "35096-prison.jpg": "a group of people standing around a building", "43021-battle.jpg": "a group of people standing around a group of horses", "10086-14altar.jpg": "a group of people sitting around a fire place", "03874-159portr.jpg": "a man wearing a hat and a hat", "08914-panel1.jpg": "a group of people standing next to a wall", "34845-paul_1.jpg": "a little boy wearing a red jacket and a sweater", "04196-stil_lif.jpg": "a bowl of fruit sitting on a table", "35508-36mythol.jpg": "a group of people standing next to each other", "05285-1lastjud.jpg": "a group of people standing around a building", "10617-cows.jpg": "a herd of cattle walking across a river", "40740-08icon.jpg": "a group of people standing around a building", "33443-07oldtes.jpg": "a man and a woman talking on a cell phone", "20872-stillif.jpg": "a table that has some fruit on it", "10698-miniatur.jpg": "a woman in a white dress sitting on a bed", "22460-venus_ad.jpg": "a group of people standing next to each other", "28457-harvest.jpg": "a group of people with umbrellas on a dirt road", "43602-04muses.jpg": "a couple of women sitting on top of a couch", "16790-3east1.jpg": "a painting of a man sitting on top of a chair", "07286-canal813.jpg": "a group of people standing in front of a bridge", "10967-108david.jpg": "a group of people that are sitting on a bed", "41133-darmsta4.jpg": "a statue of a man holding a red tie", "25314-rovere.jpg": "a painting of a woman standing next to a painting", "07616-68nativi.jpg": "a man in a black shirt is doing a trick", "18406-1906grec.jpg": "a man with a beard and a beard", "06554-fishmark.jpg": "a large group of people standing next to a body of water", "42469-flower8.jpg": "a table with flowers and flowers in it", "35502-31mythol.jpg": "a group of people sitting on top of a rock", "40001-1misc03.jpg": "a man in a hat is looking at something", "14840-berlinpa.jpg": "a view of a large building with many windows", "17091-1arles03.jpg": "a couple of boats that are sitting in the water", "06550-coastal.jpg": "a group of people standing next to a large castle", "15007-tahiti65.jpg": "a woman standing next to a painting on a wall", "03429-17market.jpg": "a group of people riding on the backs of elephants", "24272-life3.jpg": "a couple of women standing next to a statue", "23314-18couple.jpg": "a couple of women sitting next to each other", "13742-5virtue3.jpg": "a woman standing in front of a building", "33387-10newtes.jpg": "a group of people standing next to a building", "17809-713goya.jpg": "a group of men riding on the backs of horses", "07142-fruit.jpg": "a table topped with lots of different types of fruit", "04171-2matteo1.jpg": "a display of people standing in a room", "31397-paolina6.jpg": "a statue of a man sitting in front of a statue", "20017-birds_sp.jpg": "a group of chickens that are standing on the ground", "34946-5oberze2.jpg": "a brick wall with a painting on the wall", "24911-zcruci1.jpg": "a statue of a man holding a baseball bat"}