{"20793-michael.jpg": "a painting of a man and a woman standing next to each other", "09678-3giove3.jpg": "a large clock mounted on the side of a wall", "15337-jupiter.jpg": "a person laying on a bed with a stuffed animal", "00685-coronati.jpg": "a painting of a man and a woman in a room", "10261-4melanc4.jpg": "a group of people sitting next to each other", "38078-cardplay.jpg": "a group of people sitting on top of a bed", "11632-sacrific.jpg": "an image of a man in an orange shirt", "22362-yellowro.jpg": "a man is sitting in a dark room", "00732-5mira3.jpg": "a vase that is on top of a table", "25256-madon_ch.jpg": "a couple of women standing next to each other", "42000-menicucc.jpg": "a man sitting in a chair reading a book", "42622-2710flut.jpg": "a woman wearing a hat and holding an umbrella", "24050-2sposi02.jpg": "a large building with a large clock on it", "44752-celestin.jpg": "a man and a woman sitting in a room", "25158-madonna1.jpg": "a close up of a person holding a vase", "10605-panoram.jpg": "a man standing next to a couple of horses", "26256-st_john.jpg": "a man in a red shirt holding up his hands", "35906-portrait.jpg": "a man in a red jacket sitting in front of a wall", "08775-annuncia.jpg": "a couple of women standing next to a building", "15837-dream_s.jpg": "a black and white photo of a group of people", "41974-arcadiax.jpg": "a view of a mountain with a mountain in the background", "37291-30madonn.jpg": "a painting of a woman sitting next to a statue", "20416-5waterin.jpg": "a man riding on the back of a horse", "40172-sebastia.jpg": "a man sitting on a couch holding a dog", "33330-executio.jpg": "a man standing next to a statue of a man", "04894-port_man.jpg": "a woman is holding a stuffed animal in her hand", "19277-port_am.jpg": "an image of a woman in a red dress", "18758-guard300.jpg": "a black and white photo of a body of water", "22601-8barbad.jpg": "a group of people standing next to each other", "18243-0604grec.jpg": "a woman sitting in front of a tree", "08515-2nudes2.jpg": "a painting of a man and a horse", "28649-4stacks1.jpg": "a view of a mountain in the distance", "00017-scipio.jpg": "a group of people standing next to each other", "22744-humilit2.jpg": "a man in a leather jacket sitting in a chair", "26562-03_2ce3f.jpg": "a group of men sitting on top of a table", "17751-403goya.jpg": "a man wearing a helmet and holding an umbrella", "21477-agatha.jpg": "a couple of people standing next to each other", "04924-venusamo.jpg": "a statue of a woman holding a tennis racket", "43987-1crucifi.jpg": "a man flying through the air while riding a snowboard", "44615-venus_mn.jpg": "a couple of men laying on top of a bed", "05019-virgin_c.jpg": "a group of people sitting on a couch reading a book", "36402-madonna.jpg": "a woman laying in a bed with a baby", "06733-chieric.jpg": "a wall that has a painting on it", "20671-h_naples.jpg": "an old building with a building in the background", "31995-3tondo2.jpg": "a man sitting in a mirror holding a knife", "09859-courb120.jpg": "a bunch of fruit sitting on a beach", "35548-09medici.jpg": "a group of people that are sitting on a couch", "29705-aarhus.jpg": "a room filled with lots of wooden furniture", "13899-stil_che.jpg": "a knife and a knife on a table", "08822-joseph.jpg": "a couple of people that are laying in bed", "38939-02gesuax.jpg": "a large painting on a wall with a painting on it", "26088-25more.jpg": "a group of people standing next to each other", "16006-02bay11.jpg": "a building with a painting on the wall", "03313-tondo.jpg": "a group of women standing next to each other", "28399-couple_a.jpg": "a group of people sitting next to each other", "40259-m_garden.jpg": "a statue of a woman sitting on a chair", "14822-adormagi.jpg": "a group of people standing around each other", "36804-depositi.jpg": "a group of people sitting on top of a bed", "14989-2ponta04.jpg": "a large rock with a rock in the background", "24714-portwom1.jpg": "a woman wearing a hat and holding a tie", "08656-07young.jpg": "a man and a child sitting on a bed", "30843-sebasti1.jpg": "a shirtless man in a bathing suit with his arms crossed", "20884-brudene1.jpg": "a woman standing in a room next to a bed", "36815-organ3.jpg": "a statue of a man wearing a hat and tie", "23201-44monaco.jpg": "a large group of people in a room", "04550-portable.jpg": "a painting of a painting on the side of a building", "31234-montefe2.jpg": "a statue of a man wearing a hat and hat", "07791-03lament.jpg": "a painting of a man sitting next to a man", "31481-rosso2.jpg": "a large clock on the side of a building", "38476-portrait.jpg": "a woman in a red dress is holding a knife", "39824-2rovere2.jpg": "a woman sitting on a couch next to a dog", "04730-portrai2.jpg": "a woman in a dress holding a cigarette", "24861-dauphin.jpg": "a close up of a person wearing a hat", "39092-07rezzo6.jpg": "a painting of a person taking a picture of a clock", "43850-stilgame.jpg": "a dog laying on the ground next to a man", "35333-edgefore.jpg": "a large tree in the middle of a forest", "27061-maurits1.jpg": "a close up of a person holding a baseball bat", "37542-scene12.jpg": "a large group of people standing next to each other", "32993-3jacob.jpg": "a group of people standing next to each other", "35702-cloister.jpg": "a person sitting in a field near a tree", "30090-zdiptic1.jpg": "a painting of a woman sitting on a bench", "44161-chelsea.jpg": "a group of men riding horses down a street", "06294-fighting.jpg": "a group of people sitting in a room", "13707-fresco5.jpg": "a couple of women standing next to each other", "39658-06annunc.jpg": "a couple of people standing next to each other", "03190-london1.jpg": "a painting of a painting on a wall", "41938-l_spring.jpg": "a group of people standing in front of a city", "05594-07padigl.jpg": "a painting of a man and a woman holding an umbrella", "41390-11crucif.jpg": "a group of people standing in front of a painting", "16826-lucretia.jpg": "a group of people that are in a mirror", "34077-3renoi24.jpg": "a woman in a white dress holding a cigarette", "00221-oratory.jpg": "a wall with a painting on the wall", "04585-virgin_c.jpg": "a man and a woman standing under an umbrella", "30685-vase1.jpg": "a vase of flowers sitting on top of a table", "03827-113madon.jpg": "a boy in a blue jacket holding a teddy bear", "22316-2boys.jpg": "a group of people standing on top of a sandy beach", "27105-seated_m.jpg": "a woman sitting on a bench holding a glass", "38019-vision.jpg": "a group of people sitting on top of an elephant", "23753-gothic_b.jpg": "a woman standing in front of a large window", "43264-magdalen.jpg": "a woman sitting on a beach next to a tree", "13911-arquebus.jpg": "a group of people standing around each other", "26172-1bay1.jpg": "a group of people standing next to a building", "06024-6joseph.jpg": "a group of people sitting around a stone wall", "26656-01_7si1.jpg": "a woman sitting on top of a wooden shelf", "35597-01landsc.jpg": "a group of people that are standing in the water", "18085-5nicbari.jpg": "a statue of a man holding a clock", "11555-adorati.jpg": "a group of people sitting around a building", "31468-virgchil.jpg": "a woman sitting in front of a mirror holding a spoon", "24929-jeremiax.jpg": "a man in a red jacket holding a cigarette", "02934-susanna.jpg": "a couple of people that are sitting down", "18575-landsca2.jpg": "a group of people and a dog on a hill", "39842-0chieri2.jpg": "a man in a costume is sitting on a horse", "29237-horatius.jpg": "a group of people standing next to each other", "23542-4zrinyi.jpg": "a woman sitting on a chair with a dog", "19996-4huszt.jpg": "a large building with a mountain in the background", "03987-bello215.jpg": "a herd of animals grazing on a lush green hillside", "17171-1asylu04.jpg": "a close up of a plant in a tree", "16719-selfport.jpg": "a close up of a person wearing a white shirt", "10472-sacrame3.jpg": "a black and white photo of people standing next to each other", "17483-5tripty2.jpg": "a clock with a statue on top of it", "36872-2reale.jpg": "a group of people sitting on top of horses", "03706-carousel.jpg": "a picture of a man looking at a clock", "13273-nymphs.jpg": "a group of people sitting around a room", "33455-19oldtes.jpg": "a man standing next to a woman in a dress", "42298-0802vela.jpg": "a group of people sitting in front of a building", "33361-bluepass.jpg": "a flower arrangement in a vase on a table", "36287-wsamaria.jpg": "a couple of women standing next to each other", "26153-37nogr3.jpg": "a group of people standing in a room", "42920-5allego0.jpg": "a group of people sitting in a room", "23522-descent2.jpg": "a group of people standing in front of a building", "40767-101icon.jpg": "a painting of a man with a painting on a wall", "33576-105portr.jpg": "a man is wearing a suit and tie", "12055-selfport.jpg": "a woman standing in front of a window", "37529-4oratory.jpg": "a large painting on the wall of a building", "21437-l_party.jpg": "a group of people sitting around a table", "37899-burgher.jpg": "a man in a hat is sitting on a sidewalk", "00738-rocco3.jpg": "a picture of a woman and a woman", "30921-princess.jpg": "a woman sitting on a bed with a blanket", "42993-7venus_m.jpg": "a woman in a dress sitting next to a baby", "15904-05selfpo.jpg": "a close up of a person wearing a leather jacket", "03263-charity.jpg": "an old photo of a woman holding a baby", "03617-90madonn.jpg": "a woman and a child sitting on a couch", "10430-alexande.jpg": "a group of people riding on the back of an elephant", "19410-stillif5.jpg": "a table with a cake and two plates on it", "06515-11misant.jpg": "a picture of a man in a black suit", "23182-19monacx.jpg": "a couple of women standing next to each other", "31196-92decor3.jpg": "a picture of a woman holding an umbrella", "32513-crucifi1.jpg": "a group of people riding on top of horses", "19049-italland.jpg": "a couple of people standing next to a mountain", "24242-view1.jpg": "a statue of a man standing next to a statue", "36216-scene3.jpg": "a group of people and a dog in a room", "44307-stpeter1.jpg": "a group of people standing in front of a building", "39775-02sick.jpg": "a black and white photo of a man in a suit", "07420-virgin_c.jpg": "a group of people standing next to each other", "21484-hagar.jpg": "a couple of women sitting on top of a bed", "41473-offering.jpg": "a group of people standing next to each other", "38971-12carmin.jpg": "a group of people sitting on top of a bed", "43603-05muse.jpg": "a woman sitting on a chair with a child", "23153-virgin_c.jpg": "a group of people standing next to each other", "02801-chinese.jpg": "a woman sitting on a couch in a living room", "40269-pieta_.jpg": "a statue of a man and a woman sitting on a bed", "39049-3ariost3.jpg": "a man sitting next to a statue of a man", "04002-procurat.jpg": "a woman in a red jacket is wearing a red jacket", "03249-landsca1.jpg": "a group of cows that are standing in the grass", "29633-diana_ny.jpg": "a group of people standing in front of a building", "04583-uly_circ.jpg": "a group of women sitting next to each other", "43237-ariovist.jpg": "a group of people sitting on top of horses", "04510-triumph.jpg": "a crowd of people standing around a large group of horses", "12973-durazzo.jpg": "a man in a suit and tie standing in a dark room", "04557-viewsora.jpg": "a scenic view of a city with a mountain in the background", "39797-20gritti.jpg": "a close up of a person wearing a hat", "11506-flowers2.jpg": "a vase filled with flowers on a table", "33899-14noremb.jpg": "a man with a beard is holding a hand", "38714-duet.jpg": "a man and a woman standing next to each other", "05059-portrai1.jpg": "a couple of people sitting next to each other", "40765-08icon.jpg": "a painting of a man and a painting on a wall", "16555-crucifiz.jpg": "a painting of a woman standing next to a painting", "00603-1pippo.jpg": "a statue of a man holding a baseball bat", "39624-3entombm.jpg": "a group of people standing next to each other", "23623-monks2.jpg": "there is a woman sitting next to a woman", "38879-17udine.jpg": "a painting of a woman sitting on top of a vase", "43763-04savoya.jpg": "a woman holding a box with a box on it", "03546-05family.jpg": "a group of people sitting in front of a tree", "25171-virgin_c.jpg": "a painting of a woman in a dress", "16392-chris20.jpg": "a painting of a man sitting on a wall next to a painting", "35142-pigalle.jpg": "a man in a suit and tie sitting on a couch", "17995-10young.jpg": "a group of people standing around a bunch of horses", "44724-farnese4.jpg": "a group of people standing in front of a building", "35066-greer.jpg": "a close up of a person wearing a hat", "14848-alpheus.jpg": "a group of people playing in the water", "15097-kinship.jpg": "a group of people standing in front of a building", "08499-13early.jpg": "a group of people standing next to each other", "02903-port_wom.jpg": "a man wearing a hat and holding a hat", "26189-recommen.jpg": "a painting of a woman in a dress", "09442-cruci_sg.jpg": "a statue of a man standing next to a clock", "33417-61newtes.jpg": "a woman is standing in front of a fountain", "04112-italianm.jpg": "a group of people riding on the backs of horses", "32209-14massac.jpg": "a group of people standing around a pile of stuffed animals", "29440-old_man.jpg": "a man with a beard is looking at the camera", "08109-father.jpg": "a statue of a man standing next to a statue", "14022-1zenob08.jpg": "a statue of a woman standing next to a statue", "08178-joseph.jpg": "a group of people standing next to each other", "12526-02salvat.jpg": "a man in a blue shirt holding a tie", "05739-sassuol1.jpg": "a painting of a man standing in front of a building", "28609-1north3.jpg": "a bunch of flowers sitting in a field", "06020-2twins.jpg": "a couple of people laying in a bed", "16412-baptis0.jpg": "a large display of people in a museum", "04830-roxana.jpg": "a group of people riding on the back of a horse", "42488-tavern.jpg": "a group of people sitting around a living room", "08243-20lastju.jpg": "a group of people standing next to each other", "43601-04allego.jpg": "a couple of women laying on top of a couch", "12404-sculptor.jpg": "a woman sitting on a couch in a room", "20967-monkey.jpg": "a painting of flowers and a dog on a table", "08471-fresco2.jpg": "a wall with a clock and a picture on it", "24090-5stonecu.jpg": "a woman sitting on the ground with a baby", "23366-05adorat.jpg": "a group of people sitting on a bed", "21864-brydges.jpg": "a woman is sitting on the floor with her hands", "06906-merry_c.jpg": "a group of people sitting around a table", "42363-woman_wi.jpg": "a woman sitting on a car looking at her phone", "39076-6forest5.jpg": "a statue of a man standing next to a stone wall", "25909-stillif2.jpg": "an orange and a banana on a table", "06926-assumptx.jpg": "a painting of a man and a woman with a dog", "41170-y_dipti1.jpg": "a statue of a man standing next to a statue", "31834-porflora.jpg": "a woman wearing a hat and a hat", "36846-annuncia.jpg": "a woman sitting next to a man and child", "05645-allegor1.jpg": "a picture of a woman and two children", "05423-bacchus.jpg": "a couple of people that are sitting on a table", "42331-classlan.jpg": "a couple of animals that are standing in the dirt", "12218-pre_f_5x.jpg": "an old man standing next to a building", "11966-allegr06.jpg": "a statue of a man sitting on top of a wooden table", "07200-canal402.jpg": "a large group of people in a city", "07255-canal705.jpg": "a large body of water next to a body of water", "33586-128portr.jpg": "a black and white photo of a man with a camera", "36569-meeting.jpg": "a group of people standing around a stone wall", "27094-escaped.jpg": "a woman is sitting on a table with a bird", "44686-st_paul.jpg": "a woman in a red jacket holding a piece of paper", "36380-1nevi.jpg": "a painting of a woman standing next to a statue", "13242-condesa.jpg": "a woman in a black shirt and a black shirt", "05840-4empero.jpg": "a group of people standing next to each other", "09920-womanlyi.jpg": "a woman laying in a bed with a blanket", "42834-04stlucy.jpg": "a group of people sitting on top of a brown elephant", "32958-02fish.jpg": "a group of people that are sitting on a couch", "35820-ferrybo.jpg": "a boat that is floating in the water", "16738-p_child.jpg": "a statue of a statue of a man in a red shirt", "11462-dogsking.jpg": "a group of animals that are laying on the ground", "17230-4earlie1.jpg": "a room that has a wooden table and chairs", "41378-07_cover.jpg": "a sign that is on the side of a building", "15157-03quarat.jpg": "a room with a clock and a statue", "19289-columns.jpg": "a building with a wooden door and a wooden door", "35913-hagar.jpg": "a group of people that are in a pool", "40330-family2.jpg": "a group of people standing next to each other", "22760-cleopatr.jpg": "a group of people sitting on top of a bed", "19581-isaac.jpg": "a man holding a plate of food on a table", "08808-wilderne.jpg": "the sun is setting on the top of a mountain", "23560-c_pilate.jpg": "a group of people standing next to each other", "17549-07portra.jpg": "a man wearing a hat and holding a <unk>", "25202-annuncia.jpg": "a woman standing next to a woman in a room", "04901-selfport.jpg": "a black and white photo of a woman in a dress", "24390-3graces.jpg": "a group of people sitting in a room", "33017-18farnes.jpg": "a man sitting on a bed next to a man", "39966-06early.jpg": "a statue of a man standing next to a statue", "44684-mad_child.jpg": "a statue of a woman holding a teddy bear", "19625-sfrancis.jpg": "a group of people standing next to each other", "38668-w_mirror.jpg": "a man sitting in a wooden bench next to a woman", "20657-view_bay.jpg": "a group of people on a beach next to a tree", "14643-lastsup.jpg": "a group of people sitting around a clock", "39608-34john.jpg": "a picture of a man and a woman", "10546-apollo.jpg": "a large building with a chandelier and a chandelier", "00433-restflig.jpg": "a group of people riding on the backs of horses", "16367-wall.jpg": "a large window with many pictures on it", "41422-01buonco.jpg": "a wall with a painting on the wall", "42297-0801vela.jpg": "a group of people standing next to each other", "09446-majesty.jpg": "a picture of a <unk> in a museum", "03171-venetian.jpg": "a woman in a dress is walking down a street", "42274-0608velb.jpg": "a man in a black shirt and a white shirt and a white shirt", "40015-3bed1.jpg": "a painting of a painting on the side of a wall", "15441-1cercin2.jpg": "a statue of a man standing next to a statue", "19440-stil_lig.jpg": "a bunch of fruits and vegetables on a table", "42837-06youth.jpg": "a group of women standing next to each other", "43940-mordecha.jpg": "a group of people standing next to a statue", "05670-toilette.jpg": "a couple of women sitting next to each other", "02504-6elem1.jpg": "a close up of a bunch of stuffed animals", "24034-0sposi3.jpg": "a large wooden building with a large wooden wall", "34283-adoratio.jpg": "a group of people standing next to each other", "04111-italianl.jpg": "a herd of cattle walking across a rocky terrain", "38924-05berga1.jpg": "a group of people that are sitting on a couch", "17945-viewdord.jpg": "a boat that is sitting in the sand", "15847-resurrec.jpg": "a group of people that are laying down", "22380-agony1.jpg": "a couple of women standing next to each other", "04148-amexchan.jpg": "a group of people standing in front of a large building", "30308-interio1.jpg": "a large cathedral with a bunch of statues on it", "43180-selfport.jpg": "a woman with a hat and a hat on", "44426-j_paris.jpg": "a group of people on a beach next to trees", "05819-virgin_d.jpg": "a brown teddy bear wearing a red jacket", "23286-01barto1.jpg": "a group of people standing in front of a building", "19510-entombm2.jpg": "a couple of men standing next to a mirror", "00910-armadio6.jpg": "a group of people standing next to each other", "23502-fruit.jpg": "a table topped with lots of fruits and vegetables", "12498-12krel.jpg": "a picture of a woman in a mirror", "03372-madonna.jpg": "a little boy standing next to a little boy", "11177-1870s_77.jpg": "a man sitting on a bed in a room", "31009-shepherd.jpg": "a man with a tie sitting in a car", "36433-lands_b.jpg": "a flock of birds are flying in the air", "03169-frascati.jpg": "a woman in a dress standing in front of a wall", "20534-altar1.jpg": "a couple of women standing next to each other", "23772-chess_pl.jpg": "a group of people in a room with a cat", "11631-reni.jpg": "a man in a suit is holding a knife", "42731-ducorlea.jpg": "a man in a suit standing in a forest", "39484-02beard.jpg": "a close up of a person with a cat", "23284-09judith.jpg": "a couple of women standing next to each other", "19051-vault.jpg": "a large vase sitting on top of a wall", "00020-abbati3.jpg": "a person sitting in front of a building", "15222-rest_on.jpg": "a man and a woman laying on a bed", "23980-sanluca3.jpg": "a painting of a man standing next to a statue", "35309-rossau3.jpg": "a painting with a painting on the wall", "44084-08c_bold.jpg": "a man holding a cell phone in his hand", "10726-winterla.jpg": "a group of horses walking down a dirt road", "19083-03xnoshr.jpg": "a group of people sitting around a table", "15324-cortona5.jpg": "a man sitting on the ground next to a deer", "41968-sacrific.jpg": "a group of people riding on the backs of horses", "36032-processi.jpg": "a large group of people standing in front of a building", "09586-duomo.jpg": "a large clock mounted to the side of a wall", "23184-21monaco.jpg": "a statue of a woman in a dress", "08714-penthie1.jpg": "a group of people sitting on a couch", "42203-0102vela.jpg": "a group of people sitting around a table", "16399-joachi4.jpg": "a couple of people standing next to each other", "27131-still_3.jpg": "a pile of fruit sitting on top of a table", "15271-104gerif.jpg": "a man and woman riding on the back of a horse", "33962-st_neri.jpg": "a statue of a man in a red dress", "15014-tahiti72.jpg": "a man and a woman sitting next to each other", "21453-meeting.jpg": "a couple of women standing next to each other", "09616-danae.jpg": "a black and white photo of a man and a child", "35155-zbenizzi.jpg": "a group of people standing in front of a building", "44734-composit.jpg": "a bunch of grapes sitting on top of a table", "16626-funeral.jpg": "a group of people standing next to each other", "17907-farm_hay.jpg": "a group of people standing next to a stone wall", "42793-3luke.jpg": "a woman laying on a bed with a cow", "02826-landscap.jpg": "a group of people standing in front of a house", "42910-3ceilin1.jpg": "a large group of people standing around a wall", "19559-delcourt.jpg": "a man and a woman are sitting on a couch", "11007-402david.jpg": "a man riding on the back of a horse", "19063-rest_fli.jpg": "a man and a woman sitting next to an elephant", "03388-stilmus1.jpg": "a table with a bunch of items on it", "17286-selfpo13.jpg": "a man wearing a hat and a hat", "31762-david_ba.jpg": "a group of people that are sitting down", "10223-4faun3.jpg": "a man and a man sitting next to each other", "00629-baptism.jpg": "a black and white photo of a group of people", "16047-franc20.jpg": "a group of people standing in front of a painting", "42155-2mappa1.jpg": "a painting of a clock on the side of a wall", "34460-16rippl.jpg": "a blue vase sitting on top of a wooden table", "09642-grotesq1.jpg": "a painting of a vase filled with flowers", "07830-1consec.jpg": "a group of people standing next to each other", "07173-canal217.jpg": "a large building with a bridge in the background", "15818-horses1.jpg": "a couple of horses standing next to each other", "39955-allegory.jpg": "a woman sitting down holding a cell phone", "12060-young_gi.jpg": "a woman sitting in a mirror with a stuffed animal", "09419-horse1.jpg": "a woman riding on the back of a black horse", "04491-stil_lif.jpg": "a bunch of oranges sitting on top of a table", "15845-presenta.jpg": "a group of people standing next to each other", "16014-04bay3.jpg": "there is a painting on the wall of a building", "31069-2august6.jpg": "a group of people standing next to each other", "09781-bentivo.jpg": "a man wearing a red hat with a red hat", "00226-ceiling.jpg": "a large statue of a building with statues on it", "44532-federi10.jpg": "a woman laying on top of a bed", "35719-view_haa.jpg": "a large body of water with clouds in the background", "12091-kitchen.jpg": "a group of people sitting in a room", "28659-7floes1.jpg": "a large body of water with a plane in the background", "41533-basket.jpg": "a table topped with lots of fruits and vegetables", "29198-08munkac.jpg": "a black and white photo of a woman and a woman", "31071-3anton01.jpg": "a large building with a statue and a statue", "20008-night.jpg": "a couple of men standing next to each other", "43733-pastoral.jpg": "a couple of people standing on top of a beach", "26540-03_0bay3.jpg": "a large clock is on display in a museum", "35822-ferrygo1.jpg": "a large body of water with people in it", "06607-sthubert.jpg": "a group of people riding horses in a forest", "18639-4predel.jpg": "a dog sitting on the back of a car", "39309-11ceilin.jpg": "a couple of men laying on top of a bed", "29614-crucifix.jpg": "a painting of a woman standing next to a statue", "25163-vittore2.jpg": "a statue of a man holding a pair of scissors", "06101-ruined_h.jpg": "an old brick building with a stone wall", "44085-09anthon.jpg": "a woman in a red hat holding a baseball bat", "05169-barnyard.jpg": "a cow sitting in a field next to a building", "36655-family.jpg": "a group of people standing next to a building", "42376-harbour.jpg": "a group of people on a boat in the water", "17240-6still3.jpg": "a painting of a vase with flowers in it", "02758-italianb.jpg": "a couple of cows standing next to a building", "30687-adoratio.jpg": "a group of people sitting in a room", "36521-extensiv.jpg": "a couple of people that are standing in the grass", "14468-401fried.jpg": "a picture of a person standing near a fence", "04257-selfpor2.jpg": "a man with a beard is taking a picture of himself", "05564-23predel.jpg": "a couple of people that are sitting down", "28904-poggio1.jpg": "a large room filled with lots of tables and chairs", "07773-50dream.jpg": "a room with a bed and a chair", "19282-selfport.jpg": "a man in a black jacket is holding a cell phone", "39017-2stair2.jpg": "a view of a bridge and a staircase", "19019-slate.jpg": "a close up of a picture of a <unk> <unk>", "20654-rometibe.jpg": "a large body of water with boats in it", "42681-general.jpg": "a group of people riding on the backs of horses", "37645-1paolo04.jpg": "a large group of people standing next to a building", "34185-beardedw.jpg": "a man in a dress is holding a piece of paper", "42623-27redhat.jpg": "a man wearing a red hat with a red hat", "32140-land2cow.jpg": "a herd of cattle laying on top of a dirt field", "04078-virgin_s.jpg": "a group of women sitting next to each other", "35575-21albert.jpg": "a woman and a woman on a horse", "26019-10bless.jpg": "a man in a black shirt holding a cell phone", "06870-goldenst.jpg": "a black and white photo of a group of people", "30329-savoya.jpg": "a man sitting on a couch holding a bat", "14740-portra2.jpg": "a man in a black shirt holding a baseball glove", "39425-4temptat.jpg": "a group of people sitting on a couch", "43285-w_women.jpg": "a large building with a building in the background", "36200-humility.jpg": "a picture of a woman sitting on a painting", "18035-41vigil.jpg": "a couple of animals that are standing in a room", "43017-10konig.jpg": "a man with a beard is holding a cell phone", "02923-vessels1.jpg": "a boat that is floating in the water", "07716-5altar1.jpg": "a man in a pink dress is holding a flower", "12350-portlady.jpg": "a woman sitting on a bed with a book", "10118-23virgin.jpg": "a woman holding a baby holding a piece of food", "03493-haymakin.jpg": "a man sitting on the ground next to a river", "17954-zestuar.jpg": "a group of people sitting on top of a sandy beach", "30918-girlpige.jpg": "a woman sitting on a couch holding a teddy bear", "04079-blackhat.jpg": "a statue of a person sitting in a room", "15716-coronati.jpg": "a group of people standing next to each other", "37909-lovesick.jpg": "a couple of people standing next to each other", "00748-11fieso5.jpg": "a man standing next to a woman in a room", "14354-baptism.jpg": "a group of people standing around in the water", "24728-maesta.jpg": "a statue of a man in a costume", "16408-mary070.jpg": "a large building with a clock on it", "08080-colosseo.jpg": "an old photo of a stone fire oven", "09644-achilles.jpg": "a painting of a clock on the side of a building", "04555-landscap.jpg": "a group of people and a dog in a river", "27084-serenade.jpg": "a couple of women standing next to each other", "07523-26conta.jpg": "a couple of people that are sitting down", "33010-11farnes.jpg": "a group of people sitting on top of a table", "15730-madonn_d.jpg": "a woman holding a baby and a baby", "43555-gardened.jpg": "a group of animals that are in the grass", "09904-courb409.jpg": "a river that has a tree in the background", "29796-aftertea.jpg": "a group of people standing in a room", "38366-1vescov3.jpg": "a man in a dress is holding a large carrot", "40065-4late4.jpg": "a dog is standing next to a cow", "09529-saul_wit.jpg": "a group of people sitting on top of a table", "28504-early13.jpg": "a black and white photo of a woman sitting on a blanket", "14015-1zenob01.jpg": "a building with a painting on the wall", "35172-judith.jpg": "a couple of women standing next to each other", "18310-1109grec.jpg": "a black and white photo of a man and a dog", "30496-british.jpg": "a group of people standing around each other in a room", "17257-auvers17.jpg": "a view of a mountain with flowers in the background", "33609-14group.jpg": "a group of people standing next to each other", "15848-sisera.jpg": "a group of people standing around a pile of rocks", "12394-viewindo.jpg": "a view of a mountain in the distance", "04207-crucifix.jpg": "a group of people standing in front of a painting", "33965-t_venus.jpg": "a group of people sitting on top of a couch", "35154-tables.jpg": "a group of people standing next to each other", "13253-end_vill.jpg": "a very tall building with a tree in the background", "39471-08judit.jpg": "a woman sitting on a couch next to a woman", "34002-1renoi04.jpg": "a large building with a bridge in the background", "12546-3eve.jpg": "a woman in a bathing suit holding an apple", "37960-serenade.jpg": "a couple of women standing next to each other", "36319-birth_vi.jpg": "a group of people sitting in a room", "20236-capture.jpg": "a group of people standing next to each other", "08583-4bather3.jpg": "a group of people sitting on top of a <unk>", "05710-extensi1.jpg": "a group of people standing next to a forest", "11164-1870s_64.jpg": "a black and white photo of a man and a child", "08405-catherin.jpg": "a picture of a woman in a dress", "44585-1centra5.jpg": "a group of people sitting on top of a bed", "07626-75stjohn.jpg": "a woman is petting a sheep on a leash", "00716-landsca1.jpg": "a large building with people standing around it", "08263-crucifix.jpg": "a statue of a man standing next to a statue", "38892-main09.jpg": "a group of people standing on top of a boat", "06272-venus_cu.jpg": "a group of people sitting on a bed", "33506-11portra.jpg": "a man with a beard is looking at the camera", "04101-1rest.jpg": "a couple of people standing next to a herd of cattle", "23511-presenta.jpg": "a large building with people standing around", "34978-02formi.jpg": "an old building with a large stone building", "32799-33carde.jpg": "a couple of kids standing next to each other", "18301-1015grec.jpg": "a man wearing a red shirt and tie", "13926-st_paul.jpg": "a black and white dog sitting on a couch", "14808-anthony.jpg": "a man standing next to a window with a dog", "42224-0210vela.jpg": "a group of people that are sitting on a couch", "31005-judithol.jpg": "a couple of women standing next to each other", "16575-3vault.jpg": "a blue and gold clock on a wall", "23102-transept.jpg": "a large cathedral with a clock on the wall", "18754-guard296.jpg": "a crowd of people walking down a street", "07400-holy_fam.jpg": "a man and a woman standing next to each other", "29993-parthare.jpg": "a bird sitting on the ground next to a tree", "30042-judparis.jpg": "a group of people sitting on a beach", "19203-71pend2.jpg": "a woman in a black jacket is sitting on a bench", "15497-2stigma.jpg": "a statue of a woman standing next to a statue", "32306-04selfpo.jpg": "a man wearing a black jacket and black jacket", "30313-p_navona.jpg": "a large building with statues on it", "15154-adormagr.jpg": "a group of people standing next to each other", "36834-portgent.jpg": "a man wearing a tie and a red tie", "23133-2chapte9.jpg": "a statue of a man wearing a hat", "17293-selfpo20.jpg": "a close up of a painting of a <unk>", "32998-6logget2.jpg": "a group of people that are on skis", "02835-scenewin.jpg": "a large group of people standing on a beach", "10292-04elect2.jpg": "a man wearing a red shirt and a tie", "24287-gardens.jpg": "a large body of water next to a lush green field", "19795-marriag1.jpg": "a group of people sitting around a table", "42104-19studi5.jpg": "a group of people sitting in a glass window", "37818-s_benedi.jpg": "a painting of a man holding a tie"}