{"08161-circe.jpg": "a woman sitting on a bed with two cows", "37040-1antich1.jpg": "a group of people standing in front of a building", "22291-1foscar5.jpg": "a group of people standing next to a statue", "14369-sevenact.jpg": "a group of people standing in front of a stone building", "36855-mountain.jpg": "a large rock in the middle of a field", "17799-703goya.jpg": "a couple of women standing next to each other", "36811-limbo.jpg": "a couple of people that are standing on a wall", "08912-madonnb.jpg": "a black and white photo of a woman in a dress", "09558-corot13.jpg": "a tree in a forest filled with trees", "18624-2view4lr.jpg": "a room with a painting on the wall", "04189-catherix.jpg": "a woman in a white dress holding a tie", "24659-becket.jpg": "a painting of a woman dressed in a costume", "30001-threedog.jpg": "a group of dogs that are standing next to each other", "00462-szecheny.jpg": "a man standing in front of a mirror", "04680-venus_3g.jpg": "a group of people laying on top of a bed", "35571-18chmaid.jpg": "a close up of a person in a suit", "34991-13clemen.jpg": "a picture of a man and a painting", "17743-310goya.jpg": "a group of people standing on top of a dirt field", "24817-christop.jpg": "a group of people standing next to a fountain", "33888-03noremb.jpg": "a young boy wearing a black shirt and white shirt", "25104-6rosegar.jpg": "a group of women standing next to each other", "34717-doges2.jpg": "a statue of a man wearing a hat and a hat", "18588-1view.jpg": "a painting of a man standing in front of a window", "39407-7circum.jpg": "a group of people sitting on top of horses", "10515-m_tcruc.jpg": "a group of people standing around a statue", "39066-5tasso2.jpg": "a group of people sitting on a bench", "35498-28mythol.jpg": "a group of people that are playing with horses", "34061-3renoi09.jpg": "a large clock tower towering over a body of water", "42589-16ladyv.jpg": "a group of people standing in a room", "36141-bicker.jpg": "a group of people standing next to each other", "03410-04adorat.jpg": "a large group of people riding on the backs of elephants", "11059-shishkov.jpg": "an old man is sitting on the ground", "32491-eccehomo.jpg": "a group of people standing next to each other", "34357-gastone.jpg": "a statue of a man standing next to a statue", "35567-151anne.jpg": "a statue of a man wearing a costume", "06234-young_g.jpg": "a woman sitting in front of a laptop", "03618-91birth_v.jpg": "a group of people sitting around a fire place", "42285-0703vela.jpg": "a man in a green jacket sitting on a floor", "06559-garden_e.jpg": "a group of horses standing around a tree", "42612-25artpa.jpg": "a black and white photo of a woman sitting in a chair", "20945-birds.jpg": "a flock of birds flying over a body of water", "00721-scene.jpg": "a group of people on boats in a river", "14250-7madonna.jpg": "a picture of a woman in a dress", "39461-01solomo.jpg": "a group of people sitting in front of a building", "07002-18boats.jpg": "a couple of boats that are floating in the water", "43452-leiden.jpg": "a large building with a dog on it", "22773-death_v.jpg": "a group of people are sitting on a couch", "14172-05family.jpg": "a group of people sitting in front of a mirror", "15932-concert.jpg": "a group of people sitting on the ground next to a tree", "22251-tabaksko.jpg": "a large room filled with lots of people", "42933-7wall.jpg": "a man sitting on top of a brown horse", "09740-grif_01.jpg": "a statue of a man holding a book", "21779-thermopy.jpg": "a group of people standing next to a river", "12059-violonpl.jpg": "a man in a leather jacket holding a book", "13834-anthony.jpg": "a large group of people standing next to each other", "25192-crucifiz.jpg": "a black and white photo of a man and a woman", "36350-morning.jpg": "a painting of a woman standing under an umbrella", "08318-xpanel1.jpg": "a man standing next to a man holding a tie", "03593-10ventur.jpg": "a group of people standing around a statue", "09596-sanpaolo.jpg": "a living room with a fire place and a chair", "19364-21hayez.jpg": "a group of men standing next to each other", "44271-2rome.jpg": "a river with a bridge and a bridge in the background", "14745-stillif4.jpg": "a bunch of fruit sitting on top of a table", "17453-gentlema.jpg": "a statue of a man wearing a hat and tie", "20512-1c3_pinn.jpg": "a statue of a man holding a baseball bat", "14482-412fried.jpg": "a boat sitting on top of a body of water", "15588-06tondo.jpg": "a large group of people standing around a building", "38626-twodrunk.jpg": "a statue of a man holding a stuffed animal", "29531-medallio.jpg": "a group of people sitting around a <unk>", "28847-madonna2.jpg": "a man and a baby are sitting on a couch", "20141-vijgeboo.jpg": "a couple of people standing next to a building", "20338-friends.jpg": "a couple of people that are sitting down", "44398-maitland.jpg": "a statue of a woman wearing a dress", "18920-1sextus.jpg": "a woman sitting on a couch next to a woman", "17012-nuenen32.jpg": "a man wearing a hat and a hat", "23416-polypti.jpg": "a large group of people standing in a room", "13088-isaac.jpg": "a group of people sitting in a room", "31076-3anton06.jpg": "a painting of a woman sitting in front of a mirror", "02983-balassi8.jpg": "a woman in a dress holding a cigarette", "30959-dragon.jpg": "a man riding on the back of a brown horse", "30159-skirmish.jpg": "a group of horses that are standing in the sand", "07253-canal703.jpg": "a large body of water filled with lots of boats", "36087-3bathsh1.jpg": "a large painting on the side of a wall", "43542-liberal.jpg": "a group of people standing around each other", "30325-lerma.jpg": "a man in a costume holding a guitar", "14209-portrait.jpg": "a close up of a person with a cell phone", "42426-amorous.jpg": "a black and white photo of a woman in a dress", "24985-catholi.jpg": "a group of people standing around a table", "34250-southern.jpg": "a group of people riding horses down a dirt road", "05184-cornar10.jpg": "a group of people standing next to a statue", "37650-1paolo09.jpg": "a group of people sitting on top of a stone wall", "30847-vision.jpg": "a group of people standing next to each other", "05177-cornar03.jpg": "a group of people standing next to a stone wall", "07468-091lute.jpg": "a woman sitting at a table holding a knife", "35990-streetsh.jpg": "a group of people standing next to a building", "19043-gallery.jpg": "a group of people standing in front of a wall", "05703-venus2.jpg": "a group of people sitting in a room", "36441-paradis.jpg": "a flock of birds flying around a tree", "10795-lambert.jpg": "a young girl is holding a baseball bat", "44291-venice.jpg": "a large body of water with boats in it", "20580-company7.jpg": "a group of people sitting in a room", "08050-sister_m.jpg": "a man with a beard and a beard", "44574-p_family.jpg": "a group of people sitting around a table", "03777-057ferr1.jpg": "a picture of a man standing in a room", "29382-triptych.jpg": "a statue of a woman standing next to a clock", "05832-2erasmu3.jpg": "a man in a red hat holding a book", "37036-immacula.jpg": "a group of people standing in a room", "18479-orange.jpg": "a woman is sitting in a gold clock", "43492-river_la.jpg": "a herd of cattle walking across a dirt road", "21826-spring.jpg": "a beautiful young woman in a white dress standing next to a tree", "00945-00humil2.jpg": "a large clock tower with a man in a dress", "39051-3ariost4.jpg": "a group of people sitting on top of a building", "30506-lanruins.jpg": "a view of a large stone structure in the distance", "24824-annuncia.jpg": "a group of people standing around a table", "09530-selfport.jpg": "a man wearing a hat and a tie", "42992-6venus_a.jpg": "a couple of people that are sitting down", "12476-05sorrow.jpg": "a man wearing a tie and a purse", "35561-11boybir.jpg": "a man is holding a flower in his hand", "44401-teynham.jpg": "a picture of a woman in a dress", "41129-crucifix.jpg": "a painting of a woman holding a <unk>", "02510-7elem3.jpg": "a close up of a horse statue on a table", "29183-7pentec.jpg": "a group of people sitting next to each other", "36322-cecilia2.jpg": "a group of people standing on top of a couch", "29300-308muril.jpg": "a group of people sitting on a couch", "32286-14phoci2.jpg": "a dog is standing in front of a church", "15332-colonna6.jpg": "a painting of a person sitting on a wall", "43006-02porto2.jpg": "a man and a woman standing next to each other", "37501-stillif2.jpg": "a table topped with lots of fruits and vegetables", "30213-2evangel.jpg": "a group of people laying on top of a couch", "33388-11newtes.jpg": "a man sitting on a wall next to a man", "06316-02icarus.jpg": "a man standing in front of a boat filled with animals", "21142-view_str.jpg": "a herd of cattle walking down a street", "17428-n-arcebc.jpg": "a group of people standing around each other", "29946-painstud.jpg": "a man sitting in front of a large building", "11161-1870s_61.jpg": "a man laying on the beach with a dog", "05707-twohounds.jpg": "a group of dogs that are sitting on the ground", "00076-selfport.jpg": "a man wearing a hat and a tie", "22261-selfport.jpg": "a man with a stick in his hand", "42677-davidgol.jpg": "a couple of women standing next to each other", "37111-scene25.jpg": "a group of people standing in front of a building", "23784-crucifix.jpg": "a large group of people standing around a crowd of people", "40390-4portr_w.jpg": "a woman in a dress holding a baseball glove", "17536-3hermaph.jpg": "a couple of men standing next to each other", "08415-eccehomo.jpg": "a dog laying in the middle of a bed", "02796-vase_win.jpg": "a vase of flowers sitting on a table", "17923-valkhof.jpg": "a large castle in the middle of a city", "44702-landgirl.jpg": "a group of people riding on the backs of horses", "43984-3sevens.jpg": "a group of people standing next to each other", "37407-slevogt3.jpg": "a man standing next to a stone wall", "41140-holy_fam.jpg": "a group of people standing in front of a building", "24528-13clemen.jpg": "a statue of a person holding a baby", "37844-virgin_c.jpg": "a small child sitting on a chair with a teddy bear", "23945-miracl7.jpg": "a group of people standing in front of a building", "31687-ponto08.jpg": "a tree in a forest filled with trees", "19245-stillif4.jpg": "a table that has a bunch of fruit on it", "32984-06stuffe.jpg": "an old building with a clock on the wall", "25335-virgin.jpg": "a man and a woman standing next to each other", "39744-10mirror.jpg": "a couple of people sitting next to each other", "09990-hagar.jpg": "a group of women standing next to each other", "25210-0_virgin.jpg": "a group of women standing next to each other", "16607-stufetta.jpg": "a bird sitting on top of a wooden pillar", "33514-19portra.jpg": "a woman in a dress looking at the camera", "05034-immacula.jpg": "a group of people sitting on top of a bed", "19768-woodedlc.jpg": "a group of people standing next to a river", "44763-martyrdo.jpg": "a man in a white robe is sleeping on a towel", "06565-panoram.jpg": "a group of people riding horses in a dirt field", "10163-56religi.jpg": "a group of people standing next to each other", "10084-12altar.jpg": "a group of people sitting on a train", "32648-paulbar1.jpg": "a group of people standing next to each other", "08477-madonna.jpg": "a group of people standing next to each other", "23833-2manet12.jpg": "a group of people standing around a horse drawn carriage", "14940-6pould10.jpg": "a couple of people standing next to a wooden fence", "23130-2chapte6.jpg": "a painting of a man and a large elephant", "36206-predel1.jpg": "a group of people standing around a store", "22206-golden_c.jpg": "a picture of a group of people in a room", "30530-conversa.jpg": "a black and white photo of a woman holding a baby", "29311-painter.jpg": "an old photo of a person in a living room", "11698-5predel1.jpg": "a couple of people standing next to each other", "08527-1lands01.jpg": "a wooden bridge in the middle of a river", "35568-15yrss.jpg": "a man in a white dress is standing in a room", "11121-early12.jpg": "a man dressed in a black and white dress", "33458-21oldtes.jpg": "a black and white photo of a group of people", "37058-4damned1.jpg": "a large group of people standing in a room", "31220-09hercul.jpg": "a statue of a man dressed in a costume", "14435-202fried.jpg": "a picture of a snow covered mountain in the snow", "10434-strosali.jpg": "a group of people sitting on top of a couch", "11020-414david.jpg": "a group of men standing in front of a tree", "20105-31hooch.jpg": "a woman standing next to a building with a bird", "17843-blac639.jpg": "an image of a cat sitting next to a cat", "30855-egypt.jpg": "a group of people standing next to each other", "35482-21mythol.jpg": "a group of people standing next to each other", "18318-1206grec.jpg": "a painting of a man riding on a horse", "02859-procures.jpg": "a group of people standing around each other", "08150-holy_fam.jpg": "a group of people sitting on top of a couch", "07936-assumpt.jpg": "a group of people sitting in a room", "04684-pannini.jpg": "an older woman sitting in a chair with a pair of scissors", "33963-st_peter.jpg": "a man in a red dress is holding his arm up", "12132-river_la.jpg": "a sailboat in the middle of a body of water", "29442-querini.jpg": "a man in a red coat is holding a stuffed animal", "13788-barbara.jpg": "a woman in a red dress and a leather jacket", "21387-lycomed2.jpg": "a group of people standing around a statue", "22960-27promen.jpg": "a group of people riding on the backs of horses", "29135-jessetre.jpg": "a group of people dressed in traditional costumes", "17266-auvers26.jpg": "a painting of a cow standing next to a painting", "41634-2tablet.jpg": "a painting of a group of people on a wall", "20050-10musica.jpg": "a group of people on a stage with a baseball bat", "38359-vittori2.jpg": "a woman standing in front of a mirror", "33550-73portra.jpg": "a man wearing a hat and a hat", "13335-1open.jpg": "a display of pictures and pictures on a wall", "31026-p_globe.jpg": "a man in a leather jacket holding a pizza", "30041-stillif4.jpg": "a wooden table topped with lots of fruit", "18115-daughter.jpg": "a couple of women standing next to each other", "35047-village.jpg": "a group of people standing around a large building", "24968-0view5.jpg": "a room with a checkered floor and a checkered floor", "35112-marine.jpg": "a large body of water next to a body of water", "43480-mancini5.jpg": "a woman in a dress with flowers in her hands", "07614-66annunc.jpg": "a woman standing in front of a dark background", "39963-03early.jpg": "a group of people standing around a brown horse", "02897-s_xavier.jpg": "a group of people that are laying on a bed", "21843-lasource.jpg": "a woman standing on a rock next to a body of water", "33648-07landsc.jpg": "the sun is shining in the sky above the trees", "40301-107turnd.jpg": "a group of people standing next to a river", "18895-romuald.jpg": "a man with a dog and a dog", "24646-grabow3.jpg": "a couple of people standing next to each other", "07569-46ecceho.jpg": "a couple of people standing next to each other", "08929-repast.jpg": "a group of women sitting around a table", "41178-zchrist1.jpg": "a group of people sitting around a bucket", "03074-1illasi1.jpg": "a room filled with lots of colorful decorations", "39422-1lastsu2.jpg": "a group of people sitting around a man", "21696-masquera.jpg": "a couple of people standing next to each other", "32469-red_sea.jpg": "a group of people standing next to each other", "38317-portrait.jpg": "a man in a suit sitting in a chair", "32285-13phoci1.jpg": "a group of people walking down a dirt road", "31354-mountai.jpg": "a group of people standing next to a river", "37632-lapiths.jpg": "a group of people riding on top of a bed", "40733-01icon.jpg": "a man sitting in front of a large painting", "25323-triptyc3.jpg": "a couple of people standing next to each other", "43582-4lastsup.jpg": "a group of people sitting around a table", "24873-cecilia.jpg": "a painting of a woman in a dress", "21928-6carnat.jpg": "a woman holding a baby in front of a mirror", "09055-nuptials.jpg": "a large group of people in a room", "42847-11panta.jpg": "a group of people standing around each other", "43777-12festiv.jpg": "a group of people standing next to a statue", "17739-306goya1.jpg": "a woman standing in front of a large tree", "43971-0miraflo.jpg": "a group of people sitting in a doorway", "15996-noli_me.jpg": "a painting of a woman standing next to a statue", "03530-olindo.jpg": "a couple of men standing on top of a wooden cutting board", "11972-allegr12.jpg": "an old building with a clock on the wall", "14610-4servant.jpg": "a group of people sitting on a bench", "23195-38monaco.jpg": "a statue of a woman standing next to a statue", "35422-42religi.jpg": "a picture of a tree in a forest", "35648-11sketch.jpg": "a group of people standing next to each other", "10964-105david.jpg": "a group of people that are sitting on a couch", "07111-mercury.jpg": "a group of dogs laying on a bed", "31746-09figure.jpg": "a group of people standing next to each other", "22727-1annunci.jpg": "a large building with a statue and a statue", "38443-11szinye.jpg": "a dog laying down in a field of grass", "34349-pond.jpg": "a couple of animals that are in the grass", "33527-40portra.jpg": "a man in a hat is wearing a hat", "19834-03deadch.jpg": "a person laying on a bed next to a person", "37951-kolfspel.jpg": "a group of people standing around a wooden fence", "42719-shipwrex.jpg": "a group of people standing on top of a beach", "37554-z_rule.jpg": "a large statue of a man standing next to a building", "13331-28margar.jpg": "a man wearing a pirate hat sitting in a chair", "13383-u1annun1.jpg": "a woman wearing a suit and tie holding a tie", "08529-1lands03.jpg": "a fallen log in the middle of a forest", "02919-storm.jpg": "a black and white photo of an airplane", "07632-84jupitx.jpg": "a group of people that are sitting in a mirror", "28857-tullia.jpg": "a woman dressed in a costume with a tie", "11608-viewrome.jpg": "an old building with a castle in the background", "36456-adorshep.jpg": "a man standing next to a baby on the ground", "27163-mildorf3.jpg": "a group of people riding on the backs of elephants", "34293-p_garden.jpg": "a couple of women sitting on top of a rock", "21919-2annunc.jpg": "a woman sitting on top of a statue next to a statue", "38281-madonna.jpg": "a group of people standing in a room", "02751-aqueduct.jpg": "a group of people riding horses down a dirt road", "31897-g_sforza.jpg": "a man wearing a black shirt and black pants", "19357-flowers.jpg": "a bunch of colorful flowers in a vase", "42595-18woman.jpg": "a woman standing in front of a window", "35812-insects.jpg": "a bunch of fruit sitting on top of a table", "39443-5maggio2.jpg": "a group of people standing around a building", "11148-1870s_13.jpg": "a woman laying on a couch next to a woman", "43713-schonber.jpg": "a mountain with a mountain in the background", "18560-6abukir.jpg": "a group of people riding on the back of horses", "37136-8trinity.jpg": "a group of people standing around a statue", "39553-portgirl.jpg": "a woman wearing a hat and a hat", "28475-mountain.jpg": "a group of animals standing on top of a mountain", "15451-0view2.jpg": "a room with a clock and a chandelier", "11542-ladychil.jpg": "a picture of a woman in a mirror", "02867-baptism2.jpg": "a group of people standing around a tree", "37399-christre.jpg": "a painting of a man standing next to a statue", "14357-esther.jpg": "a black and white photo of a group of people", "28405-duet1.jpg": "a woman sitting on a floor next to a dog", "42055-pitti.jpg": "a room with a clock and a chandelier", "02737-killarn1.jpg": "a large body of water with people on it", "05192-04epipha.jpg": "a group of teddy bears standing next to a building", "02998-portrait.jpg": "a woman in a dress is holding a flower", "31741-04figure.jpg": "a man wearing a blue and white striped shirt", "28321-river_la.jpg": "a group of people standing next to a river", "13078-luxembou.jpg": "a group of people standing around a building", "43151-amours.jpg": "a couple of women standing next to each other", "05774-bacchus.jpg": "a group of men and children sitting on a couch", "24987-catholic.jpg": "a group of people standing around a building", "40023-brothe06.jpg": "a painting of a woman sitting on a wall", "19818-portrai1.jpg": "a woman with a hot dog in her mouth", "14922-3ponta04.jpg": "a man is sitting on a couch with a dog", "21423-billiard.jpg": "a group of people standing in front of a building", "21510-marsyas.jpg": "a group of people sitting on top of a bed", "33328-crucifix.jpg": "a large vase with a <unk> on it", "06293-feeling.jpg": "a group of people sitting around a table", "44794-virgin.jpg": "a woman holding a baby in her lap", "42486-portrai2.jpg": "a woman sitting on a bed in a room", "20749-apostle.jpg": "a close up of a person with a dog", "25246-apollo.jpg": "a couple of people playing a game of tennis", "08632-dalrympl.jpg": "a man in a red robe is standing on a rock", "20959-insects3.jpg": "a bunch of kites that are on a wall", "04120-milkmaid.jpg": "a group of people standing in front of a stone wall", "33384-07newtes.jpg": "a man is sitting in a dark room", "22326-48evenin.jpg": "a group of people in a boat in the water", "19775-blossom.jpg": "a large tree in a field next to a river", "15212-finding.jpg": "a group of people that are sitting down", "17144-arles66.jpg": "a close up of a <unk> on a wooden surface", "44049-5diptych.jpg": "a painting of a man standing next to a painting", "14973-tahiti19.jpg": "this is a picture of a woman laying down", "35808-flowers2.jpg": "a bunch of vegetables sitting on a table", "14673-nativity.jpg": "a painting of a man sitting on top of a boat", "34150-cockburn.jpg": "a group of children sitting on top of a bed", "40899-10sorrow.jpg": "a group of people standing in front of a mirror", "32744-manbread.jpg": "a brown teddy bear sitting on top of a rock", "04013-madonna.jpg": "a large group of people standing in front of a clock", "13686-philip.jpg": "a man riding on the back of a brown horse", "01129-crucifix.jpg": "a couple of women standing next to each other", "14445-210fried.jpg": "a man standing next to a tree next to a tree", "16649-michael.jpg": "a statue of a man holding a skateboard", "37103-1apostl2.jpg": "a couple of men standing next to each other", "03409-03calvar.jpg": "a group of people sitting on a couch", "03389-stilmus2.jpg": "a room with a bed and a chair", "44217-princess.jpg": "a picture of a woman in a wedding dress", "14259-6corona.jpg": "a group of people standing next to each other", "37349-winter01.jpg": "a snow covered road with snow covered snow", "36740-hevelius.jpg": "a man sitting on a couch reading a book", "26035-13john3.jpg": "a woman in a red dress reading a book", "22488-1palaott.jpg": "a group of people standing next to each other", "24332-portgent.jpg": "a man in a leather jacket and a tie", "10705-cloud_st.jpg": "a picture of a large body of water", "39001-18labia.jpg": "a large clock mounted to the side of a building", "17937-haarlemm.jpg": "a large body of water with a sky background", "43496-erupti2.jpg": "a group of people standing on top of a mountain", "14964-tahiti10.jpg": "a bird sitting on top of a wooden floor", "14825-ascensio.jpg": "a large group of people standing next to each other", "07851-05flight.jpg": "a man and woman standing next to a horse", "00119-market.jpg": "a man wearing a hat and a cowboy hat", "44527-federi05.jpg": "a group of people standing around in a room", "33349-selfport.jpg": "a man standing next to a man with a skateboard", "28583-lazare5.jpg": "a large building with a large rock in the background", "23524-virgin_s.jpg": "a group of children sitting on a couch", "05092-youngwom.jpg": "a woman in a dress standing next to a table", "34857-ceiling.jpg": "a large clock mounted to the side of a building", "07215-canal503.jpg": "a church with a clock tower in the middle", "43070-portrai1.jpg": "a person in a mirror looking at the camera", "12209-pre_f_3.jpg": "a painting of a man standing next to a painting", "29123-magdalen.jpg": "a display window with people in it", "33507-12portra.jpg": "a close up of a person wearing a mask", "30420-rocca3.jpg": "a painting of a man and a dog on a shelf", "16712-lacaucas.jpg": "a close up of a person with a red blanket", "22941-08ridott.jpg": "a group of people standing in front of a building", "08664-13nurse.jpg": "a man standing next to a white table", "21074-acropoli.jpg": "a large building with a castle in the background", "21158-stillif5.jpg": "a table topped with plates of food and a glass of wine", "25260-appariti.jpg": "a group of people standing in front of a building", "12335-dividing.jpg": "a group of people standing around a building", "26127-35tondo.jpg": "a woman holding a baby in a mirror", "42493-spinet.jpg": "a man in a black jacket and white shirt", "21183-crucifix.jpg": "a large group of people standing around a building", "39753-02mirror.jpg": "a man and woman standing next to each other", "39378-30ascen.jpg": "a group of people that are standing next to each other", "29266-200muril.jpg": "a couple of people sitting next to a dog", "09543-nicolo1.jpg": "a group of people sitting on top of each other", "34637-laokoon.jpg": "a large stone building with statues in it", "18999-haydn.jpg": "a man in a suit and tie standing next to a wall", "04541-madonna.jpg": "a group of women standing next to each other", "18978-03guilla.jpg": "a large body of water near a body of water", "35110-harbour1.jpg": "a group of people riding horses down a river", "13094-port_fam.jpg": "a group of people are sitting on the ground", "13392-u4annun1.jpg": "a woman standing in front of a building", "09374-leaping1.jpg": "a group of people riding on the backs of horses", "42124-07vecchj.jpg": "a statue of a man standing on top of a pool", "17275-selfpo02.jpg": "a man in a suit is eating something", "03204-gatto.jpg": "a group of children sitting on a bed", "38432-8japanes.jpg": "a woman in a dress sitting on a bed", "33365-portrai1.jpg": "a man and a child sitting at a table", "44726-farnese6.jpg": "a wall with many different types of art on it", "21925-4benci1.jpg": "a picture of a tree with a sign on it", "20910-forest.jpg": "a group of people standing in front of a forest", "34008-1renoi10.jpg": "a man and woman standing next to each other", "08569-4still6.jpg": "a table topped with lots of fruits and vegetables", "18750-guard216.jpg": "a large building with a clock tower in the background", "33406-07passio.jpg": "a woman is standing next to a cat", "36111-hercules.jpg": "a group of statues on display in a museum", "19829-4adameve.jpg": "a man and a woman kissing each other", "30886-young_p.jpg": "a close up of a person wearing a tie", "31136-6tortur1.jpg": "a group of people standing next to each other", "05783-finding.jpg": "a group of people standing next to each other", "40181-jullienn.jpg": "a woman sitting in front of a painting on a couch", "03213-selfporx.jpg": "a man with a beard and a beard", "23178-16monaco.jpg": "a painting of a cow and a cow in a building", "07930-venus_sc.jpg": "a couple of people that are laying down", "05263-1paradi1.jpg": "a group of people standing next to a large elephant", "24026-4sgeorge.jpg": "a statue of a man standing next to a pile of fruit", "09230-passion.jpg": "a large clock is on display in a museum", "34178-adorati.jpg": "a group of people standing around a bunch of animals", "18512-clearing.jpg": "a group of people walking through a forest", "12479-08electo.jpg": "a man wearing a black hat and a black hat", "25148-panel2.jpg": "a couple of people standing next to each other", "00909-armadio5.jpg": "an elephant with a woman riding on top of it", "13967-idealand.jpg": "a group of people standing next to a mountain", "17093-1arles05.jpg": "a tree covered in lots of yellow trees", "07194-canal310.jpg": "a large group of people on a river", "14721-14sequei.jpg": "a man sitting in a chair reading a book", "19787-tomyris.jpg": "a group of people standing in front of a building", "37587-salome1.jpg": "a couple of people that are holding a plate", "22764-prodigal.jpg": "a group of people standing next to each other", "41344-052coron.jpg": "a large painting on the side of a building", "43219-1isabel.jpg": "a picture of a woman in a dress", "34663-nimes1.jpg": "a group of people standing in front of a stone building", "09432-asparagx.jpg": "a bunch of vegetables sitting on a table", "06564-orpheus.jpg": "a crowd of people watching a crowd of people", "29200-10munkac.jpg": "a couple of animals that are standing in the dirt", "05118-st_peter.jpg": "a group of people sitting in a room", "03187-fragmen1.jpg": "a painting of a display of people and a statue", "41732-stillif1.jpg": "a bunch of fruit sitting on top of a table", "07252-canal702.jpg": "a large body of water with boats in it", "20282-stil_lif.jpg": "a bunch of fruits and vegetables on a table", "15883-medici10.jpg": "a large group of people in a room", "42420-fortunet.jpg": "a group of people that are sitting on a chair", "17485-6norfol2.jpg": "a woman sitting on a bed holding a baby", "06215-garcia1.jpg": "a close up of a person wearing a tie", "23886-5late05.jpg": "a bunch of logs that are on the ground", "18184-triumph.jpg": "a group of people sitting on top of a table", "00803-predel2.jpg": "a group of people standing next to each other", "28913-baptism.jpg": "a group of people standing next to each other", "34187-hercules.jpg": "a man sitting on a couch with a dog", "18510-palumbo.jpg": "a group of people standing next to each other", "32214-19midas.jpg": "a group of men sitting on the ground with dogs", "11087-turkishb.jpg": "a group of people sitting in front of a building", "18860-martyrdo.jpg": "a group of people that are sitting on a horse", "06106-smallgle.jpg": "a woman in a blue jacket is sitting in the water", "14743-stillif2.jpg": "a bunch of fruit sitting on top of a counter", "29676-capricci.jpg": "an old building with statues on the top of it", "11561-stefano1.jpg": "a group of people sitting in front of a clock", "29144-landscap.jpg": "a group of people walking through a river", "42642-33faith.jpg": "a man sitting on a chair in a room", "24112-scene1a.jpg": "a group of people standing in front of a building", "21310-01jobwif.jpg": "a man sitting on top of a couch next to a woman", "18822-arpo4.jpg": "a statue of a woman standing next to a painting", "18496-zdeadbir.jpg": "a young woman is holding a plate of food", "14381-lastjudg.jpg": "a group of people that are sitting on a bed", "24016-1chapel0.jpg": "a large group of people standing under an umbrella", "04890-guild.jpg": "a group of people sitting around each other in a room", "05197-09folly.jpg": "a couple of people sitting on top of a table", "21723-visit.jpg": "a group of people standing around a dog", "44511-landsc_a.jpg": "a group of people sitting around a stone building", "08818-summer.jpg": "a couple of animals that are standing in the dirt", "26141-36ursu11.jpg": "an old fashioned photo of a couple and a statue", "18555-2arcole.jpg": "a man wearing a black jacket and a tie", "03812-068pred7.jpg": "a woman standing in front of a building", "08820-fallman.jpg": "a couple of women standing next to each other", "41158-winepres.jpg": "a picture of a woman in a <unk>", "43080-istanbul.jpg": "a bunch of boats that are sitting in the water", "03989-bello301.jpg": "a large building with a building in the background", "24352-insects.jpg": "a painting of a person sitting on a couch", "04687-00selfpo.jpg": "a black and white photo of a man in a suit", "35077-virgin_c.jpg": "a woman sitting in a chair next to a baby", "24598-st_john2.jpg": "a group of people sitting next to each other", "35841-alkmaar.jpg": "a sail boat in a body of water", "19586-stjerom.jpg": "a man in a red jacket holding a cat", "32729-anneblai.jpg": "a woman standing in front of a wall", "39501-17loreda.jpg": "a statue of a man wearing a hat", "26744-04_4sp4f.jpg": "a group of people sitting on top of a bed", "18220-0401grec.jpg": "a large building with statues on the wall", "10761-portanne.jpg": "a man and a woman are standing in a room", "17304-selfpo31.jpg": "a painting of a man with a face on his face", "07802-08virgin.jpg": "a woman sitting on a couch reading a book", "30947-philoso1.jpg": "a man in a red shirt laying on a bed", "25303-self_por.jpg": "a woman is holding a dog in her lap", "28798-decorat2.jpg": "a couple of people standing next to a tree", "16023-franc05.jpg": "a group of people standing next to a building", "03551-10studio.jpg": "a group of people standing around in a room", "14625-1south3.jpg": "a group of people sitting next to each other", "43127-lepanto3.jpg": "a group of men riding on top of horses", "17228-copies20.jpg": "a statue of a man and a horse statue", "14220-clare5.jpg": "a painting of a woman in a dress", "35916-romuald.jpg": "a group of people sitting on a couch", "42734-hunting.jpg": "a man standing next to a large animal", "35559-09philos.jpg": "a group of men standing next to each other", "44179-marine.jpg": "a group of people standing next to a boat", "06613-bouquet.jpg": "a painting of a vase with flowers in it", "23405-coastal.jpg": "two people on a rock in the water", "17107-3arles21.jpg": "a painting of colorful flowers in a garden", "42204-0103vela.jpg": "a woman in a dress standing next to a rock"}