{"21766-raptamar.jpg": "a woman sitting on the floor next to a woman", "21431-company.jpg": "a group of people standing next to a tree", "37096-predell1.jpg": "a group of people riding on the back of a river", "11471-stllif.jpg": "a bunch of fruit sitting on top of a table", "21033-soldiers.jpg": "a black and white photo of a group of people", "12357-landmagd.jpg": "a dog laying on the ground next to a tree", "18177-mother_c.jpg": "a woman holding a book and a child", "06573-paradlan.jpg": "a bunch of animals that are standing in a field", "05429-04madonn.jpg": "a group of young people standing next to each other", "29361-seller_sn.jpg": "a man with a hat sitting on a table", "21029-virgin2.jpg": "a black and white photo of a woman in a dress", "39460-4entombm.jpg": "a black and white photo of people in a room", "32185-ricardus.jpg": "a man in a black jacket holding a toy", "31310-mad_chil.jpg": "a couple of women sitting next to each other", "23141-pieta.jpg": "a painting of a man sitting next to a man", "25120-ursula2.jpg": "a group of people standing next to a building", "36086-2david4.jpg": "a painting of a building with statues on it", "31821-amarylli.jpg": "a group of people sitting on the ground next to a castle", "23526-fantasti.jpg": "a large building with a clock on it", "29242-oldcastl.jpg": "a large clock tower in front of a cloudy sky", "30237-07martyr.jpg": "a group of people riding on the backs of horses", "44178-coastal2.jpg": "a bunch of boats that are sitting in the water", "33437-03oldtet.jpg": "a group of people riding horses in a parade", "19893-93portra.jpg": "a picture of a man in a mirror", "40037-cabare03.jpg": "a statue of a man with a hat on", "35297-judgment.jpg": "a group of people standing on top of a beach", "10463-lamberti.jpg": "a man sitting on a couch with a stuffed animal", "43408-ambrose1.jpg": "a statue of a man in a <unk> costume", "40184-alarm.jpg": "a group of people sitting on top of a cow", "22438-marketsc.jpg": "a crowd of people sitting in front of a building", "05507-sixtus2.jpg": "a statue of a man standing next to a clock", "12139-nude2.jpg": "a woman sitting on a couch next to a woman", "42691-capricci.jpg": "a group of people standing next to a river", "10213-2nymph2.jpg": "a little boy that is sitting in a bowl", "15445-2ogniss2.jpg": "a group of people sitting next to each other", "00527-1north4.jpg": "a group of people standing in front of a building", "03975-bello203.jpg": "an old building with smoke coming out of it", "39837-port_man.jpg": "an older man wearing a suit and tie", "33510-15portra.jpg": "a man with a beard is standing in the dark", "39769-13isabel.jpg": "a woman in a red dress wearing a dress", "24179-holyfamj.jpg": "a woman sitting on a bed reading a book", "22263-y_flute.jpg": "a man wearing a baseball hat and a hat", "15858-europa2.jpg": "a group of people playing a game on a beach", "17797-702goya.jpg": "a dog laying next to a piece of bread", "31716-winter15.jpg": "an old brick building with a stone wall", "13165-christ_t.jpg": "a group of people standing next to each other", "36929-madonna.jpg": "a black and white picture of a woman in a dress", "00012-chimney1.jpg": "a large clock mounted to the side of a wall", "28497-early06.jpg": "a person in a horse drawn carriage in the snow", "03395-jerome.jpg": "a man and a dog sitting on a bed", "38722-unequal.jpg": "a woman in a white shirt and a black dog", "17153-portra05.jpg": "a man wearing a blue jacket with a beard", "43361-murano2.jpg": "a man in a red and white suit and tie", "17212-copies04.jpg": "a toy bear sitting on a wooden bench", "37369-marly3.jpg": "a couple of people standing next to a body of water", "37383-paris6.jpg": "a person standing on a beach next to a lake", "03968-bello108.jpg": "a large body of water next to a city", "24893-veronica.jpg": "a statue of a man wearing a cowboy hat", "42222-0208vela.jpg": "a man standing in front of a painting on a wall", "11669-0view2.jpg": "a large building with a lot of people", "13940-rebellio.jpg": "a group of people sitting in a room", "21464-greyhoun.jpg": "a cow standing on top of a grass covered field", "18743-guard208.jpg": "a group of people on boats in the water", "08558-3lands05.jpg": "a large body of water next to a lake", "40281-bacchus.jpg": "a group of people standing next to each other", "20129-corridor.jpg": "a large room with a dog and a dog", "39351-07jonah.jpg": "a painting of a dog laying on top of a man", "23363-02wing2.jpg": "a man and a dog are playing with a dog", "42795-5matthew.jpg": "a couple of people laying on top of a bed", "23054-2chapte2.jpg": "a painting of a group of people standing next to a building", "13461-self_pt.jpg": "a close up of a person wearing a white shirt", "24830-madonna.jpg": "a group of people sitting on a bench", "03231-colomba3.jpg": "a group of people standing next to a horse", "17498-07virgin.jpg": "a couple of people standing next to each other", "16499-4crucifi.jpg": "a group of people standing next to each other", "39803-02popepa.jpg": "a man with a beard and a beard", "34643-staircas.jpg": "a group of people standing in front of a stone wall", "40436-crucifix.jpg": "a statue of a man standing next to a woman", "12108-bathsheb.jpg": "a woman in a white dress sitting on a couch", "03248-stillife.jpg": "a couple of vases that are on a table", "17824-808goya.jpg": "a man in a dress holding a suit case", "32442-concert.jpg": "a group of people that are sitting down", "39456-2desert.jpg": "a group of people sitting on top of horses", "35366-04religi.jpg": "a black and white photo of a man and a dog", "43798-203party.jpg": "a black and white photo of a group of people", "03403-summe.jpg": "a group of people standing around a bunch of animals", "33333-shepherd.jpg": "a man standing next to a stone wall", "39556-leopoldo.jpg": "a baby laying in bed next to a baby", "37379-paris2.jpg": "a large body of water next to a river", "08449-holy_fam.jpg": "a group of people sitting on top of a bed", "37917-picnic.jpg": "a group of people sitting around a wooden table", "40775-16icon.jpg": "a group of people standing next to a wall", "37477-kitchen.jpg": "a group of people standing around a table filled with food", "08032-flora.jpg": "a close up of a person with a flower", "11439-houses.jpg": "a large building with buildings in the background", "26099-26vani1.jpg": "a statue of a woman holding a dog", "32284-12holyfa.jpg": "a group of people sitting on top of a couch", "06172-flowers.jpg": "a close up of flowers in a vase", "15113-siegebud.jpg": "a group of people riding horses in front of a castle", "04028-5queen.jpg": "a young boy standing next to a tree", "09508-fall_man.jpg": "a couple of men standing next to each other", "42576-12lady.jpg": "a couple of women sitting next to each other", "43513-campagna.jpg": "a herd of animals walking across a river", "19021-riversce.jpg": "a group of horses standing next to a mountain", "00000-allegory.jpg": "a group of people sitting on top of a bed", "26692-lu02jac.jpg": "a couple of people sitting next to each other", "06681-v_lawye.jpg": "a group of people standing around a wooden table", "42788-3pendent.jpg": "a painting of a man and woman laying on a bench", "42098-17vulcan.jpg": "a group of men riding on top of horses", "35494-26mythol.jpg": "a couple of dogs are sitting on a couch", "20296-x_lady.jpg": "a statue of a woman in a dress", "17013-nuenen33.jpg": "a statue of a man holding an umbrella", "22183-delaware.jpg": "a group of people on a raft in the water", "05492-moses.jpg": "a group of people standing next to a tree", "05877-selfport.jpg": "an older man with a beard and a beard", "06664-peasants.jpg": "a group of people standing around a brick building", "17224-copies16.jpg": "a stuffed animal laying on top of a bed", "37257-60medita.jpg": "an old building with a man sitting on it", "14242-madonna.jpg": "a group of people standing next to a statue", "15851-study1.jpg": "a group of people standing around each other", "35933-1assende.jpg": "a large building with a wooden roof in it", "31899-v_faith.jpg": "a statue of a woman in a brown dress", "33937-aurora1.jpg": "a group of people that are on the ground", "39315-16ceilin.jpg": "a dog and a woman laying on a bed", "34351-crossing.jpg": "a group of people on a boat in the water", "26709-lu07hez.jpg": "a couple of people sitting next to a building", "39802-01popeju.jpg": "a man in a red hat is holding a pair of scissors", "39699-05sacre0.jpg": "a man and a woman standing next to each other", "07480-13fligh.jpg": "a group of people sitting on a bench", "12599-6calvary.jpg": "a black and white photo of people on horses", "21264-1selfpor.jpg": "a close up of a person in a dark room", "30882-monk1.jpg": "a close up of a person wearing a shirt", "38985-05labia1.jpg": "a group of people standing next to each other", "27159-aeneas.jpg": "a man sitting on the ground next to a man", "23815-6stilli1.jpg": "a vase filled with flowers on a table", "34036-2renoi17.jpg": "a statue of a man standing next to a woman", "08148-balbi3.jpg": "a group of people sitting on top of a wall", "38404-riverlan.jpg": "a reflection of some animals in a mirror", "41479-sickshri.jpg": "a group of people standing around a clock tower", "31223-12monte1.jpg": "a group of people standing next to each other", "29674-belisari.jpg": "a large building with a clock on it", "32921-0view.jpg": "a large clock mounted to the side of a building", "07917-laughing.jpg": "a man with a beard and a brown shirt", "37413-lady_pet.jpg": "a black and white photo of a woman holding a baby", "18089-9tobias.jpg": "a painting of a woman standing next to a statue", "38878-16udine.jpg": "a painting of a woman and a woman on a bed", "07018-mountain.jpg": "a large mountain with a large rock in the background", "27124-seignela.jpg": "a group of people sitting on a bench", "36222-virginc.jpg": "a statue of a woman and a clock", "21670-rebelang.jpg": "a group of people riding on the backs of elephants", "18094-4interce.jpg": "a painting of a woman and a statue", "33243-vertumnu.jpg": "a woman in a red dress holding an umbrella", "06756-portra01.jpg": "a man wearing a hat and a tie", "09015-09rest.jpg": "a group of people and sheep in a field", "23988-3adorat1.jpg": "a group of people standing next to each other", "12334-couple.jpg": "a group of people standing around a building", "37475-fruitst.jpg": "a group of people sitting around a table filled with food", "21435-fetewood.jpg": "a group of people standing in front of some trees", "23310-15nativi.jpg": "a couple of men sitting next to each other", "00002-j_couple.jpg": "a couple of people that are sitting down", "29510-venice1.jpg": "a large body of water with boats in it", "30014-portrait.jpg": "a man sitting on a chair with a large brown elephant", "12982-henriet1.jpg": "a woman in a dress holding a teddy bear", "43185-carlo_em.jpg": "an old photo of a woman holding a baseball bat", "20865-s_silver.jpg": "a vase that is sitting on a table", "14322-madonna.jpg": "a woman holding a baby and a baby", "35682-benthei.jpg": "a large castle in the middle of a field", "07733-porthano.jpg": "a close up of a person holding a banana", "00108-weapons.jpg": "a black and black purse sitting on top of a table", "35302-eibsee.jpg": "a mountain with mountains in the background", "18955-12poly.jpg": "a painting of a man standing next to a man", "30783-ascensio.jpg": "a group of people standing next to each other", "32189-lastsupp.jpg": "a group of people sitting around a table", "41976-classic2.jpg": "a group of people standing next to a fountain", "21536-virgin_c.jpg": "a couple of kids sitting next to each other", "23910-study.jpg": "a teddy bear sitting on top of a pile of rocks", "32121-port_wom.jpg": "a little girl sitting on the floor next to a dog", "03875-162portr.jpg": "a man in a hat and a dog", "39752-01schiav.jpg": "a picture of a woman and a woman", "24769-madonn.jpg": "a woman in a red coat talking on a cell phone", "36579-faust.jpg": "a couple of women standing next to each other", "08043-seasons1.jpg": "a woman in a blue dress is holding a bird", "30601-1murano3.jpg": "a painting of a painting and a painting of an elephant", "18467-dubarry.jpg": "a beautiful young woman sitting on a couch", "38192-nobleman.jpg": "a man wearing a black hat and a black hat", "05249-05patmos.jpg": "a statue of a woman standing next to a statue", "31785-crucifix.jpg": "a group of people standing around a horse", "05394-tulips.jpg": "a bunch of flowers in a black background", "38980-01labia1.jpg": "a large building with a chandelier hanging from the ceiling", "23353-14gentl.jpg": "a black and white photo of a man in a suit", "29583-altarpi2.jpg": "a statue of a bear in a mirror", "38462-gimignan.jpg": "a statue of a man standing next to a statue", "16867-2west2.jpg": "a large statue with statues on it", "36950-models.jpg": "a group of people standing next to each other", "13313-16rolin.jpg": "a man and a woman sitting on a couch", "43963-4luke.jpg": "a couple of people standing next to each other", "16592-7pitti.jpg": "a group of people that are on the ground", "05982-pastoral.jpg": "a group of people standing around a herd of cattle", "05547-04medal.jpg": "a woman wearing a red hat and holding a tie", "42724-view1.jpg": "a group of people sitting on top of a beach", "42091-09lorenz.jpg": "a man is standing next to a statue of a man", "20286-stillifx.jpg": "a bowl of fruit sitting on a table", "17046-still05.jpg": "a black bear laying on top of a rock", "21861-returnma.jpg": "a group of people standing around a table", "07629-79stjohn.jpg": "a man in a dark room using a microphone", "35266-3deposi.jpg": "a group of people standing next to each other", "17260-auvers20.jpg": "a building with a brick wall and a stone wall", "41882-vendra05.jpg": "a statue sitting in front of a stone wall", "44496-stillife.jpg": "a couple of plates of food on a table", "43262-landrive.jpg": "a group of people standing next to a boat", "18447-capricci.jpg": "a group of people standing on a beach", "19692-atwindow.jpg": "a black and white photo of a woman looking out a window", "24754-madonna.jpg": "a woman sitting on a bench next to a baby", "12259-verso08.jpg": "a group of people standing next to each other", "29431-tilliere.jpg": "a little boy sitting on top of a bed", "09660-12barber.jpg": "a large wall with a painting on the wall", "14471-403fried.jpg": "a mountain with a mountain in the background", "33592-134portr.jpg": "a man with a beard is sitting in a dark room", "37033-portrait.jpg": "a statue of a man holding a tennis racket", "42218-0204vela.jpg": "a black and white photo of a man holding a bird", "19649-cossacks.jpg": "a group of people riding horses down a hill", "14896-ulysses.jpg": "a group of women sitting on a bench near a fountain", "19910-08henry8.jpg": "a group of people standing next to each other", "21825-rachel.jpg": "a woman wearing a black hat and a black hat", "20032-mercury.jpg": "a man is sitting on the ground with a dog", "13991-cradle.jpg": "a bed with a bed and a wooden headboard", "05378-still_li.jpg": "a couple of vases that have flowers in them", "20957-insects1.jpg": "a wall with a bunch of flowers on it", "32201-06joshua.jpg": "a group of people riding on the back of a elephant", "10921-nativit.jpg": "a group of people standing next to a building", "38575-kitchen.jpg": "a group of people standing around a building", "13381-u1annun.jpg": "a picture of a woman in a dress", "00112-apostles.jpg": "a group of people standing next to each other", "23393-4mural.jpg": "a picture of a painting on the wall", "15885-medici12.jpg": "a group of people standing around a fountain", "09983-landscap.jpg": "a cow standing on top of a grass covered hillside", "10109-14virgin.jpg": "a young girl holding a baby in her arms", "08877-0view1.jpg": "a large cathedral with a large ornate building", "39763-10portyw.jpg": "a woman in a dress is holding a tie", "19215-78notyma.jpg": "a man wearing a suit and tie", "05572-20virgin.jpg": "a group of people standing in front of a building", "05289-3lastjud.jpg": "a group of people standing in a room", "40109-guardroo.jpg": "a group of people standing around a crowd", "15627-port_man.jpg": "a close up of a person wearing a hat", "44201-snowdon.jpg": "a view of a mountain with mountains in the background", "36314-adoratio.jpg": "a group of people sitting on a street", "16820-1troia4.jpg": "a group of people that are on a rock", "23161-reliquar.jpg": "a painting of a woman standing in front of a window", "19848-1ober2.jpg": "a statue of a building with people standing around", "11627-lastcomm.jpg": "a group of people standing next to each other", "14671-5bardi.jpg": "a large building with a statue and a clock", "32112-paraiba.jpg": "a tree in front of a body of water", "30800-pazzi.jpg": "a group of people standing next to a statue", "10058-guardroo.jpg": "a group of people sitting around a table in a room", "30029-07paal.jpg": "a black and white photo of a tree in a field", "43488-desvoisi.jpg": "a woman sitting at a table with a book", "39245-03camer2.jpg": "a man is sitting on a bench next to a woman", "04511-virgin_c.jpg": "a group of people standing next to each other", "16877-viboldo2.jpg": "a picture of a painting on the wall", "28698-flowers1.jpg": "a painting of a vase filled with flowers", "07558-41baptis.jpg": "a man sitting on a couch holding a bat", "07425-calm2.jpg": "a boat floating on top of a body of water", "04590-tobias.jpg": "a group of people standing around each other", "38918-033trium.jpg": "a group of people with horses in a parade", "43134-trompe.jpg": "a table with a bunch of tools on it", "28854-portr_m.jpg": "a man in a red hat standing next to a building", "40204-grazing.jpg": "a herd of cattle grazing on a lush green hillside", "16396-joachi1.jpg": "an old fashioned blue and white photo of a building", "06505-01parabl.jpg": "a group of men standing next to each other", "19756-village.jpg": "a large tree in the middle of a field", "14462-308fried.jpg": "a large building with a large mountain in the background", "33006-07farnes.jpg": "a group of men standing on top of a <unk>", "19367-2hayez.jpg": "a large group of people standing next to each other", "05995-davidhar.jpg": "a group of people standing next to each other", "08682-07music.jpg": "a wooden table topped with lots of food", "38268-sebastia.jpg": "a man riding on the back of a <unk>", "05176-cornar02.jpg": "a large painting of a group of people on a beach", "34911-03catala.jpg": "a painting of a man standing next to a wall", "13734-2scene.jpg": "a group of people sitting in front of a painting", "25119-ursula1.jpg": "a group of people standing in a room", "17523-2adamev.jpg": "a couple of people standing next to each other", "08159-adoratio.jpg": "a group of people sitting on top of elephants", "08806-heatande.jpg": "a body of water with a mountain in the background", "24485-01view.jpg": "a large cathedral in a very old building", "17838-blac633.jpg": "a dog laying down with its mouth open", "15490-5david.jpg": "a statue of a woman standing next to a statue", "10685-stephen.jpg": "a group of people standing in front of a building", "21619-angerst.jpg": "a group of children sitting on a bench in a room", "35551-02lerma.jpg": "a man riding on the back of a horse", "39096-080rina.jpg": "a group of people sitting on a couch", "19337-14july.jpg": "a city street filled with lots of buildings", "34318-maruce18.jpg": "a group of people sitting on top of a building", "32791-27gravid.jpg": "a woman in a red jacket sitting on a couch", "19785-dianacta.jpg": "a group of people that are on a wall", "15976-20allego.jpg": "a wall with statues and statues on it", "14765-pieta.jpg": "a painting of a man sitting on top of a statue", "24209-orangen.jpg": "a group of people standing next to each other", "17245-auvers05.jpg": "a view of a large pool of water", "02946-evening.jpg": "a large body of water next to a river", "19388-spouting.jpg": "a body of water with a sailboat in the background", "39907-allegory.jpg": "a couple of vases sitting on top of a table", "38524-miniatu1.jpg": "a woman wearing a hat and a hat", "43381-triptych.jpg": "a large building with statues and statues on it", "24039-1sposi2.jpg": "a group of people standing next to a building", "10920-michael.jpg": "a woman is standing in front of a <unk>", "37674-basket1.jpg": "a wooden bowl filled with lots of flowers", "26096-26nomus1.jpg": "a group of women standing next to each other", "38566-gallery3.jpg": "a living room with a painting on the wall", "36515-mignon.jpg": "a woman sitting in a chair holding a skateboard", "21296-00couple.jpg": "a couple of men standing next to each other", "42293-0711vela.jpg": "a man in a red shirt sitting on a bed", "22310-02amster.jpg": "a group of people standing next to each other", "01066-lightnin.jpg": "a group of people standing next to each other", "03655-bouquet.jpg": "a vase filled with lots of colorful flowers", "08643-01fruit.jpg": "a bunch of fruit sitting on top of a table", "12104-villages.jpg": "a group of people standing around a large village", "42656-shepherd.jpg": "a woman standing next to a herd of sheep", "03930-madchild.jpg": "a woman sitting on a chair holding a teddy bear", "30259-querini.jpg": "a man wearing a suit and tie sitting down", "05662-morning.jpg": "a black and white photo of people sitting on a couch", "32493-holyfam.jpg": "a couple of people standing next to each other", "18740-guard205.jpg": "a large body of water filled with lots of boats", "03625-nolleken.jpg": "a man wearing a suit and a tie", "39018-3ceilin.jpg": "a large stone building with a stone wall", "07465-07fortun.jpg": "a man and a woman sitting in a room", "13103-coastal.jpg": "a boat that is floating in the water", "20414-3valley.jpg": "a woman sitting on top of a rocky cliff", "06209-eleonorc.jpg": "a woman in a red jacket holding a tie", "03600-4view.jpg": "a large painting on the wall of a building", "38224-4fountai.jpg": "a statue of a man standing on top of a building", "10130-11religi.jpg": "a group of people riding horses down a street", "38607-peas_dan.jpg": "a group of people sitting around a building", "31295-3youngme.jpg": "a group of people sitting on top of horses", "04676-bacchana.jpg": "a group of people that are in a room", "11113-early04.jpg": "a group of people riding on the backs of horses", "07006-euphemia.jpg": "a couple of people standing on top of a horse", "16994-nuenen09.jpg": "a person walking down a path in the woods", "37238-saints60.jpg": "a statue of a man wearing a hat and bow tie", "10488-charity.jpg": "a group of people sitting on a bed", "20251-portgent.jpg": "a man in a suit and tie holding a towel", "10674-crucifix.jpg": "a statue of a man standing next to a clock", "34138-tax_coll.jpg": "a group of people sitting around a table", "34710-avogadr2.jpg": "a group of men standing next to each other", "05399-mus_sox.jpg": "a group of people sitting around a wooden table", "42196-stil_lif.jpg": "a vase filled with flowers sitting on a table", "24619-diptych1.jpg": "a man in a black hat holding a knife", "36611-morning.jpg": "a large tree in the middle of a field", "06270-happines.jpg": "a group of people sitting on a beach", "33560-089portr.jpg": "a man wearing a hat and holding a glove", "05436-08madonn.jpg": "a group of people sitting in a room", "09686-6saturn2.jpg": "a wall with a painting on the wall", "20250-lowther.jpg": "a man wearing a shirt and tie holding a tie", "10271-03juris2.jpg": "a woman in a red shirt holding an umbrella", "07082-virginch.jpg": "a woman holding a baby and a dog", "23057-40nichol.jpg": "a group of people in a small boat", "25943-2scene.jpg": "a large group of people standing next to each other", "18725-guard105.jpg": "a group of people on boats in the water", "16159-chris18.jpg": "a group of people standing next to a building", "28801-wedding.jpg": "a group of people standing around a stone building", "21833-country.jpg": "an old woman standing next to a wooden wall", "09527-mansorro.jpg": "a statue of a man sitting in front of a painting", "19400-goblet.jpg": "a table that has a table with plates of food on it", "33998-8cappell.jpg": "a woman is standing in front of a mirror", "24982-madonna2.jpg": "a woman in a blue shirt holding a book", "15130-fisherbo.jpg": "a statue of a man standing next to a statue", "36358-eclipse.jpg": "a woman standing next to a brown horse", "41359-05sancta.jpg": "a clock on the wall of a building", "23403-clairlune.jpg": "a couple of cows that are standing in the grass", "07804-10thomas.jpg": "a picture of a man and a woman", "16784-1south5.jpg": "a group of people sitting on a bed", "21401-capricci.jpg": "a view of a mountain with mountains in the background", "22468-turkish.jpg": "a woman sitting on the floor holding a tennis racket", "03894-182jerom.jpg": "a man reading a book on a stone wall", "03735-doge.jpg": "a man wearing a hat with a red hat", "10345-4hunt1.jpg": "a group of people riding in a small boat", "16449-franc2.jpg": "a picture of a building and a statue", "06144-mountaio.jpg": "a group of animals that are standing in the water", "34769-5relate5.jpg": "a man sitting on top of a piece of wood", "30422-rocca5.jpg": "a close up of a person with a dog", "14650-virgin_c.jpg": "a woman standing next to a statue of a man", "17502-11virgin.jpg": "a statue of a man sitting next to a statue", "14815-certosa.jpg": "a large building with a large clock in it", "30235-05apol2.jpg": "a woman laying on the floor next to a man", "33943-francis.jpg": "a man sitting on the ground next to a woman", "44367-landscap.jpg": "a group of people standing on top of a sandy beach", "31979-15cosimo.jpg": "a close up of a person with a tie on", "35893-olympus.jpg": "a large group of people sitting in a room", "21217-repnina.jpg": "a woman in a dress and a blue shirt", "30230-02thepoo.jpg": "a group of people sitting in a room", "07155-canal105.jpg": "a body of water filled with lots of buildings", "04988-lady_ham.jpg": "a woman is standing next to a man on a couch", "17507-16virgin.jpg": "a man and a baby sitting on a couch", "16761-0view2.jpg": "a stone wall with a stone wall and stone walls", "39482-7danae.jpg": "a woman sitting on a couch with a dog", "07989-rape_eur.jpg": "a group of people riding on top of surfboards", "44154-winter_l.jpg": "a man with a cowboy hat standing next to a group of cows", "10398-04adamev.jpg": "a shirtless man standing next to a wall", "32731-bethune.jpg": "a woman is standing in front of a tree", "20257-singeri4.jpg": "a group of people standing around a group of horses", "08971-turkey.jpg": "a table topped with plates and bowls of food", "25961-virgin_c.jpg": "a woman in a red jacket holding a baby", "11609-adam_eve.jpg": "a group of people standing next to each other on a beach", "11279-301delac.jpg": "a large statue of a man standing next to a statue", "14441-207friee.jpg": "a couple of people standing next to each other", "00858-crucifi.jpg": "a large group of people standing next to each other", "05254-10deathm.jpg": "a statue of a man sitting on top of a table", "00624-b_gamble.jpg": "a group of people standing next to each other", "44150-antwerp.jpg": "a large body of water next to a city", "30592-3drawing.jpg": "a couple of women sitting next to each other", "14016-1zenob02.jpg": "a painting of a group of people in a room", "06614-bouquet1.jpg": "a bouquet of flowers is in a pot", "33581-122portr.jpg": "a black and white photo of a woman in a dark room", "19034-lakenami.jpg": "a horse and a horse in a grassy field", "25048-altar2.jpg": "a black and white photo of a woman holding a umbrella", "36524-cephalus.jpg": "a woman holding a baby in her arms", "30359-polypti3.jpg": "a statue of a woman in a dress", "33639-22sp1669.jpg": "a close up of a person in a dark room", "14849-autumn.jpg": "a group of people sitting on top of a couch", "34421-v_cupid.jpg": "a person sitting on a bench in a room", "32502-venus_cu.jpg": "a group of people laying on top of a couch", "17055-paris05.jpg": "an old building with a building in the background", "10468-pepoli3.jpg": "a group of people standing next to a stone wall", "34404-p_bossue.jpg": "a man in a robe is taking a picture", "43533-girl_10.jpg": "a woman in a dress holding an umbrella", "28646-3poplar3.jpg": "a view of a tree covered in trees", "34256-amphitri.jpg": "a group of people sitting on top of a bed", "35101-democrit.jpg": "a man in a black shirt is standing in the woods", "20892-self_por.jpg": "a woman standing next to a man on a bed", "17553-11portra.jpg": "a man wearing a black hat and a hat", "29836-strozzi.jpg": "a group of people standing next to each other", "03809-068pred1.jpg": "a couple of horses that are standing in the dirt", "32906-4meetin.jpg": "a group of people that are standing around some horses", "05534-52lemmi.jpg": "a group of women standing next to each other", "21867-kerouall.jpg": "a woman in a dress sitting on a couch", "44258-oude2.jpg": "a large building with people standing around it", "29537-william3.jpg": "a statue of a person sitting on a bench", "35733-water_foh.jpg": "a large rock in the middle of a mountain", "31096-2proce02.jpg": "a group of people standing next to each other", "09162-pieta.jpg": "a group of people sitting on top of a bed", "37239-z1consac.jpg": "a building with a statue and a statue", "27112-valliere.jpg": "a large cathedral with people standing around it", "00557-5vault3.jpg": "a group of people standing in front of a building", "22419-4plaque.jpg": "a picture of a woman in a dress", "16469-3crucifi.jpg": "a statue of a man standing on top of a clock", "04569-doctor_u.jpg": "a picture of a man in a dark room", "20513-2l1_main.jpg": "a group of people standing next to each other", "42687-0calm.jpg": "a group of people sitting on top of a sandy beach", "10082-10altar.jpg": "a group of people sitting on top of a stage", "12463-stillif1.jpg": "a pile of pumpkins sitting on top of a table", "42729-dog_reg1.jpg": "a group of people sitting on a pile of rocks", "20143-lennox.jpg": "a woman sitting on a couch with a teddy bear", "33300-portici.jpg": "a group of people standing next to a body of water", "04622-almoner.jpg": "a statue of a man sitting on a horse", "39488-06noblem.jpg": "a man standing in a dark room holding a cell phone", "22342-2morrion.jpg": "a picture of a man with a beard", "20988-landtrav.jpg": "a group of people standing in the middle of a field", "06982-01floor.jpg": "a man standing next to a dog in a room", "24553-24olona.jpg": "a painting of a man sitting in front of a building", "14049-port_bri.jpg": "a man wearing a red hat with a red hat", "39506-21senato.jpg": "a man wearing a red shirt and tie", "42149-conquest.jpg": "a group of people standing next to each other", "14883-lotdaugh.jpg": "a group of people that are sitting on a bench", "32622-madonna.jpg": "a group of people standing around each other", "35816-v_lower.jpg": "a close up of a vase of flowers", "31898-marychil.jpg": "a couple of women standing next to each other", "16369-wall2.jpg": "a painting of a group of people in a room", "43425-apelles.jpg": "a group of people sitting on top of a bed", "43731-landherd.jpg": "a large body of water next to a lake", "13894-cupboard.jpg": "a table with a bowl of fruit and a bowl of fruit", "12564-02virgin.jpg": "a man sitting in a chair with a teddy bear", "15944-z_marta.jpg": "the inside of a building with a sign on the wall", "11176-1870s_76.jpg": "a black and white photo of a woman holding a child", "37496-still.jpg": "a table topped with lots of colorful flowers", "26178-annuncia.jpg": "a large ornate building with a clock on it", "37102-1apostl1.jpg": "a couple of men standing next to each other", "42120-04cancel.jpg": "a group of statues and statues in a museum", "13447-paestum.jpg": "a man riding on the back of a horse", "24211-madonna1.jpg": "a statue of a man wearing a hat and a hat", "43921-penn.jpg": "a group of people standing in front of a christmas tree", "33903-18noremb.jpg": "a man wearing a hat and a hat", "34123-scholasti.jpg": "a picture of a man laying in a bed", "13343-u4god.jpg": "a statue of a man in a red dress", "35016-presenta.jpg": "a group of people standing around a stone structure", "09142-henri2.jpg": "a man with a cell phone in his hands", "10776-portgirl.jpg": "a woman sitting next to a woman in a dress", "18424-2105grec.jpg": "a man wearing a brown shirt and a brown shirt", "31973-11nolime.jpg": "a couple of people standing next to each other", "37789-1south3.jpg": "a picture of a group of people in a room", "34182-1_andrew.jpg": "a close up of a person holding a dog", "34728-tancred.jpg": "a black and white photo of a woman and a dog", "08670-03govern.jpg": "an old photo of a woman in a dress", "17941-rivervie.jpg": "a large building with a castle in the background", "44352-cavalier.jpg": "a couple of horses walking down a dirt road", "19411-stillif6.jpg": "a table with a plate of food and a glass", "00347-judith.jpg": "a man and a woman dressed in a costume", "32936-4donati.jpg": "a group of people standing in front of a building", "34844-catherin.jpg": "a woman sitting on a bed with a red blanket", "42512-cathedra.jpg": "a group of people standing on a beach", "35710-kostverl.jpg": "a large clock tower sitting next to a river", "03734-cornaro.jpg": "a woman with a purse on her head"}