{"26071-20noyoun.jpg": "a man wearing a hat and a hat", "44722-farnese2.jpg": "a painting of a group of people in a room", "44196-wooded.jpg": "a couple of cows standing in a field", "39193-outside.jpg": "a group of people standing around a building", "30017-italia2.jpg": "a couple of women sitting on top of a bed", "30915-campanin.jpg": "a statue of a woman sitting on a statue", "21649-zenobio2.jpg": "a painting of a man and a woman in a picture", "38529-diosgyor.jpg": "a group of people sitting on top of a sandy beach", "34828-fruit.jpg": "a bunch of fruits and vegetables on a table", "20475-sacrific.jpg": "a couple of people standing next to each other", "20943-africa.jpg": "a room with a painting on the wall", "11255-102delac.jpg": "a woman in a dress is standing in the rain", "08490-05early.jpg": "a man standing next to a statue of a man", "02778-floshell.jpg": "a pile of flowers sitting on top of a table", "12501-13sebast.jpg": "a woman is wearing a red shirt and a tie", "20867-stil_lif.jpg": "a vase and a vase on a table", "39189-boorseat.jpg": "a group of people sitting around a wooden structure", "03025-12pyramu.jpg": "a woman standing next to a man in a dress", "10678-nativity.jpg": "a painting of a person holding a man", "10514-m_taper.jpg": "a statue of a woman sitting next to a statue", "35003-08spanis.jpg": "a painting of a woman in a dress", "38574-kitch_sc.jpg": "a group of people standing around a table with a dog", "07927-thorns.jpg": "a man in a black shirt and a woman", "37574-amboise.jpg": "a woman wearing a hat and holding an umbrella", "29920-p_cottag.jpg": "a group of people sitting around a table in a room", "20676-paying.jpg": "a group of people standing around a building", "42262-0506vela.jpg": "there is a woman that is sitting on a horse", "18703-3caesar.jpg": "a large white building with a vase on it", "43585-5woman.jpg": "a woman in a dress sitting on a couch", "21569-juno_jup.jpg": "a group of people that are on some animals", "15198-susanna.jpg": "a man laying on the ground next to a man", "32350-18ignazi.jpg": "a large group of people in a room", "07800-07holyc.jpg": "a group of people sitting around a stone wall", "26359-woman_ma.jpg": "a couple of people with a pair of scissors", "23305-11virgin.jpg": "a group of people sitting on a bench", "40934-06deathv.jpg": "a statue of a man sitting on top of a statue", "38216-ladyhack.jpg": "a woman running with a horse in a field", "00784-cortona1.jpg": "a group of people standing in front of a building", "42114-01arezz4.jpg": "a group of people sitting on a wall", "36140-laternam.jpg": "a group of people standing next to each other", "00622-10tolent.jpg": "a statue of a man on a horse", "22588-5madch.jpg": "a couple of people that are sitting on a table", "18726-guard106.jpg": "a group of boats floating in a body of water", "37744-flowers1.jpg": "a painting of a bouquet of flowers on a table", "24333-portrait.jpg": "a woman sitting on a bench next to a woman", "39268-5moses.jpg": "a group of people standing next to each other", "31895-coronat1.jpg": "an old building with a clock on it", "33448-12oldtes.jpg": "a group of people riding on the back of an elephant", "29158-stormysea.jpg": "a plane that is sitting in the water", "18039-51angel.jpg": "a group of women standing next to each other", "28614-3etreta3.jpg": "a large rock with a large rock in the background", "35376-12religi.jpg": "a group of people standing in front of a mirror", "13994-gonzale.jpg": "a close up of a person holding a paper", "17295-selfpo22.jpg": "a close up of a brown bear on a dark surface", "38760-ascensio.jpg": "a group of people standing in front of a painting", "20192-nieuwe4.jpg": "a tall building with statues on it", "44646-ziem6.jpg": "a large building with people standing in front of it", "32123-vanity.jpg": "a woman sitting on the floor next to a pile of luggage", "30358-polypti2.jpg": "a statue of a man standing next to a wall", "29879-haymarke.jpg": "a group of people standing next to a group of horses", "23218-1lion0.jpg": "a large group of people standing next to each other", "41874-amalfi.jpg": "a group of people walking on a beach", "24282-scenes3.jpg": "a painting of a woman and a horse", "42466-flower5.jpg": "a vase with flowers and flowers in it", "29762-humility.jpg": "a painting of a person sitting on a wall", "21243-nicholas.jpg": "a close up of a person wearing a mask", "43440-manofwar.jpg": "a black and white photo of a boat in the water", "26282-16menzel.jpg": "a painting of a person on a skateboard", "22347-bueno.jpg": "an old photo of a man wearing a leather jacket", "36374-60thomas.jpg": "a person sitting in front of a building", "16951-3portina.jpg": "a painting with a picture on it", "20035-port_boy.jpg": "a man in a suit and tie sitting on a couch", "12016-sebastia.jpg": "a statue of a man standing next to a man", "39149-13zianig.jpg": "a couple of people standing next to a dog", "10095-23altar.jpg": "a statue of a man dressed in a costume", "24931-virgin.jpg": "a man standing next to a woman in a costume", "07077-grimaldi.jpg": "a group of people standing in front of a building", "10397-03adamev.jpg": "a man and a woman standing next to each other", "24466-pisa_pr3.jpg": "a group of people sitting on top of an elephant", "34723-port_tie.jpg": "a close up of a person with a beard", "20789-lazarus1.jpg": "a woman standing next to a man in a costume", "10059-interior.jpg": "a black and white photo of a man wearing a hat", "14951-4arles05.jpg": "a statue of a woman sitting next to a teddy bear", "20063-04solonc.jpg": "a group of people sitting on a bench", "19979-5brando1.jpg": "a young boy wearing a hat and a hat", "29511-venice2.jpg": "a large body of water next to a river", "30360-polypti4.jpg": "a painting of a woman in a dress", "00409-2christ1.jpg": "a large building with statues and statues on it", "21449-swing.jpg": "a couple of people standing next to a tree", "14323-01view.jpg": "a building with a painting on the side of it", "31287-europa.jpg": "a group of people sitting on top of a beach", "19340-gardens.jpg": "a bunch of flowers that are in a field", "26627-00_3pr1.jpg": "a couple of women sitting on top of a wall", "32347-15ignazi.jpg": "a group of people sitting on top of a building", "28791-eccehomo.jpg": "a group of people standing in front of a building", "22157-cradle.jpg": "an old woman is sitting on a couch", "08519-2nudes6.jpg": "a painting of a man and a dog on a wall", "29694-social.jpg": "a woman laying on the ground with a stuffed animal", "19764-wooded.jpg": "a group of people on a dirt road with horses", "18323-1211grec.jpg": "a large statue of a man and a cow", "19438-glass_oy.jpg": "a close up of a bowl of food on a table", "08467-flight3.jpg": "a group of people sitting on top of a rock", "33235-cardoon.jpg": "a vase filled with flowers on top of a table", "36005-orator02.jpg": "a wall with a painting on the wall", "16658-st_clare.jpg": "a close up of a person on a beach", "28683-7liliy05.jpg": "a picture of a field with yellow flowers", "22591-5madchi1.jpg": "a statue of a woman standing next to a statue", "35871-coastal.jpg": "a large body of water with a mountain in the background", "08579-3victor5.jpg": "a large body of water with a dog in it", "18632-3view2r.jpg": "a painting of a man sitting on top of a painting", "21813-trompe2.jpg": "a bunch of <unk> hanging on a wall", "20456-couple.jpg": "a couple of people standing next to each other", "30108-venus_cu.jpg": "a group of people that are sitting on a couch", "10688-triptych.jpg": "a large wooden clock with a painting on it", "16409-mary08.jpg": "a statue of a woman standing next to a building", "16013-04bay21.jpg": "a large ornate clock in a large building", "37458-port_man.jpg": "a picture of a man in a mirror", "41908-stillife.jpg": "a group of birds sitting on top of a table", "23016-portrai2.jpg": "a woman in a dress standing in a room", "32253-05sabin1.jpg": "a group of people standing in front of a building", "40170-christ_a.jpg": "a man sitting on a couch next to a dog", "13014-marriag2.jpg": "a black and white photo of a woman in a black dress", "15429-couple.jpg": "a man wearing a red hat and a woman", "39665-04madonn.jpg": "a woman sitting on a couch holding a baby", "34982-05formis.jpg": "a painting of a man and a statue on a wall", "36039-harbour.jpg": "a group of people standing in front of a stone building", "39680-05philip.jpg": "a painting of a man and a dog on a bike", "16674-arezzo1.jpg": "a woman standing in front of a building", "37721-flowers.jpg": "a vase filled with flowers sitting on a table", "29766-gentlema.jpg": "a man sitting on a chair holding a baby", "34961-05german.jpg": "the inside of a building with a clock on it", "35411-32religi.jpg": "a large group of people in a room", "23482-portgirl.jpg": "a close up of a child in a suit", "10588-bacchus.jpg": "a group of people standing in a field next to each other", "33902-17noremb.jpg": "a group of people standing next to each other", "39046-3ariost11.jpg": "a room filled with lots of furniture and decor", "31301-polyptic.jpg": "a picture of a group of people and a clock", "05659-grape.jpg": "a group of people that are sitting in the water", "21230-breakfas.jpg": "a group of people sitting around a table", "22998-philip5.jpg": "a group of people standing around a building", "22948-13pfamil.jpg": "a group of people standing next to each other", "11491-picnic.jpg": "a group of people in a field with trees", "39564-04popeal.jpg": "a couple of men standing next to each other", "29325-1nagybal.jpg": "a man with a hat on his head", "39108-11immacu.jpg": "a woman standing next to a painting on a wall", "15569-2martyr.jpg": "a painting of a woman standing next to a woman", "37643-1paolo02.jpg": "a large group of people in a museum", "18729-guard109.jpg": "a group of people riding on the backs of elephants", "38866-04udine.jpg": "a group of people standing next to each other", "44183-coastal.jpg": "a group of people walking across a body of water", "10482-tolomeo.jpg": "a group of people that are sitting on the ground", "33290-couple1.jpg": "a man wearing a hat and a hat", "30346-altar3.jpg": "a painting of a man sitting next to a giant clock", "09992-original.jpg": "a couple of men sitting on top of a bed", "36002-socrates.jpg": "a group of people sitting in a room", "29868-virtue.jpg": "a picture of a group of people on horses", "19373-61hayez.jpg": "a group of people standing next to each other", "15861-justice.jpg": "a group of people sitting on a couch with a dog", "29427-portlady.jpg": "an old photo of a woman sitting in a chair", "20341-balloon.jpg": "a large group of people on horses in a field", "33543-64portra.jpg": "a woman in a dress holding an umbrella", "43065-montigny.jpg": "a man with a beard and a white shirt", "25867-allegor1.jpg": "a group of people sitting in a room", "18083-3sebasti.jpg": "a statue of a woman standing next to a statue", "00565-x_crucif.jpg": "a couple of women standing next to each other", "02769-pieta.jpg": "a dog is laying down on a couch", "29410-bonnier.jpg": "a woman is sitting down with an umbrella", "26106-28jerome.jpg": "a man sitting on a couch next to a man", "11487-wardle.jpg": "a man in a black jacket standing next to a wall", "31058-1miser05.jpg": "a black and white photo of a man with a glove", "35638-06sketch.jpg": "a black and white photo of a woman and a dog", "19379-75hayez.jpg": "a group of people standing in front of a building", "41912-stillif1.jpg": "a close up of a plate of food on a table", "16884-temple.jpg": "a statue of a man laying on top of a stone structure", "00800-predel1.jpg": "a group of people standing around a building", "37712-stillif1.jpg": "a bunch of fruits and vegetables on a table", "37343-virgin.jpg": "a woman sitting on a bed next to a man", "04549-madonna.jpg": "a painting of a man sitting next to a clock", "29963-travelle.jpg": "a couple of people sitting next to a building", "20539-crucifi.jpg": "a painting of a man standing next to a clock", "18259-0707grec.jpg": "a couple of people that are sitting down", "41476-sacrati.jpg": "a couple of men standing next to each other", "05078-madonna.jpg": "a group of people sitting in a room", "16076-joachi4.jpg": "a woman standing next to a group of animals", "35614-16landsc.jpg": "a group of animals that are standing in the dirt", "25970-04noporx.jpg": "a woman in a dress shirt holding a tie", "19290-groupart.jpg": "a group of people sitting around a living room", "13524-1selfpor.jpg": "a man is sitting in a red chair", "19573-tarquin.jpg": "a group of people sitting on a couch", "39093-07rezzo7.jpg": "a painting of a man and a woman on a <unk>", "06236-z_pope1.jpg": "a close up of a person wearing a hat", "26386-1self_po.jpg": "a woman wearing a red shirt and a tie", "05807-4paradis.jpg": "a group of people standing next to each other", "10127-18jerome.jpg": "a bunch of animals that are in a room", "33035-09leo_x.jpg": "a couple of men sitting next to each other", "37274-1s_louis.jpg": "a large painting of a man on a clock", "29757-landscap.jpg": "a wooden bench next to a body of water", "03627-port_boy.jpg": "a young woman is sitting on a bench", "15316-ruhout.jpg": "a picture of a woman in a dress", "32357-mondovi.jpg": "a large painting of a building in a room", "01148-peace.jpg": "a couple of women standing next to each other", "33977-lucretia.jpg": "a close up of a person sitting in a chair", "00985-3brisio.jpg": "a painting of a man sitting on top of a wall", "05759-venus_vu.jpg": "a group of people sitting in a room", "06132-fantasti.jpg": "a group of people standing around a body of water", "00671-baptist1.jpg": "a woman sitting on a bed with a red bag", "30666-trinity.jpg": "a couple of people that are sitting on a couch", "08451-leda.jpg": "a woman standing next to a baby elephant", "21459-icarus.jpg": "a young man is flying a large bird", "13027-villiers.jpg": "a man and woman standing next to each other", "41367-03virgin.jpg": "a painting of a man standing next to a statue", "13322-22leeuw.jpg": "a man with a beard is holding a tie", "07627-76stjohn.jpg": "a man laying on the ground holding a teddy bear", "38886-main03.jpg": "a group of people sitting on top of a wall", "26634-01_1pr2c.jpg": "a statue of a giraffe standing next to a statue", "37071-7hell1.jpg": "a group of people standing in front of a painting", "41994-fortunte.jpg": "a group of people standing around each other", "30604-2mira02.jpg": "a woman laying on a bed with a dog", "24259-judith.jpg": "a woman holding her hands up to her face", "06218-capponi.jpg": "a young man in black jacket holding a cell phone", "41933-firetroy.jpg": "a view of a bunch of animals in the water", "26104-26vani2.jpg": "a picture of a man and a woman", "38568-gamblin.jpg": "a group of people sitting around a wooden bench", "08996-11harbor.jpg": "a group of people standing next to a body of water", "32476-pala_te3.jpg": "a large stone wall with statues on it", "00360-extensiv.jpg": "a group of people riding on the back of a horse", "13007-fam_port.jpg": "a man sitting on a chair next to a baby", "35500-30mythol.jpg": "a woman standing next to a statue of a dog", "33573-102ports.jpg": "a woman wearing a hat with a hat on", "10306-02wise.jpg": "a man wearing a hat and a hat", "19027-caserta.jpg": "a herd of sheep standing on top of a lush green field", "40805-03fronta.jpg": "a picture of a painting on the wall", "30040-stillif3.jpg": "a woman sitting next to a pile of fruit", "22781-landmerc.jpg": "a group of people sitting on top of a grass covered field", "25385-stillife.jpg": "a vase filled with flowers sitting on top of a table", "08276-tobias.jpg": "a group of people sitting around a dog", "00211-phaeton4.jpg": "a group of people that are in a room", "37265-95burial.jpg": "a large building with people standing around", "32748-port_man.jpg": "a close up of a person looking at the camera", "07258-canal708.jpg": "a large building with people standing around it", "00797-perugia1.jpg": "a group of women standing next to each other", "14151-07swing.jpg": "a group of people sitting on top of a tree", "29374-crucifix.jpg": "a picture of a man and a woman", "09093-portrai1.jpg": "a woman wearing a hat and a tie", "25126-birth_m.jpg": "a group of people standing around a table", "39011-25labia1.jpg": "a group of people sitting on top of a bed", "06938-birth_v.jpg": "a group of people that are sitting on a couch", "20759-holyfami.jpg": "a group of people standing next to a dog", "05467-43virgin.jpg": "a group of people sitting on top of a boat", "03883-174madon.jpg": "a group of people sitting on a boat", "41377-06scene2.jpg": "a close up of a wall with a clock on it", "30521-st_jerom.jpg": "a man is sitting on the ground with a cow", "32445-davidhar.jpg": "a group of people standing next to each other", "14563-07dagger.jpg": "a couple of people standing next to each other", "03199-circumci.jpg": "a group of people standing next to each other", "25931-angel3.jpg": "a painting of a person with a <unk> on it", "24935-virgin_m.jpg": "a woman wearing a hat and a tie", "37270-5saints1.jpg": "a man with a hat sitting next to a statue", "31228-13nativ1.jpg": "a group of women standing next to each other", "09794-triumph.jpg": "a display of people standing in a building", "05909-christ_c.jpg": "a man with a beard and a white shirt", "42378-batsound.jpg": "a black and white photo of an old castle", "35636-04sketch.jpg": "a group of people standing in front of a painting", "41441-08galati.jpg": "a group of women standing next to each other", "44105-7ph_good.jpg": "a close up of a person with a tie", "22789-adoratio.jpg": "a young boy standing in front of a mirror", "43389-eufemia1.jpg": "a man in a red jacket and a hat", "32651-allegory.jpg": "a group of people standing next to each other", "19570-regents.jpg": "a group of men standing next to each other", "25214-trinity.jpg": "a group of people sitting on a wall", "35275-7pieride.jpg": "a group of people standing next to each other", "42393-calmsea2.jpg": "a couple of boats that are sitting in the water", "41942-mountain.jpg": "a large rock in the middle of a mountain", "34902-11austri.jpg": "a painting of a painting on a wall", "41341-051clare.jpg": "a large statue of a man in a room", "35720-view_hab.jpg": "a picture of a building with a sky background", "24420-sgeorg.jpg": "a room with a painting on the wall", "39838-portempr.jpg": "a woman standing next to a statue of a horse", "20577-company4.jpg": "a group of people sitting on the ground next to trees", "25870-allegory.jpg": "a group of people playing with a dog", "09704-09virgin.jpg": "a group of people sitting on top of a bed", "14430-105fried.jpg": "a picture of a person that is in the water", "23863-4manet01.jpg": "a dog that is laying down on some rocks", "16637-virgin_c.jpg": "a woman sitting in a chair holding a baby", "34316-maruce16.jpg": "a group of people that are sitting on a bench", "34173-thomas.jpg": "a man in a red dress holding a piece of bread", "08153-moses.jpg": "a large group of people in a room", "12311-6perugi.jpg": "a statue of a man sitting on a <unk>", "06096-ledaswan.jpg": "a group of kids sitting on top of a bed", "17748-400goya.jpg": "a picture of a man in a suit", "05574-30lucret.jpg": "a group of people standing in front of a building", "38951-02virgin.jpg": "a group of people standing around a statue", "10950-rest_fli.jpg": "a woman sitting on a bed holding a baby", "17118-3arles32.jpg": "a boat that is sitting in the water", "44382-white_hx.jpg": "a white horse standing next to a man", "36719-birds2.jpg": "a couple of birds standing on top of a rock", "39075-6forest4.jpg": "a dog that is jumping in the air", "05682-pastoral2.jpg": "a group of people sitting in a room", "39946-1oldtest.jpg": "a painting of a man sitting next to a clock", "24506-healing.jpg": "a group of people standing in front of a building", "34649-footbrid.jpg": "a group of people standing next to a bridge", "12502-1self28.jpg": "a man with long hair is sitting in a leather jacket", "21924-4benci.jpg": "a woman is standing in front of a river", "11980-1repeta6.jpg": "a statue of a man holding a baby", "18520-landsca1.jpg": "a large stone building with a bunch of trees", "22523-0view.jpg": "there is a clock on the wall of a building", "00330-annuncia.jpg": "a couple of women standing next to each other", "38292-2saddleh.jpg": "a couple of people riding on the backs of horses", "29147-river_la.jpg": "a clock tower in the middle of nowhere", "13731-carrega.jpg": "a living room filled with lots of furniture and furniture", "24244-zanipolo.jpg": "a large building with people walking around it", "31477-5vanity.jpg": "a group of people sitting on top of a horse", "36568-holyfamx.jpg": "a group of people standing around each other", "40423-3pinnac3.jpg": "a statue of a man with a hat on", "21052-portducc.jpg": "a black and white photo of a family sitting on a couch", "13722-marthama.jpg": "a couple of women sitting next to each other", "22252-floris.jpg": "a black and white photo of people standing around a table", "03338-restflig.jpg": "a man and a woman sitting next to each other", "32908-0view.jpg": "a large stone building with a stone wall", "26249-maria_lu.jpg": "a woman standing in front of a tree", "42349-ferry_b.jpg": "a river filled with lots of boats and people", "38554-calvary.jpg": "a group of people standing next to each other", "30727-cazotte.jpg": "a man in a red jacket with a beard", "40338-avogadri.jpg": "two men are looking at their cell phones", "23742-fugger2.jpg": "a man wearing a hat and a tie", "21333-vignory.jpg": "a man in a leather jacket holding a book", "43887-flora.jpg": "a black and white photo of a woman with a dog", "16060-03paul.jpg": "a close up of a person wearing a hat", "38610-peasants.jpg": "a large group of people standing around a building", "06303-village.jpg": "a man sitting on a bench next to a building", "04468-market_s.jpg": "a group of people sitting on top of a wooden table", "22203-3cardpla.jpg": "a group of people sitting around a tree", "40407-panorami.jpg": "a large body of water next to a river", "04256-selfpor1.jpg": "a close up of a person with a dog", "05103-ladyhare.jpg": "a woman sitting in a chair in front of a painting", "37203-1madonna.jpg": "a man standing next to a man in a building", "02619-04arella.jpg": "a painting of a vase with flowers in it", "13575-2banque1.jpg": "a group of people standing around a dog", "26112-32virgin.jpg": "a couple of women standing next to each other", "13724-hercules.jpg": "a dog that is sitting on a beach", "06493-09dance.jpg": "a group of people sitting around a table", "21076-viewvilla.jpg": "a view of a city with a city in the background", "31288-landscap.jpg": "a large group of people standing around a tree", "35728-landshep.jpg": "a person standing in a field next to a tree", "15783-trompe2.jpg": "a room with a painting of a painting on the wall", "37586-salome.jpg": "a couple of men standing next to each other", "19270-interior.jpg": "a woman sitting on a chair looking at a window", "44177-coastal1.jpg": "a boat that is floating in the water", "34106-01repin.jpg": "a group of people standing next to a boat", "32789-26apple.jpg": "a woman sitting on a couch with a stuffed animal", "09532-triptyc2.jpg": "a statue of a man standing on top of a toilet", "07168-canal209.jpg": "a large building with a clock on it", "28864-01moriso.jpg": "a couple of women sitting next to each other", "28608-1north2.jpg": "a view of a mountain with a mountain in the background", "25204-adorati.jpg": "a group of people standing around a wooden structure", "03319-portwoma.jpg": "a woman dressed in a costume holding an umbrella", "08855-07helena.jpg": "a woman in a red dress holding a bat", "08129-pitti2.jpg": "a room with a chandelier and a chandelier", "29657-pyramide.jpg": "a group of people walking down a street", "00686-coronatj.jpg": "a group of people standing next to each other", "07593-55flagel.jpg": "a black and white photo of a man and a horse", "32205-10lyric.jpg": "a group of people sitting on top of a teddy bear", "37296-1agostin.jpg": "a painting of a woman standing next to a painting", "00607-5cumean.jpg": "a woman standing in front of a door", "15653-med_port.jpg": "a group of people standing on top of a beach", "00875-20west.jpg": "a group of people standing next to each other", "16489-5bologna.jpg": "a large building with a painting on it", "24137-4funera1.jpg": "a group of people standing next to each other", "18126-glory.jpg": "a close up of a table with a vase on it", "18557-3jaffa.jpg": "a group of people standing next to each other", "02616-01arella.jpg": "a close up of a bird in a tree", "27120-mystic_m.jpg": "a group of people sitting on top of a bed", "20178-henry8.jpg": "a picture of a man wearing a hat", "42391-calmsea.jpg": "a large body of water filled with lots of boats", "34238-capricc.jpg": "a person walking in front of a river", "41177-zchrist.jpg": "a picture of a woman sitting next to a painting", "32668-de_wit.jpg": "a close up of a person sitting on a table", "28674-3bridge3.jpg": "a view of a river with a boat in it", "25166-sleeping.jpg": "a man and a woman sitting next to each other", "29226-11nunzia.jpg": "a statue of a man standing next to a statue", "34154-family.jpg": "a group of people standing next to each other", "13560-2west2.jpg": "a group of people standing next to a statue", "33255-elijah.jpg": "a group of people sitting on top of a wall", "44080-04philip.jpg": "a man wearing a hat and tie holding a drink", "06158-01brocky.jpg": "a group of women standing next to each other", "15917-reading.jpg": "a woman sitting on a wooden table with a book", "42076-presenta.jpg": "a black and white photo of a man and a woman", "13880-moses.jpg": "a group of people sitting around a building", "20284-flowers.jpg": "a bunch of flowers in a vase on a table", "39528-qu_sheba.jpg": "a group of people sitting on a beach", "22189-portrai2.jpg": "a woman standing in front of a pot on a table", "03401-resurrec.jpg": "a statue of a man riding on a <unk>", "08958-roemer2.jpg": "a table topped with a glass of wine and a glass", "21032-stillife.jpg": "a bouquet of flowers in a vase on a table", "30793-galitziz.jpg": "a woman standing next to a statue of a building", "24516-01clemen.jpg": "a building with a clock on the side of it", "28671-2venice5.jpg": "a picture of a mountain in the distance", "41685-07eulali.jpg": "a building that has a painting on it", "36962-zcircus1.jpg": "a painting of a painting on the wall", "11373-9delaroc.jpg": "a dog that is laying in the water", "44541-virginc.jpg": "a picture of a woman and a woman", "30781-agostino.jpg": "a group of people sitting in front of a clock", "36961-ychahut3.jpg": "a close up of a painting of a <unk>", "07438-certosa.jpg": "a clock on the wall of a building", "11364-2delaroc.jpg": "a group of people on a boat in the water", "29737-river_la.jpg": "a boat traveling down a river next to a mountain", "28519-1vario02.jpg": "a group of people sitting around a table with food", "34324-1zane6.jpg": "a painting of a man and a dog in a picture", "21946-4lastsu.jpg": "the inside of a building with people in it", "09594-sanpaol.jpg": "a close up of a pair of scissors on a table", "23769-stillife.jpg": "a close up of a bed with a quilt", "28539-0impress.jpg": "a red frisbee in the middle of a city", "06211-f_medici.jpg": "a young boy wearing a shirt and tie", "30878-combat.jpg": "a group of people standing around in front of a building", "10085-13altar.jpg": "a statue of a man standing next to a statue", "33457-20oldtes.jpg": "a group of people sitting on top of a bed", "37676-bowlvase.jpg": "a bunch of fruits and vegetables on a table", "22271-soupchil.jpg": "a woman standing next to a woman in a room", "23426-01luce.jpg": "a view of a city in the distance", "36879-holykins.jpg": "a group of people standing next to each other", "12120-marius1.jpg": "a couple of people that are sitting down", "36294-wom_veil.jpg": "a woman in a black jacket and a brown coat", "30232-04prodi1.jpg": "a group of people that are sitting on a couch", "09702-07romulu.jpg": "a group of people standing around a tree", "32819-32beardl.jpg": "a man and a baby are sitting on a couch", "08202-trissino.jpg": "a man wearing a hat with a hat on", "14199-crucifix.jpg": "a painting of a man in a dress", "15905-06selfpo.jpg": "a close up of a person in a dark room", "22614-01annun.jpg": "a statue of a woman standing next to a statue", "22417-3portrai.jpg": "a gold clock with a picture of a man", "12348-1selfpor.jpg": "a woman in a dress is standing next to a bed", "39165-06valma.jpg": "a couple of women standing next to each other", "33908-23noremb.jpg": "a close up of a person in a dark room", "41638-bathouse.jpg": "a group of people standing around in a room", "21850-calasanc.jpg": "a group of people standing next to each other", "18231-0501grec.jpg": "a room with a bench and tables in it", "19846-1ober1.jpg": "a group of people standing next to each other", "19863-2guildf3.jpg": "a woman sitting on a table with a towel", "15836-cruc_pet.jpg": "a group of people that are on the ground", "14175-06souven.jpg": "a woman in a dress and a dog", "30656-allegory.jpg": "a woman sitting on a table with a clock", "28460-helicon.jpg": "a group of people standing next to each other", "00004-selfport.jpg": "a man with a glass of red wine", "43787-15ceres.jpg": "a picture of a woman in a bikini", "11264-111delac.jpg": "a group of people that are sitting down", "39293-2mark.jpg": "a group of people standing around a building", "16339-vice_4.jpg": "a statue of a woman standing next to a statue", "18817-turkish3.jpg": "a group of people standing around a building", "37302-7altomon.jpg": "a statue of a man standing next to a clock", "09661-13barber.jpg": "a picture of a painting on the wall", "34125-study.jpg": "a close up of a person with a beard", "31070-2august7.jpg": "a man wearing a hat holding a piece of paper", "10507-candele1.jpg": "a statue of a man standing next to a statue", "00951-01virgin.jpg": "a group of people standing in front of a building", "43238-belisari.jpg": "a group of people standing next to each other", "44082-06man.jpg": "a close up of a person in a dark room", "11640-02view.jpg": "a group of people standing in front of a building", "05250-06revers.jpg": "a large clock mounted to the side of a building", "32922-1baptis.jpg": "a large group of people standing in front of a building", "42213-0112vela.jpg": "a black and white photo of a man in a suit", "25051-double1.jpg": "a group of people standing next to each other", "15543-1appear.jpg": "a group of people standing next to each other", "39078-01planet.jpg": "a group of people sitting on top of a sandy beach", "05456-7adorati.jpg": "a group of people riding on the backs of elephants", "15859-forge.jpg": "a group of people standing around a dog", "43786-143finet.jpg": "a little boy sitting on a wooden table", "20109-44hooch.jpg": "a woman sitting in a chair reading a book", "12355-i_landsc.jpg": "a group of people standing in a field next to trees", "10312-05scheyr.jpg": "a man wearing a red shirt and a red tie", "36014-orator11.jpg": "a statue of a woman on a horse", "30055-2father3.jpg": "a dog is sitting on the back of a horse", "32541-virgin.jpg": "a group of people standing next to a building", "00936-51annale.jpg": "a painting of a woman standing in front of a painting", "17120-arles42.jpg": "a group of people standing outside of a building", "43892-portrai1.jpg": "a picture of a man in a suit and tie", "24562-popegreg.jpg": "a man standing next to a man in a dress", "35430-55religi.jpg": "a group of people standing next to each other", "29816-summer.jpg": "a person walking with a horse drawn carriage", "27147-charles.jpg": "a statue of a woman dressed in a costume", "08672-03peelin.jpg": "a woman sitting in front of a pot of food", "43541-emperor.jpg": "a large group of people standing around each other", "04979-arcadia2.jpg": "a group of people sitting on top of a rocky cliff", "18382-1709grec.jpg": "a man wearing a black jacket and tie", "33583-125portr.jpg": "a man wearing a hat and holding a hat", "22437-lepanto1.jpg": "a large group of people sitting on top of a beach", "44560-05monza.jpg": "a statue of a person on a horse", "10664-catheri.jpg": "a statue of a woman in a dress", "19837-05ursula.jpg": "a statue of a woman dressed in a costume", "31749-12figure.jpg": "a person walking through a field of flowers", "43846-italland.jpg": "a group of people standing next to a horse", "07125-1fruit.jpg": "a woman sitting in front of a table full of food", "40334-arques.jpg": "a plane flying over a large body of water", "21503-council.jpg": "a large group of people in a room", "23431-05luce.jpg": "a dog laying on the ground next to a building", "03335-mystic_m.jpg": "a group of people sitting on top of a building", "26757-03_62mn.jpg": "a clock sitting on top of a table", "44751-virgin_c.jpg": "a group of people sitting on a couch with a dog", "00519-rateship.jpg": "a group of boats floating on top of a body of water", "00515-mother.jpg": "an old woman in a white and white dress", "33381-04newtes.jpg": "a group of people standing next to each other"}