{"41465-mad_chil.jpg": "a large ornate clock on the side of a building", "11187-1880s_07.jpg": "a statue of a woman standing next to a statue", "07898-landscap.jpg": "a group of people standing on top of a rock", "16588-3pitti.jpg": "a group of statues sitting on top of a building", "35485-23mythol.jpg": "a couple of women standing next to each other", "21763-poetry.jpg": "a woman sitting in a chair holding a bag", "09566-corot162.jpg": "a man standing next to a tree in a forest", "20246-landscap.jpg": "a group of horses that are in a field", "04037-margaret.jpg": "a couple of women standing next to each other", "34936-15isere1.jpg": "a painting of a painting on a wall with a painting on it", "04190-lamentat.jpg": "a group of people standing next to each other", "07669-carlev13.jpg": "a group of people standing around a stone building", "30218-4ducale1.jpg": "a clock mounted to the side of a building", "04177-charles5.jpg": "a group of people standing around a horse", "25155-passion2.jpg": "a painting of a painting of a person and a umbrella", "11175-1870s_75.jpg": "a statue of a man holding an umbrella", "03817-099jerox.jpg": "a black and white photo of a man reading a book", "08624-presenta.jpg": "a group of people standing next to each other", "09604-latte.jpg": "a woman holding a baby in a bed", "38889-main06.jpg": "a group of people standing around each other", "00637-mad_chil.jpg": "a group of people sitting on a couch", "29498-playlute.jpg": "a woman standing next to a woman in a yellow dress", "28682-7liliy04.jpg": "a view of a body of water near a river", "16774-5vault.jpg": "a painting of a <unk> in a museum", "37006-comique.jpg": "a statue of a man in a suit and tie", "32459-stjerome.jpg": "a dog that is laying down in the dark", "35766-plumlov.jpg": "a couple of people standing next to a river", "05393-stillife.jpg": "a table topped with lots of fruit and vegetables", "07216-canal504.jpg": "a large building with people walking around it", "08520-3still1.jpg": "a painting of a vase with flowers in it", "16922-calvar2.jpg": "a group of people riding horses in front of a statue", "14401-pieta.jpg": "a group of people sitting on a table", "43885-children.jpg": "a group of people sitting next to a statue", "17264-auvers24.jpg": "a statue of a man wearing a hat and tie", "31765-hagar_de.jpg": "a couple of people that are sitting down", "14813-garden_w.jpg": "a view of a city from a building", "08789-nativit.jpg": "a group of people standing next to each other", "37106-1apostl5.jpg": "a couple of women standing next to each other", "23908-madchild.jpg": "a woman holding a baby while sitting on a bus", "30145-officer.jpg": "an old photo of a woman sitting on a couch", "03753-012madon.jpg": "a man wearing a hat and holding a baby", "04023-1hunyadi.jpg": "a group of people standing next to each other", "04539-villamag.jpg": "a statue of a man standing next to a building", "09825-modesty.jpg": "a man in a white shirt holding a pair of scissors", "07662-carlev07.jpg": "a large group of people standing in front of a building", "30590-1sculptu.jpg": "a woman laying on a bed next to a woman", "31742-05figure.jpg": "a man standing next to a woman in a forest", "40008-2mouli04.jpg": "a black and white photo of a woman and a woman", "18896-semiram.jpg": "a couple of women standing next to each other", "23236-predell2.jpg": "a group of people standing around a boat", "30018-jerusale.jpg": "a group of people standing next to horses", "00613-02crucif.jpg": "a group of people standing next to a statue", "39477-3arsinoe.jpg": "a man sitting on a boat in a boat", "07257-canal707.jpg": "a large body of water with a bridge in the background", "06568-paradis0.jpg": "a group of people that are standing in front of a tree", "10597-dairymai.jpg": "a group of people and a cow in a field", "13732-0view.jpg": "a living room filled with lots of furniture", "03974-bello202.jpg": "people are sitting on the beach near a river", "18019-30old.jpg": "a large group of people with horses and horses", "35507-36mytho.jpg": "a couple of people standing next to a statue", "17181-2enclos4.jpg": "a yellow cat sitting on top of a yellow blanket", "34669-pub_bath.jpg": "a group of people standing in front of a stone building", "21456-portr_ca.jpg": "a man wearing a suit and a bow tie", "26067-18nosorr.jpg": "a statue of a man holding a <unk>", "09281-wisdom.jpg": "a painting of a man sitting on top of a bed", "26525-4paul1.jpg": "a group of people standing in front of a painting", "30572-gr_flood.jpg": "a picture of a rock in the water", "04162-stillif1.jpg": "a couple of vases sitting on top of a table", "27076-lacemake.jpg": "a woman sitting on a couch next to a table", "17167-portra19.jpg": "a statue of a teddy bear wearing a hat", "31451-2music.jpg": "a large building with statues and statues", "44115-viewglen.jpg": "a group of cows drinking water from a river", "08313-saints2.jpg": "a man in a dress holding a book", "10721-landsca2.jpg": "a dog sitting in the grass next to a tree", "18112-equestri.jpg": "a person riding on the back of a horse", "39024-6asia1.jpg": "a group of people standing next to each other holding umbrellas", "06639-stillife.jpg": "a painting of some flowers in a vase", "41370-05castle.jpg": "a large stone building with a building in the background", "03801-084madon.jpg": "a woman sitting on a chair next to a woman", "29565-houses.jpg": "a large building with a building in the background", "30267-virgin_c.jpg": "a group of people that are sitting on a beach", "19136-32mulatt.jpg": "a man wearing a red hat and a backpack", "16491-62crucif.jpg": "a group of people standing next to each other", "10246-1founta1.jpg": "a group of people standing around a beach", "05943-adoratio.jpg": "a group of people standing around in the water", "11328-515delac.jpg": "a group of people standing around a group of dogs", "10018-dianven1.jpg": "a group of people in a swimming pool", "15297-gulf_aqa.jpg": "a couple of horses walking along a beach", "05382-still_li.jpg": "a vase of flowers sitting on a table", "02760-landsca2.jpg": "a couple of horses that are standing in the grass", "15817-greyhoun.jpg": "a couple of dogs standing next to a tree", "37527-2farnes2.jpg": "a group of people standing in front of a fireplace", "06206-cosimo3.jpg": "a man in a black jacket and a black jacket", "33635-21sp1661.jpg": "a man standing in the dark looking at the camera", "36765-daffodil.jpg": "a group of people sitting on a couch", "35113-odysseus.jpg": "a couple of men standing next to each other", "12466-cardplay.jpg": "a group of people sitting around a barrel", "16054-franc24.jpg": "a painting of a group of people in a room", "37680-interior.jpg": "a group of people sitting in a room", "23445-sforza1.jpg": "a clock with a picture of a man on it", "22736-lot_daug.jpg": "a group of people sitting on top of a bed", "39584-1assunt0.jpg": "a group of people standing in a room", "20026-pairpeac.jpg": "a group of birds that are standing on the ground", "21830-portdalb.jpg": "a man in a black shirt and a tie", "19896-1ambassa.jpg": "a statue of a man standing next to a cow", "12098-v_street.jpg": "a group of people walking down a street", "41022-17portra.jpg": "a man with a beard and a green jacket", "40017-3bed3.jpg": "a picture of a woman in a pool with a painting", "41982-viewrome.jpg": "a black and white photo of a mountain range", "04725-christ1.jpg": "a group of people sitting around a long couch", "15155-01quarat.jpg": "a clock that is on top of a wall", "34439-stillifx.jpg": "a bunch of fruits and vegetables on a table", "14882-landscap.jpg": "a man sitting in front of a large castle", "03426-15sheela.jpg": "a close up of a cat laying on the ground", "09503-baptism.jpg": "a group of people sitting on top of a couch", "11197-1880s_17.jpg": "a group of men standing next to each other", "30893-farnesi1.jpg": "a painting of a painting on the wall", "16993-nuenen08.jpg": "a group of people standing next to a building", "22178-royal_co.jpg": "a couple of people sitting on a couch", "41121-00antepe.jpg": "a wall that has a bunch of art on it", "05737-stillif2.jpg": "a bunch of fruit in a vase on a table", "18460-angelaur.jpg": "a woman standing in front of a mirror", "40368-1battle.jpg": "a group of men riding on the backs of horses", "14140-04girlsl.jpg": "a baby laying in bed next to a baby", "34715-bembo.jpg": "a statue of a man with a hat and a tie", "02782-flowvase.jpg": "a vase filled with flowers sitting on top of a table", "21339-pinkdres.jpg": "a woman in a red dress is holding a purse", "17016-nuenen36.jpg": "a man with a mask on his head", "16494-12polypt.jpg": "a close up of a person holding a baseball bat", "40432-4prede5.jpg": "a group of people standing next to each other", "27081-oyster_e.jpg": "a group of people standing in front of a building", "43698-morell.jpg": "a man with a beard and a beard", "37394-pieta.jpg": "a man in a red robe is standing next to a statue", "28767-6gresham.jpg": "a man wearing a hat sitting on a bed", "25333-portrai4.jpg": "a woman wearing a hat and a hat", "38930-10holyfa.jpg": "a group of people sitting on top of a couch", "16853-crucifiz.jpg": "a statue of a man standing next to a clock", "27181-04spring.jpg": "a dirt road with trees in the background", "03608-71rebel.jpg": "a group of people standing next to a statue", "10526-stgeorge.jpg": "a statue of a man on a <unk> with a clock", "26093-25more4.jpg": "a picture of a man standing on a mirror", "00747-11fieso4.jpg": "a picture of a woman in a dress", "09837-courb102.jpg": "a black and white photo of a woman holding a teddy bear", "30287-eccehomo.jpg": "a statue of a woman holding a banana", "07729-stillif2.jpg": "a cow laying on top of a pile of dirt", "28853-port_dom.jpg": "a man in a black jacket cutting a piece of paper", "03950-mocking.jpg": "a man sitting next to a statue of a dog", "22193-portrai6.jpg": "a man holding a donut in his hands", "00003-rudolf2.jpg": "a picture of a man with a hat on", "16852-crucifix.jpg": "a statue of a man standing next to a statue", "02874-joseph4.jpg": "a group of people standing around a large elephant", "05065-bacchus.jpg": "a man with a hat sitting on a couch", "32261-13landsc.jpg": "a statue of a man sitting in a forest", "27006-s_elena.jpg": "a large ornate building with a painting on it", "30047-limbo.jpg": "a statue of a man and a woman on a bed", "19927-12chambe.jpg": "a man wearing a hat and holding a purse", "14728-allegory.jpg": "a group of people sitting on top of a wall", "43668-oak_wood.jpg": "a cloudy sky over a forest filled with trees", "44198-cornfiel.jpg": "a man standing next to a lush green field", "23746-st_luke.jpg": "a statue of a man in a red jacket", "13935-head_wom.jpg": "a close up of a person wearing a tie", "34177-sfrancis.jpg": "a man sitting on a bed holding a dog", "40938-06virgix.jpg": "a man wearing a hat and holding a baby", "24020-2chapel.jpg": "a group of people standing next to each other", "28701-flowers3.jpg": "a floral arrangement of flowers on a table", "31722-rouen3.jpg": "a large body of water next to a river", "38641-lemonade.jpg": "a couple of women sitting next to each other", "00465-joseph.jpg": "a group of people standing next to each other", "03148-szecheny.jpg": "a close up of a person wearing a tie", "22290-1foscar4.jpg": "a large stone building with statues on it", "22568-3druisa.jpg": "a large cathedral with people standing around it", "04499-holyfami.jpg": "a couple of people standing next to each other", "05445-10adorat.jpg": "a large group of people standing in front of a building", "33379-02newtet.jpg": "a group of people sitting on a horse drawn carriage", "08275-thebless.jpg": "a statue of a man standing next to a man", "14000-noblevom.jpg": "a woman in a red dress holding a dog", "11325-512delad.jpg": "a couple of dogs standing next to a tree", "35438-70religi.jpg": "a woman sitting next to a woman in a chair", "39822-1concert.jpg": "a couple of people standing next to each other", "03157-manpor.jpg": "a woman wearing a hat and a hat", "26176-5bay.jpg": "a statue of a horse and statues of people", "18300-1014grec.jpg": "a man that is laying down with a dog", "35685-bentheim.jpg": "a group of people standing on top of a mountain", "17806-710goya.jpg": "a group of people riding on the backs of horses", "00867-marco2.jpg": "a view of a building with a balcony", "34162-parody.jpg": "a group of people sitting around a building", "15821-spaniel2.jpg": "a black dog standing on top of a lush green field", "24870-pratove1.jpg": "a group of people standing in front of a building", "44676-preston.jpg": "a man standing on a rock holding a microphone", "17544-02portra.jpg": "a woman sitting in front of a glass bowl", "06934-adorati.jpg": "a painting of a painting on a wall", "30700-principe.jpg": "a group of people that are laying on the ground", "34819-onaboat.jpg": "a couple of boats that are floating in the water", "20373-13ingrex.jpg": "a group of people standing next to each other", "02970-selfport.jpg": "a group of people sitting around a table", "36581-greekwom.jpg": "a group of people standing around each other in a room", "33314-stillife.jpg": "a market filled with lots of fruits and vegetables", "32247-20redsea.jpg": "a large group of people sitting on a beach", "37813-alexandc.jpg": "an old building with a large display case", "39573-10mamian.jpg": "a man with a hat on holding a baby", "19060-family.jpg": "a couple of women sitting next to each other", "43994-2bladel.jpg": "a group of people standing next to a building", "40823-youngwo1.jpg": "a woman in a dress standing in a field", "10869-093rdcla.jpg": "a group of people are sitting on a bed", "09488-gentlema.jpg": "a man wearing a hat and a black hat", "09102-dance2.jpg": "a group of people standing next to each other", "43176-roland.jpg": "a woman in a black dress and black dress", "13701-fresco1.jpg": "a group of people standing next to each other", "08463-farinacc.jpg": "a man standing in front of a table with a book", "34412-kitchen.jpg": "a couple of men standing next to each other", "11694-4magnol.jpg": "a group of people standing in front of a building", "30514-landflig.jpg": "a woman sitting on a bench next to a tree", "36344-luxembou.jpg": "a couple of people walking down a street", "11961-allegr01.jpg": "a building that has a painting on the wall", "21571-odysseus.jpg": "a group of people riding on the backs of horses", "12240-pre_v_9.jpg": "a group of people standing in front of a building", "03473-gloves.jpg": "a man wearing a leather jacket holding a tie", "40124-studiolo.jpg": "a group of people standing around a clock", "11165-1870s_65.jpg": "a group of people standing next to each other", "24923-lawrenc7.jpg": "a statue of a man wearing a costume", "24092-1deadchr.jpg": "a man laying down next to a baby elephant", "00780-3predel3.jpg": "a group of women standing next to each other", "12107-b_sibyl.jpg": "a woman with long hair is laying down", "10439-certosa.jpg": "a large cathedral with a large ornate clock", "19596-funeral.jpg": "a group of people standing in front of a building", "14478-408fried.jpg": "two people standing next to each other on a beach", "19269-femalenu.jpg": "a man sitting in front of a statue of a elephant", "39240-7nichola.jpg": "a close up of a purse with an umbrella", "11323-511delac.jpg": "a group of horses standing next to a stone building", "37502-stillife.jpg": "a group of people sitting on top of a couch", "05095-borromeo.jpg": "a man in a red robe standing next to a man", "39586-1assunt11.jpg": "a large group of people in a room", "10295-05luthe2.jpg": "a man wearing a hat and a tie", "02888-continen.jpg": "a group of people standing around a building", "17961-03fortu1.jpg": "a couple of people sitting next to each other", "08990-05ursula.jpg": "a group of people in boats on a river", "14042-m_saints.jpg": "a black and white photo of a man and a statue", "33980-matthew.jpg": "a man sitting on a couch holding a piece of paper", "20739-promethe.jpg": "a man is laying on a bed with a dog", "37910-marriage.jpg": "a group of people standing around a table with a dog", "39301-03ceilin.jpg": "a black and white photo of a man and a woman", "30767-4sibyls.jpg": "a large group of people in a room", "04385-z_salome.jpg": "a man and woman are laying on a couch", "21717-smokers.jpg": "a group of people sitting on top of a couch", "39900-1legacy.jpg": "a black and white photo of a fire hydrant", "22163-country.jpg": "a man riding a horse down a dirt road", "34354-riesenge.jpg": "a woman walking a dog on a rocky mountain", "44679-towneley.jpg": "a group of people sitting around a large room", "08609-ex_voto.jpg": "a woman sitting on a couch with a book", "19280-port_wom.jpg": "a woman holding a cell phone in her hand", "07730-casualty.jpg": "a man in a red jacket sitting in a room", "13778-parable.jpg": "a woman sitting on the ground next to a horse", "41973-arcadian.jpg": "a group of people standing next to each other", "30876-mtrinity.jpg": "a picture of a man and a statue", "34165-samuel.jpg": "a woman sitting on the floor in front of a dark wall", "22180-deathcat.jpg": "a man sitting on a bed with his arms crossed", "03756-015trans.jpg": "a group of people standing next to each other", "03928-ma_child.jpg": "a small doll is sitting next to a teddy bear", "20529-predel2.jpg": "a group of people standing in front of a window", "38436-04szinye.jpg": "a group of people standing next to each other", "24869-madonna2.jpg": "a picture of a woman in a dress", "34170-stuart.jpg": "a man in a suit and tie looking at the camera", "43642-hospital.jpg": "a woman sitting on a bench in a room", "09191-vaccino.jpg": "an old building with a clock tower in the background", "18824-coronati.jpg": "a painting of a painting on the wall of a building", "26570-04_3ce4c.jpg": "a statue of a man standing next to a man", "14812-madonna.jpg": "a painting of a woman sitting on top of a table", "15221-madonna.jpg": "a young woman is sitting on a couch", "10477-scullery.jpg": "an old woman is sitting in a kitchen", "40905-02virgin.jpg": "a woman holding a baby in her arms", "33928-vanitas2.jpg": "a close up of a bunch of items on a table", "17548-06portra.jpg": "a man wearing a hat and a hat", "21534-crucifix.jpg": "a couple of people standing next to each other", "11434-tivoli1.jpg": "a waterfall with a waterfall in the background", "23996-8cardina.jpg": "a man standing next to a red couch", "41577-12scrove.jpg": "a black and white photo of a man and a statue", "19470-table_d1.jpg": "a table that has a bunch of fruit on it", "40920-11lament.jpg": "a group of people sitting on top of a stone structure", "34720-plague.jpg": "a couple of people standing next to each other", "36555-altar2d.jpg": "a group of people standing next to each other", "22811-self_por.jpg": "a close up of a person in a mirror", "26136-36ursu06.jpg": "a group of people standing next to each other", "19626-triumph.jpg": "a group of people that are on a bed", "19461-stil_flo.jpg": "a bunch of fruit sitting on top of a table", "34397-louis_14.jpg": "a statue of a woman sitting on a bed", "43528-boy_port.jpg": "a young boy dressed in a baseball uniform", "19335-lot_daug.jpg": "a large group of people standing in front of a building", "18475-innocenx.jpg": "a close up of a person with a beard", "29525-holding.jpg": "a woman sitting in front of a table with an umbrella", "26398-peasants.jpg": "a group of people sitting around a wooden bench", "32871-4virtue.jpg": "a group of people standing next to a building", "03326-christ_t.jpg": "a close up of a person wearing glasses", "28641-1vario16.jpg": "a mountain range with a mountain in the background", "17987-10scene.jpg": "a group of women standing next to each other", "28921-port_man.jpg": "a close up of a person wearing a hat", "33405-06passio.jpg": "a group of people sitting on top of a stage", "21271-bacchus.jpg": "an old photo of a woman and a woman", "28917-gentlema.jpg": "a man standing next to a building with a statue", "08491-06early.jpg": "a painting of a painting of a stone and stone wall", "17160-portra12.jpg": "a man wearing a hat and a hat", "41475-portrait.jpg": "a woman with a hat standing next to a building", "17764-415goya.jpg": "a woman in a pink dress is sitting on a <unk>", "38238-charity.jpg": "a man and a woman standing next to each other", "13303-04church.jpg": "a woman standing in front of a large building", "13323-23suckli.jpg": "a woman in a red dress sitting in a chair", "34197-sebastia.jpg": "a couple of men sitting next to each other", "10346-5luther.jpg": "a statue of a man that is standing in front of a wall", "39016-2stair1.jpg": "a large building with statues on top of it", "20795-portrai1.jpg": "a woman wearing a white shirt holding a brown object", "09680-4marte2.jpg": "a clock is hanging on the side of a building", "20294-scapegoa.jpg": "a brown dog standing on top of a sandy beach", "21212-franz1.jpg": "a person riding a horse in front of a building", "16887-keswick.jpg": "a man on a small boat in the water", "03449-banquet.jpg": "a group of people sitting around a table", "14959-tahiti06.jpg": "a group of people sitting next to each other", "33607-12group.jpg": "a black and white photo of a man and a dog", "25958-noahark3.jpg": "a large group of people in a crowd of people", "43009-03lynx3.jpg": "a man in a black and white shirt and a black tie", "41965-immacula.jpg": "a group of people sitting in a room", "22579-2humilit.jpg": "a group of women standing next to each other", "35941-2bavo7.jpg": "a large building with statues on the side of it", "21381-cleopat.jpg": "a group of people sitting around a table", "14046-madon_ch.jpg": "a woman with a small child in a room", "27058-frederik.jpg": "a man in a blue shirt is looking at the camera", "15755-tobias_a.jpg": "a couple of people that are sitting in a mirror", "21189-cafepari.jpg": "a group of people standing around a fire hydrant", "11589-guardia2.jpg": "a man and a woman sitting on a couch", "07124-port_man.jpg": "a man wearing a hat sitting on a bed", "25067-lamentat.jpg": "a group of people sitting on the ground", "21173-panoramv.jpg": "a large body of water next to a body of water", "24980-madonna.jpg": "a group of men standing next to each other", "20449-ruyter.jpg": "a group of people standing next to each other", "17206-olive08.jpg": "a painting of a man standing next to a tree", "16786-2north1.jpg": "a group of people sitting on top of a stone wall", "10650-06csont.jpg": "a man in a hat is holding a cigarette", "15102-lamentat.jpg": "a group of people sitting on a beach", "39704-06bravo.jpg": "a man is laying down with a red purse", "22214-lot_daug.jpg": "a group of people sitting on the back of a boat", "19090-07dereem.jpg": "a statue of a woman wearing a hat and tie", "23460-salome.jpg": "a woman holding a plate with a man holding a plate", "42823-7adorati.jpg": "a group of people riding on top of horses", "33364-italian.jpg": "a body of water next to a body of water", "30742-view_flo.jpg": "a woman standing next to a large tree", "40759-03icon.jpg": "a statue of a woman sitting on a statue", "31079-3anton09.jpg": "a man sitting on the ground next to a woman", "42019-violinis.jpg": "a little girl sitting in a chair reading a book", "15295-cockfigh.jpg": "a couple of people that are sitting on the ground", "36367-bayhunte.jpg": "a woman standing next to a horse and a dog", "43705-bouquet.jpg": "a vase of flowers sitting on a table", "31967-07halber.jpg": "a man wearing a baseball uniform holding a bat", "29134-holy_fam.jpg": "an old woman sitting next to a teddy bear", "33569-098portr.jpg": "a woman standing in front of a wall in the dark", "39498-15cornar.jpg": "a man with a beard is in the dark", "21573-susanna.jpg": "a group of people sitting next to each other", "14437-204fried.jpg": "a large building in the middle of a snowy field", "05904-mayqueen.jpg": "a group of people standing around a building", "38168-jaybaske.jpg": "a bird sitting on top of a pile of fruit", "06277-capture.jpg": "a black and white photo of a boat in the water", "35444-75religi.jpg": "a group of people standing around a large building", "41095-04elizab.jpg": "a group of women standing next to each other", "13059-clara.jpg": "a close up of a person in a dark room", "03415-08lastsu.jpg": "a large group of people sitting around a table", "37629-dido_rec.jpg": "a group of people standing around a group of elephants", "23186-23monaco.jpg": "a man sitting on a bench reading a book", "05453-51madonn.jpg": "a woman sitting on a couch holding a teddy bear", "37706-jerome.jpg": "a man reading a book while sitting on a couch", "24227-fishma.jpg": "a group of people on a boat in the water", "10328-10duke.jpg": "a man with a beard is holding a dog", "10702-pardon.jpg": "a group of people standing next to each other", "18570-viewveni.jpg": "a large group of people sitting on a sidewalk", "12572-6apostl.jpg": "a close up of a person with a mask", "17223-copies15.jpg": "a painting of a man standing next to a statue", "30528-concert2.jpg": "a group of people sitting around a tree", "30088-z_tomb.jpg": "a group of people standing next to each other", "33528-40portrc.jpg": "a man wearing a hat with a hat on", "44146-witches.jpg": "a group of people standing around a statue", "10344-4hunt.jpg": "a herd of animals standing on top of a lush green field", "19659-harbour.jpg": "a group of people standing on a beach next to a river", "05906-tavern1.jpg": "a group of people sitting around a stone building", "11565-artist.jpg": "a couple of men standing next to each other", "11647-2scene6.jpg": "a statue of a man standing next to a statue", "41937-neptune.jpg": "a group of people sitting on top of a <unk>", "26615-05_4sw.jpg": "a man sitting on top of a wooden bench", "14148-06landsc.jpg": "a black dog standing on top of a mountain", "34133-calling.jpg": "a group of people standing around each other", "29887-sebastia.jpg": "a statue of a man standing next to a man", "26401-mil-land.jpg": "a horse standing on top of a dirt road", "08840-venus_ad.jpg": "a woman sitting on a christmas tree next to a woman", "37952-life_man.jpg": "a group of people sitting around a building", "24084-1portrai.jpg": "a close up of a person wearing a hat", "00906-5armadio.jpg": "a group of people standing in front of a building", "02512-8pair1.jpg": "a painting of a vase and a vase with flowers", "29175-1olive.jpg": "a group of people standing around a christmas tree", "12390-audoy.jpg": "a picture of a woman in a mirror", "13104-estuary.jpg": "a boat that is floating in the water", "00007-michael.jpg": "a statue of a woman in a red dress", "35289-sleeping.jpg": "a woman is eating a piece of paper", "14578-jacob_ra.jpg": "a group of people standing around a herd of sheep", "18547-cellini.jpg": "a group of people standing in a room", "09769-3may.jpg": "a group of people standing in front of a building", "12233-pre_v_7.jpg": "a group of people standing next to each other", "02755-coastal.jpg": "a group of people riding horses in a field", "21209-stillife.jpg": "a table that has a glass bowl and a vase on it", "20996-william2.jpg": "a close up of a man wearing a hat", "07799-06holyfa.jpg": "a group of people standing next to each other", "31962-051pink.jpg": "a young woman wearing a hat and a hat", "38587-smokers1.jpg": "a group of people sitting on a wooden bench", "44441-fumarole.jpg": "a person sitting on a rock next to a body of water", "13274-officers.jpg": "a group of people standing around each other", "04033-stillife.jpg": "a painting of a person with a dog on a table", "14252-1nativi2.jpg": "a group of people that are laying down", "21628-johnfane.jpg": "a man in a red and white suit and tie", "17133-arles55.jpg": "a building with a lot of graffiti on it", "15952-00view.jpg": "the inside of a building with a large cathedral", "24545-16olona.jpg": "a large cathedral with people standing around it", "22640-07madonn.jpg": "a group of people standing in front of a building", "16874-triptyc2.jpg": "a large clock sitting on top of a mantle", "00094-stilbask.jpg": "a basket filled with apples on top of a table", "35531-03allego.jpg": "a group of people sitting on top of a couch", "14073-garden.jpg": "a woman is standing in front of a tree", "15166-12quarat.jpg": "a group of people standing next to a building", "16782-1south3.jpg": "a group of people that are sitting on the ground", "41369-04tripty.jpg": "an old photo of a building with a clock", "40182-portrai1.jpg": "a man that is sitting down with a box", "05084-portrait.jpg": "a man sitting in a room holding a book", "30578-storm2.jpg": "a black and white photo of a boat", "00584-07passi0.jpg": "a large stone building with statues on it", "03954-old_phil.jpg": "a woman wearing a hat and holding a spoon", "41113-14anne.jpg": "a group of people standing next to each other", "06016-praise.jpg": "a painting of a vase with flowers in it", "13449-pozzuoli.jpg": "a group of people riding horses down a river", "34225-visionbr.jpg": "a man is reading a book to a dog", "20891-portrait.jpg": "a man and a little girl sitting next to each other", "08473-judith.jpg": "a couple of women sitting next to each other", "22295-antiquit.jpg": "a man and a woman sitting on a dog", "42459-stillife.jpg": "a vase filled with flowers on a table", "32161-archduke.jpg": "a picture of a man and a woman", "36406-sleep.jpg": "a woman and a child laying in a bed", "07409-pepoli1.jpg": "a large ornate clock on the side of a building", "32492-holy_fam.jpg": "a man in a bathing suit sitting on a bed", "07749-port_wom.jpg": "a woman with a bow tie sitting on a bed", "07939-f_egypt1.jpg": "a group of people sitting on top of a horse", "21210-barkoczy.jpg": "a statue of a man dressed in a costume", "23107-05virgin.jpg": "a large statue of a man standing next to a woman", "44224-seasons1.jpg": "a black and white photo of a woman holding a baby", "17827-810goya.jpg": "a close up of a person holding a stuffed animal", "33538-49portra.jpg": "a man in a suit and tie standing in front of a building", "40261-m_zodiax.jpg": "a painting of a woman holding a baby", "18799-1tobias.jpg": "a group of people standing next to a stone wall", "31082-1adam01.jpg": "a group of people standing next to each other", "29418-leczinsk.jpg": "a young girl sitting on a bed in the dark", "24489-04bardi.jpg": "a painting of a man standing next to a statue", "04105-herdsmen.jpg": "a large group of rocks and some trees", "17135-arles57.jpg": "a painting of a person standing next to a tree", "23374-11holyfa.jpg": "a group of people that are sitting on the ground", "27182-05summer.jpg": "a group of people standing around a boat", "04800-tav_inte.jpg": "a group of people standing in front of a building", "19880-1wedigh.jpg": "a man wearing a hat and a hat", "39261-2st_paul.jpg": "a painting of a man and a man on a horse", "36806-doria_a.jpg": "a man in a black hat with a hat on", "15015-tahiti73.jpg": "a painting of a woman in a dress", "35585-03heads.jpg": "a couple of men standing next to each other", "17423-venus_ad.jpg": "a couple of people that are sitting on the ground", "08326-virgin_c.jpg": "a group of people sitting in a room", "40454-library.jpg": "a statue of a building with a statue in it", "30621-erasmus.jpg": "a man wearing a black hat and a black hat", "08628-s_emmaus.jpg": "a group of people sitting around a table eating food", "35410-31religi.jpg": "a group of people sitting on a couch", "42740-nicholas.jpg": "a man in a black jacket standing next to a wall", "33308-fivesens.jpg": "a chocolate cake sitting on top of a table", "05899-sevres.jpg": "a couple of people standing next to each other", "34242-l_horses.jpg": "a large tree in the middle of a park", "44028-2braque.jpg": "a couple of people standing next to each other", "14693-lionhunt.jpg": "a group of people riding on the backs of horses", "38957-04allego.jpg": "a painting of a woman and a woman on a rock", "20033-out_inn.jpg": "a group of people standing around a stone wall", "12133-vessels.jpg": "a sailboat on the water with people in the background", "00902-1armadio.jpg": "a building with many people in it", "15370-crucifix.jpg": "a large wooden clock with people on it", "23061-44nichol.jpg": "a group of people standing next to a building", "14914-1ponta02.jpg": "a man is standing next to an elephant statue", "22323-45beach.jpg": "a group of people standing on top of a sandy beach", "14544-venus.jpg": "a group of people riding on the backs of horses", "18425-2106grec.jpg": "a woman standing next to a large elephant", "16009-02bay4.jpg": "a large building with a painting on the wall", "23097-5tromp.jpg": "a stone wall with a painting on it", "17742-309goya.jpg": "a group of people standing next to each other", "38483-jerome.jpg": "a man and a dog sitting next to each other", "12569-3carnati.jpg": "a woman holding a baby in a room", "04192-polyptyc.jpg": "a group of people standing next to each other", "07130-5stillif.jpg": "a table filled with lots of fruits and vegetables", "26100-26vani11.jpg": "a woman standing next to a large dog", "17252-auvers12.jpg": "a close up of a green plant in a tree", "03569-03reale.jpg": "a large clock that is in a room", "14956-tahiti03.jpg": "a group of people sitting around a wooden table", "44402-air_pump.jpg": "a group of people sitting around a store", "41928-soignes.jpg": "a group of people walking down a dirt road", "38496-sisters.jpg": "a couple of women standing next to each other", "21137-selfporrt.jpg": "a man with a beard is looking at the camera", "36306-cuelen_e.jpg": "a man wearing a hat with a hat on"}