{"23989-3adorat2.jpg": "a group of people standing next to each other", "28710-madonna.jpg": "a group of people standing around a large building", "15618-adorati.jpg": "a group of people standing next to each other", "36948-jatte5.jpg": "a painting of a painting of a painting of a painting", "13901-stil_lif.jpg": "a table with a knife and a glass of wine", "22725-0view.jpg": "a large painting on the wall of a building", "05828-2erasmu.jpg": "a group of people standing next to each other", "25275-051isaac.jpg": "a man holding a baseball bat in a dark room", "23407-sh_wreck.jpg": "a group of people riding on top of a beach", "39433-3senate.jpg": "a large stone building with a large clock", "12204-pre_f_1d.jpg": "a painting of a man standing next to a painting", "09243-holy_fam.jpg": "a group of people standing next to each other", "14742-stillif1.jpg": "a close up of a bunch of apples on a table", "16092-mary03.jpg": "a group of people standing next to each other", "03063-allegory.jpg": "a group of people standing in front of a tree", "31836-rest_fli.jpg": "a group of people standing next to a stone wall", "01098-crucifiz.jpg": "a group of people standing next to each other", "40353-05prato.jpg": "a close up of a picture of a person", "37085-9vault.jpg": "a painting on a wall with a painting on it", "11058-kutuzovm.jpg": "a woman standing next to a large tree", "24354-nocturn.jpg": "a group of birds sitting on top of a pile of plants", "04402-tomb_pex.jpg": "a group of people that are sitting down", "39982-1misc05.jpg": "a woman sitting on top of a stone wall", "43795-19dance.jpg": "a group of people standing next to each other", "03861-137alle4.jpg": "a couple of women standing next to a statue", "25130-triptych.jpg": "a group of people standing next to each other", "33334-1dibutad.jpg": "a couple of people that are sitting on a bed", "38440-08szinye.jpg": "a woman in a red dress is holding a knife", "07272-canal801.jpg": "a group of people in boats on a river", "15321-cortona2.jpg": "a picture of a painting on a wall", "32441-christ_w.jpg": "a group of women sitting on top of a couch", "24141-5sebast2.jpg": "there is a painting on the side of a building", "09082-double.jpg": "a man wearing a hat and a hat", "26391-3francis.jpg": "a man in a red and white shirt and tie", "34251-stormy.jpg": "a mountain with a mountain in the background", "26108-30young.jpg": "a man in a leather jacket holding a tie", "38905-00bagli3.jpg": "a painting of a man and a horse in a room", "04688-011study.jpg": "a black and white photo of a house", "01140-portrai1.jpg": "a statue of a woman in a dress", "43746-putzers.jpg": "a couple of women standing next to each other", "42971-1maggior4.jpg": "a large painting of people sitting on top of elephants", "12968-charles5.jpg": "a man riding on the back of a horse", "42787-2wall4.jpg": "a statue of a man standing next to an elephant", "00517-rossini.jpg": "a man in a suit and bow tie", "15723-virgin_c.jpg": "a man and a child sitting on a couch", "13454-selfport.jpg": "a woman wearing a hat and a scarf", "18953-10poly.jpg": "a group of people standing around a building", "37992-virgin_c.jpg": "a painting of a woman sitting in a vase", "42978-2music3.jpg": "a group of people sitting on top of a boat", "00885-50north.jpg": "a group of people standing next to a building", "17128-arles50.jpg": "a forest filled with trees and trees", "09267-empire.jpg": "a group of people standing in front of a fountain", "30997-dominic1.jpg": "a large clock mounted to the side of a wall", "29605-triptyc5.jpg": "a woman standing in front of a stone wall", "14554-04portra.jpg": "a woman in a dress and a brown horse", "26661-03_1si2b.jpg": "a close up of a person holding a baby", "21244-parade.jpg": "a large crowd of people on horses and horses", "12004-cosmas_d.jpg": "a group of people sitting around a wooden bench", "23441-lugano1.jpg": "a large group of people standing next to each other", "04530-bari1.jpg": "a boat with a boat on top of it", "19037-spaniel.jpg": "a brown and white dog sitting next to a body of water", "24118-scene4.jpg": "a bunch of animals that are in a building", "02940-gallery.jpg": "a group of people walking down a street", "22470-01esther.jpg": "a group of people standing in front of a church", "05815-portrai2.jpg": "a close up of a person wearing a hat", "36120-valencia.jpg": "a building with a painting on the wall", "28390-satyr.jpg": "a black and white photo of a man holding a stick", "16067-00view.jpg": "a very large building with a checkered floor", "34207-bandy.jpg": "a man standing on a beach holding a cane", "24832-virgin_1.jpg": "a painting of a woman in a dress", "37959-scholar.jpg": "a woman sitting in a chair with a teddy bear", "40816-interior.jpg": "a man standing next to a woman in a room", "14992-tahiti51.jpg": "a plate of food sitting on a table", "33629-16sp1658.jpg": "a woman is holding a cigarette in her hand", "14336-lastsup.jpg": "a group of people sitting next to each other", "19801-scene.jpg": "a group of people standing in front of a building", "30405-mad_sain.jpg": "a man and a woman sitting on a couch", "03451-doge_mem.jpg": "a man wearing a hat and a hat", "18242-0603grec.jpg": "a woman sitting on top of a pile of food", "09619-io.jpg": "a dog laying on the ground next to a person", "03653-shipwrec.jpg": "a large body of water next to a castle", "38075-huntsmen.jpg": "a group of people standing next to two horses", "32069-cremona8.jpg": "a group of people in a room with horses", "10129-20jerome.jpg": "a man in a red jacket and a dog", "30898-farnesi6.jpg": "a stone building with statues and statues on it", "28597-2vario03.jpg": "a close up of a snow covered mountain", "38247-stillife.jpg": "a vase of flowers sitting on top of a table", "42511-presenta.jpg": "a group of people standing around a building", "17550-08portra.jpg": "a man wearing a hat and holding an umbrella", "44563-08monza.jpg": "a group of horses standing next to each other", "13071-colosseu.jpg": "a stone building with a stone wall", "19062-childsav.jpg": "a group of people sitting on a bed with a cat", "19260-tigress.jpg": "an elephant laying on top of a wooden surface", "04915-alaide.jpg": "a man with a hat and a tie", "20704-port_man.jpg": "a man wearing a black jacket and a tie", "44075-01fillas1.jpg": "a man with a book in his hand", "15751-madrid3.jpg": "a group of animals that are in the water", "39740-06danae.jpg": "a man laying in bed next to a man", "32424-venice1.jpg": "a group of people standing in front of a building", "13299-01_3mary.jpg": "a group of people sitting on top of a bench", "41093-02annunc.jpg": "a painting of a person with a painting on it", "42921-5allego1.jpg": "a couple of people that are sitting on a bench", "36771-lochorsx.jpg": "a group of people standing next to each other", "35805-flower.jpg": "a bouquet of flowers sitting on a table", "16343-virtu_1.jpg": "a statue of a woman in a white dress", "44065-6lamenta.jpg": "a couple of men standing next to each other", "36203-panel2.jpg": "a painting of a woman sitting on top of a bed", "05390-stillife.jpg": "a painting of a vase filled with flowers", "08866-13thomas.jpg": "a group of people standing next to each other", "32516-donor.jpg": "a group of people standing around a building", "37283-1pisa.jpg": "a group of people standing in front of a building", "05066-bathing.jpg": "a man sitting in a chair in a room", "20726-oldsang.jpg": "a group of people sitting around a table", "37297-2agostin.jpg": "a large painting of a painting on a wall", "19547-miracle.jpg": "a group of people standing in front of a building", "40741-09icon.jpg": "a group of people standing next to a wall", "20319-wilmot.jpg": "a man sitting on a stool next to a statue", "14553-03ezzeli.jpg": "a man and woman riding on the back of a boat", "41544-ymocking.jpg": "a group of people sitting on a couch with a dog", "18102-1pisa2.jpg": "a group of people standing next to each other", "21328-nicole.jpg": "a little boy that is laying down on a bed", "15955-0view1.jpg": "a large building with a large building in it", "12957-armour.jpg": "a woman in a leather jacket with a dog", "42684-napoleon.jpg": "a man riding a horse while holding an umbrella", "44787-sfrancis.jpg": "a man laying in bed with a dog", "08110-in_loge.jpg": "a man is holding a baseball bat in front of a wall", "38853-adoratio.jpg": "a group of people playing a game in a crowd", "14703-041wrott.jpg": "a little girl in a dress and a dress", "32787-25drago2.jpg": "a statue of a woman and a dog on a table", "44783-immacula.jpg": "a woman dressed in a white coat and tie", "24172-adoratig.jpg": "a painting of a man standing next to a painting of flowers", "40782-portkuni.jpg": "a close up of a person wearing a costume", "29613-virgin_c.jpg": "a man standing next to a statue of a man", "43309-pomposa.jpg": "a large building with a clock on it", "15442-1cercin3.jpg": "a statue of a man holding a piece of wood", "35372-08religi.jpg": "a couple of women standing next to each other", "16122-chris05.jpg": "a group of people standing next to a building", "38187-annuncia.jpg": "a painting of a woman standing next to a woman", "14160-010twogi.jpg": "a woman is sitting on a couch with a dog", "26750-08_2sp7.jpg": "a couple of people that are sitting down", "12997-selfpor.jpg": "a man in a black shirt is standing in a dark room", "04180-archer.jpg": "a shirtless man with his arms in the air", "40426-4prede2.jpg": "a group of women standing next to each other", "39856-children.jpg": "a woman holding a teddy bear in front of a mirror", "02759-landsca1.jpg": "a group of people riding horses down a dirt road", "03281-gimignan.jpg": "a picture of a painting on the wall", "39743-09venus.jpg": "a person laying on a bed with a dog", "31419-005siena.jpg": "a room with a wall decorated with various items", "09231-trinity.jpg": "a group of people are sitting on the beach", "11692-2madonna.jpg": "a woman sitting in a chair holding a baby", "20571-adorati.jpg": "a group of people in a room with a dog", "17566-24portra.jpg": "a man wearing a hat and a black hat", "39147-11zianig3.jpg": "a black and white photo of a group of horses", "05800-crypt.jpg": "a large cathedral with people standing around", "09868-courb208.jpg": "a close up of a person with a dog", "21657-conquest.jpg": "a group of people standing around a fire place", "24230-geremia.jpg": "a large body of water surrounded by buildings", "27047-ceres.jpg": "a group of people standing next to each other", "00281-madchild.jpg": "a statue of a man holding a statue", "20014-cattle_r.jpg": "a herd of cattle laying down in the grass", "35647-11sketc1.jpg": "a man standing next to a large elephant", "33616-05sp1629.jpg": "a close up of a person wearing a hat", "33305-stillife.jpg": "a pile of fruit sitting next to a pile of apples", "19086-04nooff.jpg": "a group of people riding on top of a table", "23379-03gloves.jpg": "a man wearing a hat and holding a tie", "20081-03hooch.jpg": "a group of women standing next to each other", "33411-34newtes.jpg": "a woman sitting on a couch next to a man", "35056-luteplay.jpg": "a woman sitting on a couch next to a wooden table", "04639-peacock.jpg": "a group of birds flying through a tree", "07625-73ursula.jpg": "a couple of women standing next to each other", "06258-02eleono.jpg": "a picture of a group of people and a dog", "08135-chickens.jpg": "a black and white dog standing next to a bunch of birds", "35827-river_l1.jpg": "a group of people on a boat in the water", "32423-shore.jpg": "a painting of a group of people sitting on a bench", "24288-quarry.jpg": "a black and white photo of an old building", "23792-anthony1.jpg": "a statue of a man sitting on top of a table", "00338-portrai5.jpg": "a man standing next to a statue of a man", "08867-14bacch.jpg": "a group of people sitting on a horse drawn carriage", "36997-marketga.jpg": "a group of people standing next to a building", "02514-1vertum.jpg": "a bunch of flowers that are on display", "24119-scene4a.jpg": "a group of people standing next to each other", "10512-coronati.jpg": "a very old fashioned clock on the side of a building", "31414-001siena.jpg": "a large white building with a clock in it", "05261-17fragme.jpg": "a painting of a bunch of birds on a tree", "38773-viewdres.jpg": "a scenic view of a field with trees in the background", "19172-53nohorn.jpg": "a man with a hat and a hat", "06806-the_nun.jpg": "a woman in a black shirt is holding a yellow hat", "25988-02last00.jpg": "a group of people standing around a large elephant", "20934-langham.jpg": "a woman is holding a tie on a stage", "42160-3angeli.jpg": "a room that has a painting on the wall", "40095-1gouach5.jpg": "a close up of a vase with a painting on it", "24289-dusk.jpg": "a person walking a dog in a field", "37710-still_li.jpg": "a bunch of fruit sitting on top of a table", "36793-maximili.jpg": "a young man wearing a black hat and hat", "31985-1deposi.jpg": "a group of people standing next to each other", "35106-evening.jpg": "a group of people walking down a dirt road", "09491-p_man.jpg": "a man wearing a hat and a hat", "01016-selfport.jpg": "a man in a leather jacket holding a cell phone", "03485-madonna.jpg": "a vintage photo of a woman sitting in a chair", "42088-06jerome.jpg": "a group of people sitting on top of a bed", "05647-armida.jpg": "a group of children sitting on top of a bed", "09746-grif_05.jpg": "a man in a leather jacket holding an umbrella", "14328-scene07.jpg": "a painting of a group of people in a room", "30033-11paal.jpg": "a tree in the woods with trees in the background", "38593-before_i.jpg": "a large building with a mountain in the background", "23801-2spanis4.jpg": "a woman dressed in black standing on a horse", "17796-701goya.jpg": "a woman standing in front of a mirror", "34260-bacchan2.jpg": "a group of people playing in a park", "11293-315delac.jpg": "a couple of women sitting next to each other", "22957-24ridott.jpg": "a group of people standing in a room", "38423-1selfpor.jpg": "a close up of a person in a dark room", "38669-woman_c.jpg": "a man sitting on a chair with a dog", "40802-002scene.jpg": "a painting of a painting on a wall", "40840-c_parr.jpg": "a woman in a red shirt and tie", "36517-1table.jpg": "a room filled with lots of christmas decorations", "26393-frascati.jpg": "a group of people standing in a field", "21369-bathsheb.jpg": "a man and a woman standing next to each other", "32124-boulevar.jpg": "a crowd of people walking in front of a building", "37329-4orsini.jpg": "a group of people standing next to each other", "13740-5virtue1.jpg": "a statue of a woman in a dress", "10779-scholars.jpg": "a group of people standing around in a room", "08413-vision_e.jpg": "a group of people dressed in <unk> costumes", "17101-2maries1.jpg": "a couple of boats floating on top of a body of water", "32527-2josephi.jpg": "a woman sitting on a bed in a forest", "07127-2kitchen.jpg": "a group of people sitting around a table with cats", "00214-phaeton7.jpg": "a statue of a man sitting on top of a statue", "37084-9decora3.jpg": "a clock that is on top of a wall", "09291-portgent.jpg": "a young woman is sitting on a couch", "04863-3boilly.jpg": "a crowd of people standing in front of a building", "10706-cloud_sx.jpg": "a view of a mountain in the distance", "40007-2mouli03.jpg": "a painting of a man standing next to a painting", "26264-03menzel.jpg": "a large tree in the middle of a forest", "14724-willem3.jpg": "a group of people standing next to each other", "26017-08sorrow.jpg": "a man in a white shirt standing next to a man", "40909-04adora2.jpg": "a group of people standing around a building", "09025-02jacob.jpg": "a group of people standing next to a tree", "09193-artlover.jpg": "a black and white photo of people sitting in chairs", "17839-blac635.jpg": "a black and white photo of a group of people", "13435-3mohren2.jpg": "a man in a suit and tie holding an umbrella", "35830-river_l4.jpg": "a group of people in a boat on the water", "04474-v_market.jpg": "a group of people that are sitting down", "23854-3manet13.jpg": "a man sitting in a boat next to a boat", "28758-2mary.jpg": "a close up of a person with a doughnut", "43392-f_mark2.jpg": "a group of people sitting in a room", "05469-45virgin.jpg": "a group of women standing next to each other", "18305-1104grec.jpg": "a view of a mountain with a mountain in the background", "26346-composin.jpg": "a couple of women standing next to each other", "05555-12marull.jpg": "a woman in a black shirt and black hat", "13530-group3.jpg": "a group of people standing around a table", "27057-frederid.jpg": "an older man is looking at the camera", "18211-0304grec.jpg": "a group of people riding on the backs of elephants", "09016-10sheba.jpg": "a river filled with lots of boats and people", "19057-cabinet.jpg": "a display case filled with lots of knick knacks", "38589-smokers3.jpg": "a man sitting in a chair in a room", "35542-05medici.jpg": "a group of people sitting around a group of people", "18376-1703grec.jpg": "a woman in a leather jacket is sitting on a couch", "23679-adoratio.jpg": "a couple of people sitting next to each other", "12584-7reesen.jpg": "a man wearing a hat and a black hat", "37931-cardgame.jpg": "a group of people standing around a wooden table", "05384-flower.jpg": "a vase filled with flowers and flowers", "16560-ognissa4.jpg": "a man and a woman standing next to a clock", "24970-fountai2.jpg": "a group of people standing in front of a building", "29360-river_la.jpg": "a group of animals that are standing in the grass", "44420-charity.jpg": "a group of young children sitting on a couch", "42096-14cana.jpg": "a group of people are sitting around a table", "28851-pieta.jpg": "a couple of people that are sitting on a couch", "19393-garland.jpg": "a painting of a vase filled with flowers", "00896-50east.jpg": "a group of people standing around a building", "08308-martyrdo.jpg": "a group of people standing next to each other", "39612-38gregor.jpg": "a close up of a clock with a face on it", "19039-volturno.jpg": "a herd of cattle standing next to a river", "43972-1miraflo.jpg": "a painting of a woman sitting next to a woman", "35782-aranjuez.jpg": "a garden filled with lots of colorful flowers", "19557-celebrat.jpg": "a group of people are sitting on a bench", "08829-leda.jpg": "a woman sitting on a couch next to a white bird", "29964-winter.jpg": "a group of people standing around a horse drawn cart", "31484-rosso.jpg": "a large stone building with statues on the side", "13349-u7eve.jpg": "a woman standing in front of a mirror", "07785-01mirac.jpg": "a group of people on a city street", "15276-106gerid.jpg": "a close up of a dog laying on a bed", "38854-bologna1.jpg": "a group of people standing around a painting", "35087-goasheep.jpg": "a herd of sheep standing on top of a river", "13813-flutist.jpg": "a woman holding a baseball bat in front of a man", "15306-la_toile.jpg": "a woman in a dress is standing in a room", "28932-strawber.jpg": "a close up of a vase with flowers in it", "32815-41cather.jpg": "a woman sitting on the back of a boat", "09570-corot19.jpg": "a woman standing in front of a tree", "22307-portrai2.jpg": "a man wearing a hat and holding a hat", "05826-1tripti4.jpg": "a group of people standing next to each other", "15146-adormag1.jpg": "a group of people standing around a large building", "15725-wportrai.jpg": "a man wearing a hat with a hat on", "02615-00arella.jpg": "a vase of flowers sitting on a table", "19871-8kratze.jpg": "a man in a black hat and a black hat", "15106-nativity.jpg": "a black and white photo of a woman in a room", "30883-monk2.jpg": "a close up of a person looking at something", "08644-01ray.jpg": "a cat that is standing on a couch", "03282-panel1.jpg": "a painting of a woman sitting in front of a painting", "35817-after_ra.jpg": "a couple of horses that are standing in the dirt", "15020-marque03.jpg": "a man sitting on a chair holding a teddy bear", "23593-trip.jpg": "a man sitting in a chair with a dog", "31879-y_woman1.jpg": "a statue of a man sitting next to a chair", "04897-portrait.jpg": "a close up of a person wearing a shirt", "12451-s_tavern.jpg": "a group of people sitting in a room", "38243-miracle.jpg": "a man standing on top of a wooden bench", "30950-parasol.jpg": "a woman standing in front of a fountain", "17085-orchar06.jpg": "a close up of a plant in a tree", "25199-s_thomas.jpg": "a group of people standing in a room", "03460-old_man.jpg": "a man in a red shirt is holding a tie", "15137-virgin_c.jpg": "a group of people sitting next to each other", "07191-canal3071.jpg": "a large building with people walking around it", "04100-waiting.jpg": "a woman standing in front of a building", "44032-2columb.jpg": "a group of people standing next to a building", "20144-pitt_wil.jpg": "a man in a suit standing in a dark room", "19973-1portman.jpg": "a picture of a man wearing a red hat", "32784-24connes.jpg": "a gold and gold clock sitting on top of a table", "32773-08bembo.jpg": "a woman in a red hat is looking at the camera", "21181-philosop.jpg": "a person with a hat and a hat", "30904-landscap.jpg": "a man standing in front of a tall building", "25351-mad_chil.jpg": "a group of people standing next to each other", "44428-kitchens.jpg": "a group of people sitting on top of a stone floor", "14834-virgin2.jpg": "a couple of kids sitting on top of a bed", "24859-bourbon2.jpg": "a man in a red jacket holding a blender", "33612-01sp1626.jpg": "a statue of a person sitting on a chair", "04193-virgin.jpg": "a woman standing next to a statue of a woman", "11162-1870s_62.jpg": "a painting of a person holding a stuffed animal", "40422-3pinnac2.jpg": "a building with a clock on it and a clock", "13362-l1judge.jpg": "a group of people riding on the backs of horses", "18433-2205grec.jpg": "a painting of a man standing next to a painting", "09002-02pontmo.jpg": "a group of people standing next to a large tree", "20762-oranje.jpg": "a large group of horses in a museum", "11201-1880s_20.jpg": "a close up of a person on a horse", "03535-olympus.jpg": "a group of people standing around a stone wall", "10203-charity3.jpg": "a baby sitting next to a baby in front of a tree", "34301-maruce01.jpg": "a group of people standing in a room", "18784-guard407.jpg": "a small boat in the water near a castle", "23596-hebe.jpg": "a clock hanging on a wall in a museum", "04219-turning.jpg": "a close up of a face of an elephant", "38371-baptism.jpg": "a group of dogs standing next to a tree", "19151-42xport1.jpg": "a man wearing a white shirt and white shirt", "38208-wintersc.jpg": "a group of people walking a dog and a dog", "39694-03orpheu.jpg": "a black and white photo of a woman and a child", "06576-spring.jpg": "a group of horses standing next to a river", "19050-pontaven.jpg": "a view of a river with trees in the background", "39239-7helenba.jpg": "a group of people standing next to each other", "39679-04carryi.jpg": "a close up of a person holding a cell phone", "35316-sketch1.jpg": "a group of people standing around a group of people", "18569-viewven3.jpg": "a large building with a building in the background", "14701-03daught.jpg": "a couple of women standing next to each other", "18087-7raphael.jpg": "a couple of women standing next to each other", "04201-stillife.jpg": "a pile of flowers sitting on top of a table", "40921-12sibyl.jpg": "a group of people standing next to each other", "43740-gordale.jpg": "a large stone building with a stone wall", "12063-young_la.jpg": "a woman is sitting on a brick wall", "00900-3vault1.jpg": "a picture of a painting on the wall", "05628-virgin_c.jpg": "a man and a woman standing next to each other", "28703-stilife.jpg": "a statue of a bear sitting on top of a table", "13526-corner.jpg": "a table with a vase of flowers and a glass of wine", "06276-venus_en.jpg": "a shirtless man sitting next to a shirtless man", "35707-jewish.jpg": "an old church with a tree in the background", "32795-31doni1.jpg": "a woman wearing a hat and holding a hat", "03542-01pink.jpg": "a woman is standing on a rock in a zoo", "17201-olive03.jpg": "a picture of a bed with a green and white design", "19198-69coyman.jpg": "a woman in a dress is standing in the dark", "29265-115muril.jpg": "a man standing next to a woman on a beach", "28612-3etreta1.jpg": "a large rock with a rock in the background", "12195-cro_v_7.jpg": "a group of people sitting next to each other", "30775-7nativi.jpg": "a group of people sitting in front of a clock", "16082-joachi6.jpg": "a group of people standing in front of a building", "41188-zzparabl.jpg": "a group of people standing next to each other", "00778-3predel1.jpg": "a group of women standing next to each other", "35477-15mythol.jpg": "a woman is holding a baby and a cat", "18487-selfport.jpg": "a man wearing a jacket and tie sitting down", "36869-charles5.jpg": "a man sitting on a chair with a dog", "21622-angerst3.jpg": "a group of women standing next to each other", "44360-hawking1.jpg": "a group of people standing around a herd of horses", "24033-0sposi2.jpg": "a large cathedral with a large cathedral in it", "23269-01recan3.jpg": "a statue of a man standing next to a statue", "21964-5stjohn.jpg": "a woman in a bikini sitting on a rock", "44104-6isabell.jpg": "a woman in a red shirt and a black shirt", "16545-altar2.jpg": "a group of men standing next to each other", "00647-caiano0.jpg": "a group of people standing in front of a building", "24597-st_john1.jpg": "a group of people sitting in front of a painting", "13723-ascensio.jpg": "there is a statue of a building in front of a building", "00428-alchitro.jpg": "a close up of a person wearing a costume", "37576-crucifix.jpg": "a statue of a man on a horse", "10709-mountain.jpg": "a large mountain with a mountain in the background", "28829-iconocla.jpg": "a group of people sitting around a building", "32299-2sacram2.jpg": "a group of people are sitting on a couch", "32751-00creati.jpg": "a painting of a person sitting on a painting", "15263-101geric.jpg": "a statue of a person on a horse", "21338-pajou.jpg": "an older man and woman sitting next to each other", "20229-flaxman.jpg": "a close up of a person with a necklace", "13310-13turban.jpg": "a person wearing a red hat with a red hat", "12972-duquesno.jpg": "a black and white photo of a man in a dark room", "12271-verso15.jpg": "a group of people standing next to each other", "21917-holyfami.jpg": "a group of people sitting on a couch", "23228-humilit1.jpg": "a painting of a man on a clock", "07167-canal208.jpg": "an old building with a large building in the background", "13608-portlady.jpg": "a woman in a red dress holding a remote", "00746-11fieso3.jpg": "a statue of a man in a dress and tie", "39579-12cherry.jpg": "a group of people sitting on a couch", "14014-country.jpg": "a couple of animals that are standing in the grass", "30424-rocca7.jpg": "a group of cows standing next to each other", "40006-2mouli02.jpg": "a painting of a man standing on top of a wall", "18228-0409grec.jpg": "a group of people standing in front of a building", "41471-monza2.jpg": "a painting of a man and a dog in a building", "32955-09julius.jpg": "a man in a santa hat sitting on a bench", "06109-fugger_c.jpg": "a large cathedral with a large clock in it", "37313-a_angel.jpg": "a painting of a man standing next to a wall", "19576-christ.jpg": "a couple of people standing next to each other", "05097-gethsema.jpg": "a group of people laying down in a forest", "38900-stair4.jpg": "a woman in a dress holding a bird", "00245-adoratio.jpg": "a man and a baby in a mirror", "32940-01loreto.jpg": "a woman sitting on a bed with a baby", "34097-4renoi14.jpg": "a woman in a dress standing next to a woman", "43670-arrival.jpg": "a bunch of boats that are sitting in the water", "09020-00flock.jpg": "a herd of sheep standing on top of a dirt field", "19842-09nolim.jpg": "a couple of women standing next to each other", "39810-08anselm.jpg": "a close up of a person in a dark room", "37125-4m_child.jpg": "a group of people sitting around a table", "25211-adoratio.jpg": "a group of people standing next to each other", "24165-2rakoczi.jpg": "a woman wearing a red shirt and a red tie", "36329-pol_leon.jpg": "a group of people standing in a field next to trees", "12326-zpoly_47.jpg": "a large wooden building with a painting on it", "24711-madonna.jpg": "a painting of a woman in a black and white dress", "18550-snow.jpg": "a large stone wall with a stone wall", "44417-view3.jpg": "a large body of water next to a river", "31470-virginch.jpg": "a group of women sitting on top of a couch", "34307-maruce07.jpg": "a large group of people sitting on top of a bed", "40433-4prede6.jpg": "a group of people standing next to each other", "11532-spierinh.jpg": "a close up of a person wearing a baseball uniform", "05797-landscap.jpg": "a group of horses standing next to a river", "03992-bello3022.jpg": "a group of people standing in front of a building", "00836-02_lamen.jpg": "a group of people sitting in front of a building", "36729-atalanta.jpg": "a group of people standing in a dirt field", "10396-02justit.jpg": "a woman in a dress holding a <unk>", "24531-02olona.jpg": "a large clock is displayed in a museum", "32143-restherd.jpg": "a herd of cattle standing on top of a grass covered field", "42826-02pieta.jpg": "a man and a woman standing next to each other", "39391-2adorat.jpg": "a group of people standing around a statue", "14579-big_dog.jpg": "a couple of people standing next to a cow", "38312-christ.jpg": "a group of people sitting around a table", "05085-presring.jpg": "a group of people standing in front of a church", "03193-virgin_c.jpg": "a statue of a man holding a baby", "16872-5east.jpg": "a statue of a man standing next to a statue", "13763-david_go.jpg": "a woman holding a dog in a bed", "03434-05calvar.jpg": "a group of people riding on the back of a horse", "20418-7drying.jpg": "an umbrella that is in the grass", "05488-4predell.jpg": "a woman in a dress sitting on a ledge", "29747-childnur.jpg": "a group of people standing in front of a building", "22668-5tripty1.jpg": "a statue of a man holding a hat", "35553-04doria.jpg": "a man with a cowboy hat riding a horse", "11983-syrinx.jpg": "a woman laying in a chair next to a woman", "29341-carrying.jpg": "a group of people standing next to a mirror", "14475-406fried.jpg": "a tree with trees in the background", "36219-tripticx.jpg": "a man in a red shirt reading a book", "31917-flowers1.jpg": "a vase of flowers sitting on a table", "37494-stil_fru.jpg": "a wooden table topped with lots of fruit", "30104-miracle.jpg": "a group of people that are sitting down", "37098-predell3.jpg": "a group of people standing next to each other", "03328-diptych.jpg": "a group of people standing in front of a building", "21203-nepomuk.jpg": "a man in a suit and tie with a dog", "23764-calvary.jpg": "a group of people standing next to a statue", "33940-baptism.jpg": "a group of people standing next to each other", "02739-adoratio.jpg": "a room with a clock and a statue", "40210-blodget.jpg": "a man in a white shirt and tie on a stage", "28746-peasant.jpg": "a person sitting in a chair holding a vase", "14517-lallegro.jpg": "a group of women in a bathing suit", "40443-crucifix.jpg": "a statue of a man standing next to a wall", "36799-carrying.jpg": "a man holding a wooden bat in his hands", "00404-1view1.jpg": "a stone building with a lot of tables", "20944-animals.jpg": "a window with a lot of birds on it", "21295-orchard.jpg": "a couple of people that are sitting on a boat", "32804-35canig1.jpg": "a group of people sitting on a couch", "32099-brazilia.jpg": "a group of people standing next to a lush green field", "22309-01plucki.jpg": "a group of people that are sitting down", "05829-2erasmu0.jpg": "a group of people standing next to each other", "19861-2guildf1.jpg": "a woman wearing a dress and a tie", "16983-2hague06.jpg": "a view of a building with a house in the background", "17942-scheveni.jpg": "a group of people standing on top of a field", "24213-madonna3.jpg": "a painting on a wall with a painting on it", "16030-franc09.jpg": "a statue of a man standing next to a statue", "14451-214fried.jpg": "a couple of people standing next to a building", "39857-painter.jpg": "a statue of a woman in a dress", "32782-22grandu.jpg": "a young girl holding a baby in her arms", "38215-skerries.jpg": "a picture of a mountain in the distance", "44705-rape_eu.jpg": "a group of people riding on the backs of horses", "39041-2homer4.jpg": "a group of people standing next to each other", "24261-flowers.jpg": "a bouquet of flowers in a black vase", "26084-24nojov1.jpg": "a man in a red shirt standing next to a sheep", "30684-stillife.jpg": "a painting of a painting on a wall", "31460-adorati2.jpg": "a clock mounted to the side of a wall", "30962-shulamit.jpg": "a picture of a woman in a red dress", "08282-ursula.jpg": "a group of people standing next to each other", "13429-poggio4.jpg": "a group of people that are sitting down", "34866-hercules.jpg": "a group of young people sitting next to each other", "39899-portrai2.jpg": "a woman in a yellow dress sitting on a couch", "03398-orpheus.jpg": "a woman standing next to a herd of sheep", "43026-s_monica.jpg": "a statue of a man standing next to a statue", "44719-selfport.jpg": "a close up of a person wearing a bow tie"}