{"23048-4effect1.jpg": "a large painting of a building with a painting on the wall", "12088-charles.jpg": "a woman standing next to a stone wall", "37382-paris5.jpg": "a body of water next to a river", "02996-nativity.jpg": "a painting of a man and a cow in a window", "32574-01mother.jpg": "a woman in a white shirt and black tie", "36116-medici.jpg": "a man sitting on a chair next to a chair", "16325-0vault.jpg": "a blue and white cloth on a blue cloth", "34916-1auxerr1.jpg": "a close up of a person with a dog", "00253-campo.jpg": "a group of people standing next to a large building", "25201-artemisi.jpg": "a woman in a black coat and a purse", "15643-port_bru.jpg": "a man in a suit and tie sitting on a couch", "20096-23hooch.jpg": "a group of people standing around a table", "40393-5dragon2.jpg": "a statue of a man on a horse and a horse", "16582-life_chl.jpg": "a painting of a painting on a wall", "17842-blac637.jpg": "a couple of dogs standing next to each other", "31194-92decor1.jpg": "a man wearing a hat and tie standing in front of a door", "41480-stjerome.jpg": "a group of people standing around a small boat", "09639-flowers2.jpg": "a painting of flowers in a vase on a table", "37512-3predell.jpg": "a group of people standing next to each other", "14719-12marsha.jpg": "a couple of women standing next to each other", "29600-triptyc.jpg": "a painting of a man standing next to a statue", "42835-05helen.jpg": "a woman sitting on a couch in a room", "17068-paris18.jpg": "a couple of people riding on a small boat", "21820-guitar.jpg": "a little boy that is holding a guitar", "33410-33newtes.jpg": "a black and white photo of a group of people", "07139-flowers1.jpg": "a vase of flowers sitting on a table", "22766-vision_j.jpg": "a group of people sitting on top of a bed", "03038-05dolor.jpg": "a woman in a dress and a white dress", "21303-06cheat.jpg": "a group of women standing around each other", "11277-211delac.jpg": "a zebra laying on top of a bed next to a wall", "23494-still1.jpg": "a bunch of food sitting on top of a table", "42380-dutchnav.jpg": "an old building with a painting on it", "43859-tinker.jpg": "an old photo of a woman sitting on the ground", "36957-xcircus1.jpg": "a man standing in front of a crowd of people", "42714-seaside.jpg": "a group of people and a boat in the water", "32183-portelis.jpg": "a woman dressed in a costume wearing a costume", "21479-angelica.jpg": "a man sitting on a couch with his hands in the air", "36703-rosebush.jpg": "a painting of a woman in a dress", "43737-wendelin.jpg": "a statue of a man on a horse", "20119-50hooca.jpg": "an old photo of a man in a costume on a horse", "15296-duel.jpg": "a group of people standing next to each other on the beach", "44073-3froimo2.jpg": "a woman wearing a black jacket and a black tie", "39059-4virgil3.jpg": "a group of people standing next to a painting", "10918-lamentax.jpg": "a group of people standing next to each other", "03831-129portr.jpg": "a man wearing a hat and a hat", "31864-madsaint.jpg": "a group of people sitting on a couch", "42408-small2.jpg": "a boat that is sitting in the grass", "32495-madchild.jpg": "a group of people sitting on a couch", "22949-14sagred.jpg": "a group of people standing next to each other", "36835-ploughin.jpg": "a man standing next to a horse in a field", "42269-0604vela.jpg": "a man in a black jacket and a black jacket", "15849-smichael.jpg": "a woman in a bathing suit holding onto a bird", "33626-13sp1640.jpg": "a woman wearing a hat sitting in a chair", "11597-virgin_c.jpg": "a picture of a woman and a baby in a mirror", "29863-virgin.jpg": "a woman sitting on top of a wooden chair", "41689-03altar.jpg": "a picture of a woman in a dress", "14246-4madonna.jpg": "a couple of women standing next to each other", "44031-1columb.jpg": "a woman standing next to a woman in a room", "29912-countryc.jpg": "a group of people sitting on a wooden bench", "40211-declarat.jpg": "a group of people standing around a table", "44270-1rome.jpg": "a view of a city with a city in the background", "17979-03scene.jpg": "a group of people standing next to a building", "44660-thenymph.jpg": "a painting of a group of people in a room", "43912-banks.jpg": "a man sitting on top of a brown horse", "03376-sebastia.jpg": "a statue of a man standing next to a statue", "41958-1allegor.jpg": "a painting of a man standing next to a clock", "37901-doctor.jpg": "a man and a woman in a room", "10321-09elect2.jpg": "a man wearing a hat and a hat", "07640-descent.jpg": "a group of people sitting on top of a couch", "07166-canal207.jpg": "a large body of water surrounded by buildings", "34275-venus_sa.jpg": "a couple of people that are laying down", "04107-i_sunset.jpg": "a person on a horse and some cows", "42276-0610vela.jpg": "a man is standing in front of a wall", "25911-stimelo.jpg": "a close up of a vase on a table", "39316-17ceilin.jpg": "a man laying on top of a brown blanket", "38506-studio_i.jpg": "a woman is sitting in a brick oven", "39846-3autumn.jpg": "a herd of animals standing next to a mountain", "28378-sanmarco.jpg": "a very large building with people on it", "03028-01altar2.jpg": "a couple of women standing next to each other", "34286-bacchus.jpg": "a group of people sitting on a floor next to a dog", "38464-head_ang.jpg": "a man wearing a hat and a tie", "33014-15farnes.jpg": "a group of people sitting on a bed", "15724-virginch.jpg": "a woman in a dress sitting on a couch", "21849-sleeping.jpg": "a couple of cows laying on top of a table", "22808-hamletch.jpg": "a large building with a mountain in the background", "06647-adoratio.jpg": "a group of people standing in front of a building", "31902-y_woman1.jpg": "a woman with a scarf on her head", "10444-olgiati.jpg": "a close up of a person wearing a suit", "32675-tribune1.jpg": "a black and white photo of statues on a wall", "19606-altar6.jpg": "a group of men standing next to each other", "29529-lennep.jpg": "a black and white photo of a woman on a horse", "00342-studiolo.jpg": "a group of people sitting on top of elephants", "21160-stillif7.jpg": "a table with a cake and other items on it", "40415-1main3.jpg": "a painting of a woman sitting next to a stone wall", "16029-franc08.jpg": "a group of people standing next to a building", "09924-martyrdo.jpg": "a group of people standing next to each other", "30636-holifami.jpg": "a woman is holding a baby in her arms", "35589-07furcoa.jpg": "a woman is standing on a wooden floor", "22943-10furla1.jpg": "a group of people standing around a wedding cake", "38659-duren2.jpg": "a woman standing next to a chair in a dark room", "20108-43hooch.jpg": "a group of people standing in front of a building", "19016-geesduck.jpg": "a flock of ducks that are standing in the water", "42395-cannonsx.jpg": "a group of boats that are in the water", "14679-quatref4.jpg": "a statue of a man standing next to a statue", "24480-st_paul.jpg": "a statue of a man in a <unk> costume", "06901-tartuffe.jpg": "a couple of women standing next to each other", "39112-2queen.jpg": "a large clock mounted to the side of a wall", "06603-galilee.jpg": "a group of people riding on the back of a boat", "38908-00bagli6.jpg": "a statue of a person jumping in the air", "39790-15bembo.jpg": "a man in a red shirt and red hat", "08988-03moses.jpg": "a group of people sitting in front of a river", "19923-09youngm.jpg": "a man wearing a black hat and a tie", "39487-05armour.jpg": "a man in a leather jacket riding a horse", "43702-cromarti.jpg": "a man sitting down with a flower in his hand", "15953-00view1.jpg": "a large cathedral with a large stone building", "33498-05portra.jpg": "a woman reading a book in a dark room", "28643-1vario18.jpg": "a church with a church in the background", "36841-floral_w.jpg": "a painting of a woman sitting on a wooden floor", "36884-2christi.jpg": "a group of people standing around a building", "38251-annunc.jpg": "a couple of women laying on top of a bed", "31207-03sigism.jpg": "a statue of a man standing next to a stone wall", "10147-42religi.jpg": "a group of people sitting on top of a bed", "15474-1passign.jpg": "a group of people are sitting around a table", "36013-orator10.jpg": "a large group of people standing in a room", "05011-holyfami.jpg": "a group of people sitting on a bench next to a tree", "13254-forest_s.jpg": "a scenic view of a building with a mountain in the background", "37639-rebeccb.jpg": "a group of people standing next to each other", "16886-glasgow.jpg": "a couple of people that are sitting in the grass", "00574-022god.jpg": "a statue of a man in a bronze statue", "20987-landscap.jpg": "a couple of horses standing next to a mountain", "10180-2judith7.jpg": "a statue of a man wearing a santa hat", "06288-backoper.jpg": "a group of people sitting on a wooden chair", "32818-31anside.jpg": "a couple of people standing next to each other", "34019-1renoi20.jpg": "a picture of a tree in a forest", "13501-zodiac05.jpg": "a large clock and statues in a museum", "17231-4earlie2.jpg": "a wooden bed sitting next to a wooden table", "23315-19mysti.jpg": "a group of people sitting on a red couch", "02795-stishelm.jpg": "a shelf filled with lots of fruits and vegetables", "19381-77hayez.jpg": "a group of people sitting in a room", "22257-children.jpg": "a couple of women standing next to each other", "35473-11mythol.jpg": "a group of people that are sitting on a couch", "11186-1880s_06.jpg": "a black and white photo of a stuffed animal", "05885-selfport.jpg": "a man holding a knife and a knife", "10338-1couple4.jpg": "a man and a woman posing for a picture", "35467-05mythom.jpg": "a group of people standing next to each other", "35915-pasquili.jpg": "a couple of people standing next to each other", "39464-04abel.jpg": "a couple of dogs that are laying down", "25230-2garam.jpg": "a statue of a man standing next to a giant painting", "41541-vase_flo.jpg": "a painting of a vase filled with flowers", "17705-woodland.jpg": "a couple of people sitting on a beach", "17745-313goya.jpg": "a white dog standing next to a stone wall", "01034-egypt.jpg": "a woman is standing next to a woman", "34950-30german.jpg": "a window with a window and a window", "34986-08civate.jpg": "a close up of a clock on a wall", "40875-01nativi.jpg": "a group of people standing next to each other", "10670-coronat5.jpg": "a large ornate ornate clock on a wall", "23439-labia4.jpg": "a group of people laying on top of a wooden bench", "21018-musician.jpg": "an old photo of a man in a suit", "20736-meleager.jpg": "a group of people standing around a brown horse", "16507-13stefan.jpg": "a large clock mounted to the side of a building", "06552-earthly1.jpg": "a herd of animals walking across a lush green field", "29818-woodedla.jpg": "a group of animals that are standing in the grass", "42783-2wall.jpg": "a group of people standing next to each other", "14577-study.jpg": "a couple of people standing next to each other", "03823-108madon.jpg": "a young boy in a blue shirt is holding a baby", "07795-061virgi.jpg": "a group of people standing in front of a building", "31772-sophonis.jpg": "a group of people sitting on a bed", "38351-ferdinan.jpg": "a man with a hat and a hat on", "37860-stilllif1.jpg": "a vase of flowers sitting on a table", "29651-stillife.jpg": "a bunch of fruits and vegetables on a table", "26131-36ursu01.jpg": "a group of people standing next to a building", "35086-boars.jpg": "a couple of dogs standing next to each other", "28782-madonna3.jpg": "a woman brushing her teeth with a baby", "44562-07monza.jpg": "a large group of statues in a museum", "36073-4andrew.jpg": "a statue of a man standing next to a statue", "29205-trilog1.jpg": "a group of people standing next to each other", "07287-canal814.jpg": "a bridge over a bridge with a bridge in the background", "13327-251tript.jpg": "a vintage photo of a woman in a red dress", "24180-le_notre.jpg": "a man is standing next to a christmas tree", "43087-adoratio.jpg": "a group of people sitting around a stone wall", "34213-holyfami.jpg": "a group of people sitting on top of a couch", "12577-3stanne.jpg": "a couple of kids sitting next to each other", "17105-2maries5.jpg": "a group of boats sitting on top of a beach", "40815-initiati.jpg": "a group of people standing around each other", "22431-senses.jpg": "a table that has some food on it", "00366-1satyr.jpg": "a group of people sitting on top of a tree", "39975-15early.jpg": "a close up of a person wearing a suit", "22769-sleeping.jpg": "a group of people standing in front of a tree", "32188-lastjudg.jpg": "a group of people standing next to each other", "17030-flower03.jpg": "a vase of flowers sitting on a table", "31028-portlady.jpg": "a man in a hat and a hat", "42581-13view0.jpg": "people standing on a beach next to a river", "25338-portlady.jpg": "a man wearing a white shirt and a tie", "37790-2north.jpg": "a large building with a painting on it", "10424-23bless.jpg": "a group of people standing next to each other", "14200-jerome.jpg": "a large brown and brown building with a dog in it", "36021-annuncia.jpg": "a woman standing next to a woman in a room", "38155-alchemis.jpg": "a group of people sitting around a wooden table", "42808-2baptism.jpg": "a man in a red robe is standing next to a man", "42083-02medici.jpg": "a statue of a man holding a baseball bat", "31441-10ancon.jpg": "a group of people standing in front of a building", "20692-bowyer.jpg": "a woman sitting in front of a round mirror", "08617-miracles.jpg": "a group of people sitting on top of a stone wall", "37087-9vault7.jpg": "a group of people sitting next to each other", "05111-duchess.jpg": "a little girl in a dress standing next to a wall", "05276-3mankind.jpg": "a cat laying on a rock next to a stone wall", "03308-predell5.jpg": "a group of people standing next to each other", "03639-virgin2.jpg": "a statue of a woman sitting on a couch", "05952-salome.jpg": "a group of people sitting on top of a building", "29972-selfport.jpg": "a woman with a hat and a hat", "13900-stil_gra.jpg": "a wooden table topped with different types of fruit", "41501-2scene07.jpg": "a statue of a man sitting in front of a store window", "44214-portann.jpg": "a woman in a dress and a mirror", "44690-portrai1.jpg": "a man and a dog are posing for a picture", "43821-thestorm.jpg": "a group of people and horses in a field", "18375-1702grec.jpg": "a man with a beard and a black jacket", "10567-pardigon.jpg": "a painting of a bunch of flowers in front of a tree", "02479-1family.jpg": "a man standing next to a woman with a dog", "38380-inventio.jpg": "a couple of people that are sitting down", "44517-theswing.jpg": "a group of people standing around a tree", "26007-06gijoye.jpg": "a man is sitting in front of a mirror with a hand on his face", "16358-11figure.jpg": "a picture of a man and a picture", "18138-interior.jpg": "the inside of a church with a large building", "38914-030sandi.jpg": "a painting of a bird on the side of a pool", "42755-3mystic.jpg": "a group of people that are sitting on a bench", "25364-benedict.jpg": "a black and white photo of a man and a woman", "28496-early05.jpg": "a man standing next to a black and white dog", "04856-bogdan09.jpg": "a bunch of fruits and vegetables on a table", "31300-madonna.jpg": "a painting of a woman sitting next to a woman", "42013-attribut.jpg": "a little girl sitting in front of a stack of scissors", "29609-virgi_ch.jpg": "a group of people standing next to each other", "12047-nocturn3.jpg": "a group of people sitting around a table", "25286-08apothe.jpg": "a large group of people in a crowd", "16841-virgin_c.jpg": "a group of young men sitting on top of a wooden table", "09071-babel1.jpg": "a group of people standing in front of a large building", "19669-elegant.jpg": "a large building with people standing in front of it", "05017-sacracon.jpg": "a group of people sitting on a beach", "08666-19return.jpg": "a woman standing next to a fire place", "20114-46hoocl.jpg": "a boy sitting in a chair in a room", "37524-1confirm.jpg": "a group of people standing next to a building", "36585-madchil.jpg": "a group of people standing next to each other", "23070-9annunci.jpg": "a painting of a woman in a dress", "08574-3victor0.jpg": "a painting of a painting of a painting of broccoli", "20918-lake_geo.jpg": "a body of water with a bird on it", "08412-vision.jpg": "a group of people sitting around a living room", "43517-pendant2.jpg": "a close up of a person wearing a hat", "40758-02icon.jpg": "a painting of a painting with a painting on it", "44376-set_hunt.jpg": "a group of people and horses in a field", "11442-calvary.jpg": "a crowd of people standing around a building", "11329-516delac.jpg": "a cow standing next to a statue of a cow", "44074-3froimo3.jpg": "a statue of a man standing next to a door", "15200-annunc.jpg": "a woman sitting on a bed under an umbrella", "22372-3road.jpg": "a group of people and horses on a dirt road", "29412-chaulnes.jpg": "a man and a woman sitting on a bed", "24280-scenes1.jpg": "a statue of a woman standing next to a woman", "00617-06vatica.jpg": "the inside of a building with a clock", "07313-margaret.jpg": "a woman in a costume is standing in a cage", "44577-portrai3.jpg": "a woman wearing a hat and holding a baseball glove", "32626-portrait.jpg": "a close up of a person in a dark room", "03879-167bapti.jpg": "a group of people standing next to each other", "29858-holyfami.jpg": "a group of people sitting on a couch", "16398-joachi3.jpg": "a vintage photo of a woman in a dress", "30476-holyfami.jpg": "a group of people standing next to each other", "38579-peasants.jpg": "a couple of women sitting next to each other", "43732-landscap.jpg": "a couple of people standing next to a river", "32529-3justice.jpg": "a group of people that are standing in the dirt", "35787-smallgir.jpg": "a little girl sitting in a room holding a shoe", "37341-st_john.jpg": "a woman sitting next to a small dog", "13427-poggio2.jpg": "a group of people standing in front of a fountain", "33942-david.jpg": "a man sitting on a couch next to a man", "42464-flower3.jpg": "a vase of flowers sitting on a table", "36878-charity2.jpg": "a group of young people sitting next to each other", "21576-tobit.jpg": "a group of people standing next to a statue", "09573-corot22.jpg": "a couple of people that are standing in the woods", "40919-10entomb.jpg": "a group of people sitting next to each other", "32749-tondo.jpg": "a painting of a woman sitting on a mirror", "43205-croesus.jpg": "a group of people sitting on a couch with a dog", "32191-portnieu.jpg": "a man in a dark room holding a <unk>", "09421-bingley.jpg": "a herd of cattle walking across a river", "42356-riders.jpg": "a group of people riding horses on a beach", "30222-4ducale31.jpg": "a group of people riding on the backs of horses", "04869-ladytoil.jpg": "a couple of women standing next to each other", "21656-apotheos.jpg": "a group of people sitting on top of a bed", "16618-madonna.jpg": "a painting of a woman holding a child", "08983-02campid.jpg": "a group of people standing in front of a building", "09550-corot06.jpg": "a view of a mountain in the distance", "16882-lost_ill.jpg": "a group of people riding on the back of a boat", "39252-07prese.jpg": "a group of people sitting around a fireplace", "37807-manett08.jpg": "a close up of a person with a cat", "07811-2jerome.jpg": "a man standing next to a statue of a horse", "43204-peaches.jpg": "a red table topped with lots of fruit", "35949-3utrech4.jpg": "the inside of a building with a balcony", "43673-battle.jpg": "a bunch of boats that are sitting in the water", "43604-05sleepi.jpg": "a woman laying on a bed in a room", "06605-preachin.jpg": "a group of people standing next to a forest", "18497-moonligh.jpg": "a large body of water next to a river", "00570-polyptyc.jpg": "a group of people standing next to each other", "43136-esther_a.jpg": "a man and a woman are sitting at a table", "17960-02madonn.jpg": "a statue of a woman standing next to a clock", "31122-5maxen01.jpg": "a group of people riding on the backs of horses", "17471-3malvag1.jpg": "a group of people in a large room", "38209-autumnla.jpg": "a group of cows that are standing in the grass", "42318-1008vela.jpg": "a man with a beard and a black jacket", "40064-4late3.jpg": "a painting of a painting on the side of a <unk>", "06661-peasant.jpg": "a group of people that are standing in the grass", "29540-patrici.jpg": "a man wearing a hat and a hat", "35944-2nieuwe.jpg": "a large cathedral with a clock on the wall", "35537-08allego.jpg": "a woman holding a cell phone in her hand", "10675-mad_chil.jpg": "a statue of a man sitting next to a statue", "23387-09belo.jpg": "a man sitting in front of a laptop computer", "16655-predel3.jpg": "a group of people standing next to each other", "12351-colonna.jpg": "a room with a chandelier and a chandelier", "35329-tropical.jpg": "a bunch of flowers that are in a tree", "04689-012storm.jpg": "a large body of water next to a mountain", "05175-cornar01.jpg": "a living room filled with lots of furniture", "23882-5late01.jpg": "a man in a red shirt brushing his teeth", "31804-putti_la.jpg": "a group of people sitting on top of a couch", "05784-holyfami.jpg": "a group of people sitting around a table with stuffed animals", "07639-death_sf.jpg": "a black and white photo of a man on a horse", "00095-stilflow.jpg": "a vase filled with flowers sitting on top of a table", "34206-aristotl.jpg": "a man sitting down with a paper", "38781-thoma3.jpg": "a group of people riding on the backs of horses", "08726-oriental.jpg": "a group of people sitting in a room", "03977-bello205.jpg": "a large building with a castle in the background", "12308-4metropo.jpg": "a statue of a man sitting on a brick wall", "06153-spandrel.jpg": "a window that has a painting on it", "03392-adorati.jpg": "a group of people and a dog in a room", "42259-0504vela.jpg": "a man riding on the back of a brown horse", "06674-sevenact.jpg": "a large group of people standing around a building", "07424-calm1.jpg": "a black and white photo of a sailboat in the water", "21140-view_lak.jpg": "a view of a building with a building in the background", "19826-1signboa.jpg": "a group of people sitting around a wooden table", "17134-arles56.jpg": "a painting of a man standing next to a painting", "23415-crucifix.jpg": "a painting of a woman standing next to a clock", "37052-3resurr1.jpg": "a group of people standing in front of a building", "07495-192captu.jpg": "a group of people sitting on a bench", "35538-01medici.jpg": "a group of people standing in front of a building", "36426-gardened.jpg": "a herd of birds standing on top of a lush green hillside", "15877-medici04.jpg": "a painting of a group of people in a room", "38863-01udine.jpg": "a building with a painting on the wall", "41091-00diptic.jpg": "a picture of a painting on a wall", "39598-3martyr.jpg": "a group of people sitting on top of a tree", "10300-06woman4.jpg": "a statue of a man wearing a hat", "07487-17judit.jpg": "a couple of people standing next to each other", "10704-belfries.jpg": "a clock on the side of a building", "06228-panciat1.jpg": "a man in a black jacket is sitting in a chair", "11614-cecilia.jpg": "a woman reading a book in a room", "02742-raimondi.jpg": "a close up of a person wearing a hat", "22913-portlady.jpg": "a woman with a hat and a hat on", "23409-travelle.jpg": "a group of people riding on top of elephants", "13577-3card.jpg": "a group of people that are sitting together", "02830-icescene.jpg": "a group of people walking around in the rain", "35389-03erect.jpg": "a group of people sitting in a room", "37808-manett09.jpg": "a close up of a person wearing a hat", "23079-5flagel.jpg": "a large ornate building with a large clock", "08856-08presen.jpg": "a group of people standing around a staircase", "21845-fraugedo.jpg": "a woman in a dress and a red hat", "24517-02clemen.jpg": "a painting of a painting on a wall", "29654-embankme.jpg": "a group of people standing around a horse drawn carriage", "35475-13mythol.jpg": "a man and a woman laying on a bed", "26765-0lastjud.jpg": "a large group of people standing in a room", "08553-2figure5.jpg": "a man is sitting on a wooden bench", "41879-vendra02.jpg": "a statue in front of a large building", "42745-smalah.jpg": "a group of men riding on the backs of horses", "02781-flowstix.jpg": "a vase filled with flowers on a table", "13093-musical.jpg": "a group of people that are sitting on the ground", "14792-venus_vu.jpg": "a group of people standing next to each other", "23638-altar0.jpg": "a large brown clock sitting on top of a table", "16127-chris07.jpg": "a group of people standing next to each other", "15971-12franci.jpg": "a statue of a man holding a remote", "12205-pre_f_1x.jpg": "a picture of a woman in a dress", "42339-the_hut.jpg": "a couple of people that are standing in the dirt", "10117-22virgin.jpg": "a woman holding a baby in her arms", "30520-s_jerome.jpg": "a group of people standing next to a large rock", "33452-16oldtes.jpg": "a couple of people standing next to each other", "17244-auvers04.jpg": "a group of people standing around a tree", "07647-calvary.jpg": "a group of people riding on the backs of elephants", "17241-auvers01.jpg": "a green plant sitting in the middle of a field", "15890-certosa1.jpg": "a large group of people in a room", "05565-24predel.jpg": "a statue of a woman sitting on a bench", "29457-intgothy.jpg": "a large cathedral in a church with many windows", "37821-stangelo.jpg": "a large painting of a man and a man", "24588-pieta.jpg": "a man laying in the middle of a bed", "23634-virgin_c.jpg": "a woman holding a baby while holding a baby", "39349-05eterna.jpg": "a picture of a man and a man", "06896-madonna.jpg": "a woman sitting next to a baby in a chair", "07278-canal807.jpg": "a crowd of people watching a baseball game", "39513-27selfpo.jpg": "a black and white photo of a man with a beard", "41139-garden_v.jpg": "a statue of a man sitting next to a statue", "18078-2wall3.jpg": "a building with a painting on the side of it", "16019-franc02.jpg": "a statue of a woman standing next to a statue", "24358-stillife.jpg": "a black bear is standing in the dark", "36549-altar1a.jpg": "a couple of women standing next to a dog", "23144-annunci.jpg": "a couple of women standing next to each other", "29805-stmartin.jpg": "a woman riding on the back of a horse", "16007-02bay2.jpg": "a stained glass window with a painting on it", "41951-extensiv.jpg": "a group of people standing next to a stone wall", "04766-capricci.jpg": "a statue of a man standing next to a tree", "33947-herculet.jpg": "a dog laying on the ground next to a man", "12290-3ruccela.jpg": "a black and white photo of a woman in a dress", "11262-109delac.jpg": "a large brown dog laying on top of a rock", "13528-group1.jpg": "a group of people standing next to each other", "06077-couple.jpg": "a couple of people sitting at a table", "09341-townhall.jpg": "a large building with people walking around it", "21438-lady_gen.jpg": "a group of people standing in front of a fountain", "32244-17golden.jpg": "a group of people standing next to each other", "27134-still_6.jpg": "a close up of a vase with flowers in it", "04866-elleviou.jpg": "a woman sitting on a chair in front of a door", "32448-pilate.jpg": "a man sitting on a bench with a child", "07338-st-john.jpg": "a man and a dog are sitting on a couch", "20718-bean_kng.jpg": "a group of people sitting around a table with food", "17731-218goya.jpg": "a group of people sitting on top of a boat", "06432-05februa.jpg": "a group of people standing next to a tree", "32159-portr_ma.jpg": "a man sitting in a chair holding a box", "29631-allegory.jpg": "a large group of people are in a museum", "41150-bridal.jpg": "a couple of women standing next to each other", "40192-louis15.jpg": "a couple of women standing next to each other", "37811-manett12.jpg": "a man wearing a hat and wearing a hat", "26107-29jerome.jpg": "a man in a red jacket and a dog", "05383-stillife.jpg": "a variety of fruits and vegetables on a table", "30021-triptyc1.jpg": "a group of people standing next to a painting", "33936-aurora.jpg": "a group of people standing next to a statue", "00888-60north.jpg": "a group of people standing next to each other", "16004-01view1.jpg": "a large building with a lot of wooden benches", "21506-crucifix.jpg": "a black and white photo of a man and a dog", "06039-entrance.jpg": "a group of people riding horses down a dirt road", "35368-05religj.jpg": "a close up of a person with a dog", "21026-schout.jpg": "a man sitting on a horse in a field", "16405-mary04.jpg": "a group of people standing next to each other", "29596-virgin_e.jpg": "a painting of a woman in a dress", "31307-madonna.jpg": "a woman sitting on top of a teddy bear", "17831-blac623.jpg": "two men are playing in the water with a dog", "13163-rjaneiro.jpg": "a large body of water next to a river", "29513-benedic1.jpg": "a black and white photo of a man and a woman", "40176-rumor_er.jpg": "a group of people standing around in a room", "16435-vault.jpg": "a close up of a clock on a wall", "18192-0101grec.jpg": "a large vase with statues on it", "09251-opening.jpg": "a group of people standing next to each other", "24478-portrait.jpg": "a statue of a man wearing a hat", "41493-1view4.jpg": "the inside of a church with a balcony", "02505-6elem2.jpg": "a bunch of animals that are in a room", "30050-1lauren1.jpg": "a couple of women standing next to each other", "18638-3view3lr.jpg": "a painting of people sitting on a wall", "32144-shepherd.jpg": "a group of animals that are standing in the dirt", "19001-portrait.jpg": "a man sitting on a chair holding a piece of luggage", "05438-10ambrog.jpg": "a group of women standing next to each other", "05475-6annunci.jpg": "a statue of a statue in front of a building", "15182-cliomuse.jpg": "a woman standing next to a woman in a room", "16453-franc22.jpg": "a group of people standing next to each other", "18254-0702grec.jpg": "a man sitting on the ground with a smile on her face", "16920-calvar1.jpg": "a group of people standing next to each other", "35094-waterfal.jpg": "a small baby standing next to a large rock", "09371-helmingt.jpg": "a forest filled with trees and a wooden fence", "11978-1repeta4.jpg": "a man holding a dog and a dog", "15092-landscap.jpg": "a large tree in the middle of a forest", "09545-corot01.jpg": "a view of a river with mountains in the background", "20500-virgin.jpg": "a painting of a woman holding a teddy bear", "41329-041large.jpg": "a statue of a man and a bear statue", "04989-capponi.jpg": "a large building with a painting on the wall", "17622-louisphi.jpg": "a group of people standing in a room", "03035-031cruci.jpg": "a group of people standing next to each other", "09522-christ_a.jpg": "a man standing next to a statue of a man", "37958-samson.jpg": "a group of people sitting around a fireplace", "24469-trinity.jpg": "a painting of a man and a statue", "21637-pollingt.jpg": "a woman sitting on a bed next to a baby", "14930-5paris03.jpg": "a dog is laying down in the water", "20153-lesson.jpg": "a group of people standing around a table", "21476-portrait.jpg": "a woman in a black jacket and a red tie", "20075-11portra.jpg": "a man wearing a hat holding a cell phone", "39036-1porteg9.jpg": "a man sitting on top of a wooden chair", "06869-fortune.jpg": "a statue of a man standing next to a statue", "36787-thames.jpg": "a large boat floating on top of a body of water", "01096-crucifix.jpg": "a man is standing on a wooden bench", "42588-15lwrit.jpg": "a woman sitting on a couch using a cell phone", "32938-5foundat.jpg": "a group of people standing next to a statue", "34067-3renoi15.jpg": "a couple of people standing next to each other", "35654-16sketch.jpg": "a wooden clock sitting on top of a wooden wall", "38851-5scene8.jpg": "a statue of a person laying on a bed", "18894-righetti.jpg": "a man in a black shirt holding a microphone", "28681-7liliy03.jpg": "a body of water next to a body of water", "29146-mountlan.jpg": "a herd of animals grazing on a lush green hillside", "33892-07noremb.jpg": "a large body of water next to a river", "34304-maruce04.jpg": "a large statue of a man and a dog", "19911-09henry8.jpg": "a group of people standing next to each other", "05590-050jerom.jpg": "a couple of people standing next to each other", "12251-verso04.jpg": "a group of people standing next to each other", "03455-little_g.jpg": "a picture of a woman sitting next to a woman", "17020-nuenen40.jpg": "a black bear is standing in the dark", "25251-altar2.jpg": "a woman standing next to a statue of a dog", "19420-festoon.jpg": "a bunch of fruit sitting on top of each other", "19845-11venus.jpg": "a woman sitting on a bed with a baby", "40437-crucifiy.jpg": "a couple of women standing next to a building", "43439-landscap.jpg": "a tree in the middle of a field", "37783-madonna.jpg": "a painting of a man standing next to a clock", "14798-visitati.jpg": "a couple of women standing next to each other", "07134-matthew.jpg": "a man is sitting on a couch in a room", "03919-210mirr.jpg": "a woman sitting on a couch in front of a window"}