{"08753-colonna.jpg": "a large group of people in a room", "32813-40tempi.jpg": "a woman holding a baby in her arms", "37499-stillif.jpg": "a bunch of fruits and vegetables on a table", "13993-family2.jpg": "a group of people sitting around a table", "09031-07delos.jpg": "a group of people standing next to a bridge", "44641-ziem1.jpg": "a sailboat in the middle of a body of water", "38223-3mother.jpg": "a statue of a man in a white dress", "19409-stillif4.jpg": "a table topped with plates of food and glasses", "29165-lot_daug.jpg": "a group of people that are sitting down", "04465-market.jpg": "a man is sitting on a bed with a vase", "20352-011ingre.jpg": "a woman in a yellow dress is sitting on a chair", "15524-1expuls.jpg": "a group of people standing next to a building", "17934-country.jpg": "an old church with a castle in the background", "31760-virgin_c.jpg": "a wall with a painting on the side of it", "35159-zportrai.jpg": "a man wearing a hat and a hat", "36371-3heretic.jpg": "a group of people standing next to each other", "04575-musicmak.jpg": "a group of people sitting around a table", "33934-atalanta.jpg": "a man sitting on a bench next to a man", "18733-guard1981.jpg": "a man riding a boat in the middle of a river", "08816-harvest.jpg": "a group of people standing in a field", "00670-baptist.jpg": "a woman sitting on a couch with a laptop", "32954-08isaiah.jpg": "a man sitting on a bed holding a sign", "30378-portlady.jpg": "a woman in a white dress holding a <unk>", "03391-3women.jpg": "a group of people standing under an umbrella", "07186-canal303.jpg": "a large building with a large building in the background", "05089-venlover.jpg": "a man and a woman sitting on a couch", "42781-1ceilin2.jpg": "a group of people sitting on top of a elephant", "32343-11ignazi.jpg": "a group of people sitting on top of a clock", "06455-02adorat.jpg": "a group of people standing next to each other", "33345-guessing.jpg": "a group of people that are sitting down", "20238-lamentat.jpg": "a group of men sitting next to each other", "43540-anselmus.jpg": "a black and white photo of a man and a child", "15806-laidtabl.jpg": "a table topped with lots of different foods", "37878-virgin_c.jpg": "a couple of people that are sitting down", "03724-venus_ad.jpg": "a woman and a boy are sitting on a boat", "44415-view1.jpg": "a man standing in front of a body of water", "23461-salome1.jpg": "a couple of people standing next to each other", "15577-7vault3.jpg": "a statue of a man and a dog on a bed", "25336-holyfami.jpg": "a man is reading a book to a baby", "24561-pieta.jpg": "a statue of a man standing next to a statue", "00986-3brisio1.jpg": "a painting of a woman sitting on top of a bed", "43278-fantasy.jpg": "a large stone building with statues on it", "38927-07zephyr.jpg": "a group of people that are in a pool", "09401-crucifix.jpg": "a couple of people that are in a room", "43758-02theait.jpg": "a group of people standing next to each other", "30598-paralyti.jpg": "a group of people standing around a group of animals", "30550-breakfas.jpg": "a woman standing in front of a table", "15267-103geric.jpg": "a group of dogs that are laying down", "25200-virgin.jpg": "a woman holding a teddy bear in her arms", "32816-42ester.jpg": "a baby sitting on a couch next to a baby", "34264-hercules.jpg": "a group of people standing around a statue", "02879-womancat.jpg": "a woman sitting on a couch with a teddy bear", "30460-virgin_c.jpg": "a man in a red dress holding a surfboard", "23060-43nichol.jpg": "a group of people sitting in a row boat", "17023-antwerp2.jpg": "a close up of a person with a dog in the background", "13691-nativity.jpg": "a black and white photo of a man and a horse", "18737-guard202.jpg": "a group of people in boats on a river", "40790-duke_rud.jpg": "a man with a beard and a beard", "14454-300fried.jpg": "a field with a mountain in the background", "36596-conversi.jpg": "a group of people that are on the ground", "07016-adoratio.jpg": "a group of people standing next to each other", "09078-adoratio.jpg": "a group of people standing next to each other", "09787-isabellc.jpg": "a group of people standing next to each other", "23203-46monaco.jpg": "a statue of a man sitting on a clock", "33552-081portr.jpg": "a woman wearing a black jacket and a black jacket", "21430-children.jpg": "a group of people standing next to each other", "16015-05saints.jpg": "a painting of a woman standing next to a clock", "12025-fisherwi.jpg": "a man in a hat is holding a knife", "34270-punishme.jpg": "a group of people that are in the air", "26001-02last3.jpg": "a group of people standing around a building", "09886-courb301.jpg": "a couple of people standing next to each other", "09878-courb216.jpg": "a close up of a person with a cell phone", "15721-polyptic.jpg": "a couple of men standing next to each other", "05706-stillife.jpg": "a bunch of fruits and vegetables on a table", "17724-211goya.jpg": "a statue of a man wearing a suit and tie", "26741-02_5sp2.jpg": "a man and a woman laying on the floor", "08921-smaurice.jpg": "a group of people standing next to each other", "10294-05luthe1.jpg": "a man with a black shirt and black shirt", "10996-305david.jpg": "a man sitting in a bed looking at the camera", "42875-8levi.jpg": "a group of people in front of a stone building", "07161-canal202.jpg": "a large body of water next to a river", "18233-0503grec.jpg": "a group of people laying on a bed", "12147-hyante.jpg": "a couple of women standing next to each other", "17737-305goya.jpg": "a group of men riding on the backs of horses", "23370-07loreto.jpg": "a group of people standing on top of a beach", "35874-torrent.jpg": "a group of people riding horses down a river", "32509-abraham.jpg": "a couple of women standing next to each other", "07337-st_james.jpg": "a man sitting on top of a wooden chair", "39643-1crownin.jpg": "a group of people sitting on top of a boat", "08817-morning.jpg": "a woman standing in front of a house", "09095-selfport.jpg": "a woman wearing a black hat holding a teddy bear", "30888-cancella.jpg": "a wall with many different types of art", "15754-satan.jpg": "a group of people that are on the ground", "14570-bathsheb.jpg": "a couple of women sitting on a couch", "13632-09ferenc.jpg": "a group of people standing next to each other", "31778-mirafish.jpg": "a large group of people standing next to each other", "24967-0view4.jpg": "a painting on a wall next to a painting", "20875-wanli.jpg": "a pile of garbage sitting on top of a table", "39681-06spain.jpg": "a group of people standing next to each other", "29930-smoker1.jpg": "a man in a black hat holding a knife", "24855-altar_r.jpg": "a couple of women standing next to each other", "16708-benoit.jpg": "a man is talking on a cell phone", "38988-08labia.jpg": "a group of people are sitting in front of a building", "36068-2visita1.jpg": "a group of people standing in front of a building", "22933-01concer.jpg": "a large group of people standing around a table", "11385-interiox.jpg": "a group of people standing in a room", "30587-river_la.jpg": "a group of people standing next to a large animal", "41311-00justic.jpg": "a picture of a painting on a wall", "35695-view_am.jpg": "a body of water next to a river", "12252-verso05.jpg": "a group of people standing next to a building", "03182-lucknow.jpg": "a large crowd of people standing around a group of horses", "39150-14zianig.jpg": "a group of people standing on top of a beach", "04179-stillife.jpg": "a wooden table topped with lots of fruit", "33572-102portr.jpg": "a woman wearing a red hat with a red hat", "35943-2maurits.jpg": "a crowd of people walking down a sandy beach", "08038-port_boy.jpg": "a close up of a person wearing a shirt", "03822-106madon.jpg": "a man is holding a baby in his arms", "39682-07sebast.jpg": "a man standing next to a brown dog", "16664-virgin_c.jpg": "a black and white photo of a woman in a dress", "37109-0view.jpg": "the inside of a church with people sitting in it", "15448-4barbara.jpg": "a woman standing next to a woman in a costume", "05653-cupidedu.jpg": "a group of men laying on top of a bed", "38523-parade.jpg": "a group of people standing around a statue", "23287-01barto2.jpg": "a group of people standing around each other", "33531-42portra.jpg": "a woman in a black dress is holding a remote", "44778-casilda1.jpg": "a statue of a woman in a red dress", "09428-4peaches.jpg": "an apple sitting on top of a wooden table", "34940-24french.jpg": "a large stone wall with a stone wall", "11285-307delac.jpg": "a group of people that are sitting on a couch", "30156-cavalry1.jpg": "a group of men riding on top of horses", "22754-letter1.jpg": "a little girl holding a piece of paper next to a statue", "05810-6coronat.jpg": "a group of people standing next to each other", "15280-109geric.jpg": "a close up of a person in a dark room", "26604-01_4sw.jpg": "a man sitting on a bench next to a wall", "37876-pieta.jpg": "a man laying in bed next to a dog", "08524-4portra1.jpg": "a statue of a man wearing a military uniform", "34294-sabine1.jpg": "a group of people standing around a man in a crowd", "21520-st_john.jpg": "a young boy is sitting on the ground", "08776-annuncib.jpg": "a statue of a man in a museum", "34346-mourning.jpg": "a woman sitting on a chair looking at a cat", "07485-15cather.jpg": "a woman sitting on a bench in the dark", "17097-1arles09.jpg": "a bunch of animals that are on top of a bed", "40165-adorati.jpg": "a group of people standing around a christmas tree", "12992-portlady.jpg": "a woman in a black dress is standing in a room", "26165-0785stan.jpg": "a man in a red jacket with a red tie", "29763-pieta.jpg": "a statue of a man sitting on a statue", "09831-drainage.jpg": "a couple of people standing next to a boat", "15143-cleopatr.jpg": "a woman holding her hands in her hands", "20064-04violin.jpg": "a man with a cell phone in his hand", "41899-cafaggi.jpg": "a large building with a building in the background", "14448-212fried.jpg": "a couple of people sitting on top of a boat", "17990-13vault.jpg": "a painting of a painting on a wall", "08437-paderne2.jpg": "a couple of women standing next to each other", "39949-3oldtest.jpg": "a painting of a woman and a giraffe", "14946-6pould16.jpg": "a painting of a man wearing a blue shirt and tie", "14356-dealer.jpg": "a living room filled with furniture and a dog", "03009-03adam_f.jpg": "a woman in a bikini standing next to a woman", "42539-stillife.jpg": "a wooden table topped with lots of food", "29862-scene_ch.jpg": "a group of people standing in front of a building", "42899-2loggia.jpg": "a black and white photo of two women and a dog", "42229-0215vela.jpg": "a close up of a person with a suitcase", "04070-lamentat.jpg": "a group of people standing next to each other", "35402-07desce5.jpg": "a man with a beard is talking on a cell phone", "36554-altar2.jpg": "a group of people standing next to each other", "08438-pilgrim.jpg": "a man in a cowboy hat is sitting on a couch", "30012-singel.jpg": "a large building with a clock tower in the middle", "40352-04prato.jpg": "a group of people standing around a staircase", "03969-bello109.jpg": "a boat on a river near a city", "13148-selfport.jpg": "a man in a suit is holding a knife", "18656-2crucif.jpg": "a statue of a woman standing next to a statue", "08724-esther.jpg": "a couple of people that are laying down", "31984-1deposa.jpg": "a group of people standing next to each other", "18785-guard408.jpg": "a group of boats that are sitting in the water", "19873-1darmst.jpg": "a woman holding a baby in front of a window", "32365-selfport.jpg": "a man in a black shirt is holding a guitar", "21884-geoffrin.jpg": "a group of people sitting in front of a building", "31075-3anton05.jpg": "a statue of a man standing next to a statue", "42805-1gemini1.jpg": "a statue of a man standing next to a man", "07048-horsecow.jpg": "a couple of cows standing on top of a grass covered field", "14043-mad_child.jpg": "a group of people standing next to each other", "31978-14salvia.jpg": "a woman in a white hat sitting in a dark room", "06160-03brocky.jpg": "a woman in a dress standing next to a vase", "36064-portrait.jpg": "a black and white photo of a man in a suit", "23389-11loreto.jpg": "a group of people standing in front of a building", "14948-4arles02.jpg": "a man holding a teddy bear next to a teddy bear", "00547-3west.jpg": "a large group of people standing in front of a building", "39644-2baptist.jpg": "a man standing next to a dog and a dog", "40229-polypt_1.jpg": "a couple of people standing next to each other", "10019-dianven2.jpg": "a group of people sitting in the water", "35068-ladyhami.jpg": "a close up of a person wearing a hat", "03705-stillife.jpg": "a vase of flowers sitting on a table", "30913-trinita.jpg": "a painting on a wall with statues on it", "42733-equestri.jpg": "a man riding on the back of a horse", "17003-nuenen18.jpg": "a couple of people standing next to a horse", "39230-3conver.jpg": "a group of people that are sitting on some elephants", "13164-cecilia.jpg": "a couple of women sitting next to each other", "07793-05birth.jpg": "a group of people standing in a living room", "31942-04lady.jpg": "a woman with a hat on her head", "26700-lu04azo.jpg": "a couple of women sitting on a bench", "08510-1lands10.jpg": "a stone building with a building in the background", "06042-winterla.jpg": "a large group of people standing around a building", "16460-chapel.jpg": "a large building with a clock on top of it", "18868-william.jpg": "a black and white photo of a group of people", "29228-13nunzia.jpg": "a woman standing next to a statue of a man", "04571-allegory.jpg": "a woman sitting in a chair next to a cat", "35525-56mythol.jpg": "a woman is holding a dog in her arms", "21145-heroicra.jpg": "a group of people sitting on top of a lush green field", "16663-triptych.jpg": "a statue of a man standing next to a statue", "29310-hulft_p.jpg": "a woman sitting on a bench in a dark room", "43354-ambros.jpg": "a group of people standing next to a building", "10566-golden.jpg": "a close up of a body of water with a sky background", "29416-judgment.jpg": "a group of people playing in a pool", "30056-2father4.jpg": "a statue of a man standing next to a building", "04203-stfranci.jpg": "a statue of a man in a suit and tie", "35453-81religi.jpg": "a man holding a baby and a dog", "00711-arcadia2.jpg": "a group of people sitting around a tree", "39246-04birth.jpg": "a group of people standing around a man", "31434-06cardi.jpg": "a statue of a man standing in front of a building", "17111-3arles25.jpg": "a teddy bear sitting in a vase on a table", "32892-1expuls1.jpg": "a large group of people standing next to each other", "22653-1virgin.jpg": "a woman sitting in front of a building holding a teddy bear", "03938-triptic3.jpg": "a picture of a woman standing in front of a mirror", "03317-portbear.jpg": "a woman wearing a black hat and a black hat", "40114-family.jpg": "a group of people sitting on top of a wooden table", "21152-winterla.jpg": "a group of people standing next to a tree", "06222-l_battif.jpg": "a woman in a dress holding a book", "37546-scene19.jpg": "a large building with statues and statues", "44581-1centra1.jpg": "a room with a painting on the wall", "26094-26madonn.jpg": "a group of people sitting in a room", "41376-06scene1.jpg": "a close up of a clock on a wall", "05676-i_letter.jpg": "a couple of women sitting next to each other", "23861-3manet20.jpg": "a boat that is sitting in the water", "39256-09george.jpg": "a woman in a dress riding on the back of a horse", "37046-2apocal1.jpg": "a large stone building with a large clock", "13387-u3sibyl.jpg": "a woman wearing a hat holding a baseball bat", "37665-stillif2.jpg": "a display of fruits and vegetables on a table", "37799-5vault.jpg": "a blue and blue table with a painting on it", "03785-057ferr63.jpg": "a statue of a man standing next to a statue", "40091-1gouach1.jpg": "a black and white photo of a man and a train", "05277-4mankind.jpg": "a picture of a man and a woman", "39902-3mother.jpg": "a black and white photo of an open door", "40027-brothe10.jpg": "a statue of a man standing next to a wall", "43934-finding.jpg": "a group of people sitting on a beach", "42845-11assump.jpg": "a group of people sitting around a stone wall", "36584-port_man.jpg": "a man in a suit and tie sitting in a chair", "10687-triptyc.jpg": "a painting of a painting on a wall", "16998-nuenen13.jpg": "a close up of a person with a dog", "29234-achilles.jpg": "a group of people standing next to each other", "37469-cookfood.jpg": "a man sitting in front of a pizza oven", "22345-4elemen3.jpg": "a man holding a knife and holding a knife", "33380-03newtes.jpg": "a man sitting on a couch talking on a cell phone", "21880-sisters.jpg": "a couple of women standing next to each other", "22946-11lettmo.jpg": "a group of people sitting on top of a bed", "17119-arles41.jpg": "a view of a body of water next to a lake", "05098-holyfami.jpg": "a group of people sitting on top of a couch", "21715-p_interi.jpg": "a group of people sitting around a table", "44757-apostle.jpg": "a man holding a book in his hand", "16984-3drenth1.jpg": "a picture of a mountain with a mountain in the background", "10927-transfig.jpg": "a group of people standing in front of a mirror", "11139-1870s_04.jpg": "a group of men standing next to each other", "08615-magdalen.jpg": "a woman is holding a piece of paper", "32470-transfig.jpg": "a woman in a white dress is holding a bird", "21865-cromwell.jpg": "a black and white photo of a man in a suit", "04893-p_ruyter.jpg": "a man standing in front of a fire place", "44234-capricci.jpg": "a train traveling through a forest filled with trees", "19515-triptych.jpg": "a group of people standing in front of a window", "18373-1701grec.jpg": "a statue of a man holding a book", "10102-30altar2.jpg": "a statue of a horse in a store", "02787-stillif1.jpg": "a bunch of flowers sitting on a table", "33587-129portr.jpg": "a woman standing next to a dark wall", "03571-05reale.jpg": "a wall with a painting on the wall and a clock", "34322-1zane4.jpg": "a group of people sitting on top of a bed", "23120-12enthro.jpg": "a group of women standing next to each other", "00825-panel6.jpg": "a man standing in front of a mirror holding a cigarette", "41692-05madonn.jpg": "a large red and white vase with a painting on it", "19665-fruit_ve.jpg": "there is a man that is working on a grill", "33614-03sp1628.jpg": "a close up of a person wearing a hat", "40864-08prince.jpg": "a close up of a person wearing a hat", "37957-oyster.jpg": "a little girl sitting at a table with a plate of food", "03637-triptych.jpg": "a group of people standing in front of a painting", "41996-judith.jpg": "a woman sitting on a bed with a dog", "07496-20medusa.jpg": "a picture of a woman in a <unk>", "14375-triumph2.jpg": "a group of people sitting on top of a body of water", "19895-0ambassa.jpg": "a man standing next to a man in a costume", "35807-flowers1.jpg": "a bunch of fruits and vegetables on a table", "35625-06garden.jpg": "a group of people that are standing in front of a tree", "08096-portrai3.jpg": "a man dressed in a costume and tie", "26706-lu06jos.jpg": "a couple of men sitting next to each other", "24299-03marko.jpg": "a group of people sitting on a bench in front of a tree", "02752-beggars.jpg": "a group of people standing on top of a stone wall", "08307-guardian.jpg": "a man sitting on a couch next to a man", "23874-4manet12.jpg": "a man in a hat is looking at something", "15111-virgin_c.jpg": "a painting of a woman in a red dress", "31237-montefe5.jpg": "a man wearing a red hat with a red hat", "38259-knight.jpg": "a man in a red jacket with a red tie", "25031-diana.jpg": "a woman sitting on a couch holding a tie", "28594-1vethe6.jpg": "a person standing in front of a body of water", "24607-john_bap.jpg": "a woman standing in front of a mirror in front of a mirror", "38189-freyberg.jpg": "a woman wearing a hat and a hat", "12534-06siski.jpg": "a woman holding a stuffed animal in her hands", "32715-pellegri.jpg": "a large ornate building with a large clock", "15298-harem.jpg": "a group of people sitting in a living room", "24629-virgin1.jpg": "a woman and baby are sitting on a couch", "14056-y_cicero.jpg": "a young boy sitting on a bench looking at a phone", "13279-winter.jpg": "a man in a hat sitting in a room", "44567-12monza.jpg": "a group of horses standing next to each other", "30253-jacob_ra.jpg": "a group of people riding on the backs of animals", "24366-wallrome.jpg": "a group of people walking down a street", "32878-0ceiling.jpg": "a wall with a clock on the wall", "23589-portrai3.jpg": "a woman wearing a yellow and black dress", "17493-03virgin.jpg": "a little girl that is holding a teddy bear", "10459-f_family.jpg": "a group of people that are in a mirror", "40043-cabare09.jpg": "a man in a <unk> costume is holding a <unk>", "39557-mariamad.jpg": "a person wearing a hat with a hat on", "36902-christ_d.jpg": "a group of people sitting around a woman", "17008-nuenen23.jpg": "a large tree in front of a body of water", "13495-zodiac.jpg": "a room with a stone wall and a clock", "25272-02youth.jpg": "a group of people standing around a crowd of people", "23846-3manet05.jpg": "a close up of a person wearing a hat", "09495-younglad.jpg": "a woman wearing a hat and a hat", "18092-2simon.jpg": "a group of people standing next to each other", "05533-51lemmi.jpg": "a couple of women standing next to each other", "37080-8decora7.jpg": "a painting of a woman standing next to a painting", "41005-096knigh.jpg": "a woman wearing a hat and a hat", "14791-joseph_d.jpg": "a couple of people that are sitting on the ground", "19675-palatial.jpg": "a large stone building with people walking around", "06632-holyfamj.jpg": "a group of children playing in a christmas tree", "00459-nako.jpg": "a woman is sitting on a couch with a dog", "17424-virgin_c.jpg": "a group of people sitting in a room", "36031-assumpti.jpg": "a large group of people standing around each other", "38305-sphinx.jpg": "a black and white photo of a dog sleeping", "00449-youngwom.jpg": "a woman wearing a hat and a hat", "30762-3famous.jpg": "a group of people standing in front of a building", "35131-guardian.jpg": "a couple of people that are sitting down", "11287-309delac.jpg": "a painting of a man sitting on top of a rock", "09881-courb219.jpg": "a black and white photo of a man wearing a hat", "36582-paolo_f1.jpg": "a woman laying on the ground next to a woman", "24038-1sposi1.jpg": "a large building with people standing in front of it", "37825-theangle.jpg": "a couple of people standing in a forest", "42105-20studio.jpg": "a group of people standing next to each other on a beach", "18413-2001grec.jpg": "a large group of people standing next to each other", "35945-2stanne.jpg": "a large building with people walking around", "14466-312fried.jpg": "a large body of water next to a body of water", "44132-damiate.jpg": "a large clock tower sitting in the middle of a beach", "28839-faith.jpg": "a woman in a yellow dress holding a baseball bat", "34131-bouquet.jpg": "a bouquet of flowers in a vase on a table", "44721-farnese1.jpg": "a building with a painting on the wall", "41110-11stscos.jpg": "a group of people standing next to each other", "39766-11claris.jpg": "a little girl in a dress holding a teddy bear", "38076-landhunt.jpg": "a group of men riding on the backs of horses", "00646-caiano.jpg": "a group of people standing in front of a building", "32923-1baptism.jpg": "a group of people standing next to a building", "38521-country.jpg": "a group of people standing in a field", "16463-chapely.jpg": "a large building with a clock on it", "37104-1apostl3.jpg": "a couple of women standing next to each other", "39144-11zianig.jpg": "a statue of a woman holding an umbrella", "33537-48portra.jpg": "a man wearing a hat and holding a <unk>", "29229-14nunzia.jpg": "a statue of a woman in a <unk>", "19014-rottenbu.jpg": "a large cathedral that has a statue on it", "32638-barges.jpg": "a group of people on boats in the water", "14905-early07.jpg": "a close up of a person with a stuffed animal", "10112-17virgin.jpg": "a little boy sitting on a couch holding a baby", "09688-galleri1.jpg": "a room filled with furniture and a clock", "30411-portcybo.jpg": "a man standing next to a statue of a man", "04399-prophet3.jpg": "a man wearing a hat and tie holding a cane", "40788-annuncia.jpg": "a couple of women standing next to each other", "44025-0braque1.jpg": "a black black and white photo of a black refrigerator", "42727-clichy.jpg": "a group of people are sitting on the ground", "39531-anacreon.jpg": "a group of people sitting on a couch", "03361-yforest1.jpg": "a tree in the middle of a forest", "10191-adamev02.jpg": "a couple of women standing next to each other", "03251-landsca3.jpg": "a group of horses that are standing in the dirt", "28553-argent13.jpg": "a view of a bridge over a body of water", "33949-innocent.jpg": "a group of people that are sitting on a couch", "08047-self_por.jpg": "a woman in a white shirt and a woman", "27085-studio.jpg": "a group of people sitting in a room", "24915-zcrucif2.jpg": "a painting of a person on a tie", "38417-youngart.jpg": "a group of people standing around a building", "16623-4vault.jpg": "a painting of a woman in a picture on a wall", "28415-peasants.jpg": "a group of people sitting next to each other", "06633-landscap.jpg": "a group of people standing around a group of horses", "06563-issus.jpg": "a group of birds standing on top of a lush green forest", "23635-colonna.jpg": "a room with a chandelier and a chandelier", "33320-gauguin.jpg": "a painting of a person holding a bear", "08013-charle2.jpg": "a woman standing in front of a fire place", "09299-vanitas5.jpg": "a table topped with a painting and a painting", "08008-tacconi.jpg": "a man and a woman standing next to each other", "37514-5eccehom.jpg": "a close up of a person holding a <unk>", "23453-mad_chil.jpg": "a woman holding a baby next to a tree", "43487-portrait.jpg": "a man in a green jacket is reading a book", "32548-madonna.jpg": "a painting of a woman holding a baby", "12336-guardint.jpg": "a statue of a woman sitting on a statue", "09985-p_family.jpg": "a group of people that are sitting on a couch", "25035-estrees.jpg": "a couple of boys sitting next to each other", "31476-4assumpt.jpg": "a group of people that are sitting on a couch", "26569-04_3ce4b.jpg": "a statue of a man sitting next to a woman", "36100-lazarus.jpg": "a group of people that are sitting on the ground", "25969-04noport.jpg": "a close up of a person holding a shoe", "06745-stillifx.jpg": "a bunch of fruits and vegetables on a table", "15168-14quarat.jpg": "a group of people standing next to each other", "00642-portband.jpg": "a woman wearing a black hat and a black hat", "42956-00view.jpg": "a room filled with lots of different types of people", "39566-05judith.jpg": "a large stone wall with a stone wall", "19513-momuscri.jpg": "a group of people standing next to each other", "05024-landscap.jpg": "a large body of water next to a field", "17011-nuenen31.jpg": "a painting of a man sitting next to a painting", "05055-landscap.jpg": "a herd of cattle walking across a dirt road", "15804-stillif1.jpg": "a bunch of fruits and vegetables on a table", "13508-zodiac12.jpg": "a large vase sitting on top of a wooden shelf", "16830-lovers.jpg": "a couple of men sitting on top of a bed", "05487-2predell.jpg": "a little girl standing next to a little girl", "21290-peace_ju.jpg": "a couple of people that are sitting on a bench", "24984-madonna4.jpg": "a woman sitting on a chair with a stuffed animal", "13403-15arnol.jpg": "a woman standing in a room with a cat", "07075-christ_c.jpg": "a black and white photo of a woman in a dress", "06918-elegantw.jpg": "a woman standing next to a large dog", "42851-2cana.jpg": "a large group of people in front of a building", "00954-02virgin.jpg": "a group of people standing next to each other", "05076-annuncia.jpg": "a woman standing in front of a large church", "32291-19solomo.jpg": "a group of people standing in a room", "04407-callisto.jpg": "a woman sitting on a bed next to a woman", "42434-landscap.jpg": "a group of people standing next to a group of horses", "37415-port_man.jpg": "a man is standing in front of a mirror", "24808-triptic2.jpg": "an old picture of a woman in a dress", "03595-12ventur.jpg": "a group of people sitting on top of a wall", "16017-2scenes.jpg": "a large stone building with statues and statues", "43320-madchild.jpg": "a woman holding a baby in a living room", "30735-laurent.jpg": "a man with a beard and a beard", "33577-106portr.jpg": "a man wearing a hat and a hat", "42839-07cruci2.jpg": "a couple of people standing next to each other", "42538-woodedla.jpg": "a herd of cattle and goats in a field", "44620-01lifebo.jpg": "a group of people sitting on top of a bed", "28748-portrait.jpg": "a woman standing in front of a christmas tree", "32828-0segnatu.jpg": "a group of people standing in front of a building", "00655-lastsu.jpg": "a large clock mounted to the side of a building", "01033-allegory.jpg": "a group of people standing around a tree", "10956-virgin4a.jpg": "a couple of women standing next to each other", "39567-05marysa.jpg": "a group of people sitting on a couch", "00370-5battle.jpg": "a group of people standing in front of a building", "42536-ruthnaom.jpg": "a group of people that are sitting on the ground", "33503-08portra.jpg": "a young boy wearing a hat and a hat", "02623-08arella.jpg": "a vase of flowers sitting on a table", "29159-turbulen.jpg": "a black and white photo of a water pot", "36907-02serov.jpg": "a woman walking down a street with a dog", "03603-61penelo.jpg": "a woman dressed in a costume standing in a room", "14153-08dancer.jpg": "a little girl in a costume sitting on a floor", "11940-phidias.jpg": "a man sitting next to a man on a couch", "41023-18sabine.jpg": "a group of people standing next to each other", "43998-3bladel.jpg": "a group of people sitting on a street", "37973-stillif4.jpg": "a number of fruits and vegetables on a table", "15747-immacula.jpg": "a group of people sitting in a room", "09149-francbap.jpg": "a woman sitting on a couch holding a cat", "19132-30drink.jpg": "a man wearing a hat and a hat", "33441-06oldtes.jpg": "a person with a dog and a dog", "43574-0selfpor.jpg": "a man that is wearing a suit and tie", "22360-studyold.jpg": "a close up of a person wearing a hat", "42050-hyacinth.jpg": "a painting of a man and a horse", "08946-flowers.jpg": "a vase of flowers sitting on a table", "28672-3bridge1.jpg": "a bridge over a river with a bridge in the background", "18339-1406grec.jpg": "a man with a beard and a beard", "15462-2sistin.jpg": "a group of people standing next to each other", "16534-s_jerome.jpg": "a brown and gold clock with a painting on it", "16363-16figure.jpg": "a picture of a man and a woman", "13030-apostle1.jpg": "a close up of a person with a dog", "12557-landaue1.jpg": "a large group of people dressed in costumes", "24187-thorncro.jpg": "a couple of women standing next to each other", "25371-kilchurn.jpg": "a couple of animals that are standing in the grass", "38324-stillife.jpg": "a table topped with lots of food and glasses", "30814-m_glory.jpg": "a group of women standing next to each other", "10257-3silver.jpg": "a group of people standing next to each other", "31399-paolina8.jpg": "a statue is sitting in front of a statue", "25910-stillife.jpg": "a pile of fruit sitting on top of a table", "36128-sebastia.jpg": "a group of people standing next to each other", "02920-the_gale.jpg": "a couple of boats that are in the water", "23627-refector.jpg": "a group of people standing outside of a building", "12008-johnbart.jpg": "a group of people standing next to each other", "31236-montefe4.jpg": "a group of animals being pulled by a horse", "36398-holyfam.jpg": "a woman sitting on a bench with a baby", "08026-st_james.jpg": "a couple of dogs that are in the water", "00682-vallomb1.jpg": "a man and a woman standing next to each other", "10166-59religi.jpg": "a young boy sitting on the ground with a dog", "41163-x_mauric.jpg": "a statue of a man wearing a santa hat", "30352-dandolo.jpg": "a group of people standing next to each other", "22337-sebasti2.jpg": "a group of people standing around a building", "20801-polypty4.jpg": "a group of people standing next to horses", "05787-scene.jpg": "a group of people standing around a group of horses", "44466-woodedla.jpg": "a mountain that has some trees in the background", "42382-harbour.jpg": "a black and white photo of a beach", "13145-jupiter.jpg": "a black and white photo of a group of people", "28505-early14.jpg": "a tree filled with lots of flowers", "04077-virgin_c.jpg": "a woman holding a baby in a dress", "32757-02madonn.jpg": "a man and woman sitting next to each other", "20074-10granid.jpg": "a woman sitting on a couch next to a sheep", "43013-06belle.jpg": "a woman in a dress is holding a tie", "41017-13allego.jpg": "a woman sitting at a table using a laptop", "26245-holyfami.jpg": "a black and white photo of a woman holding a baby", "37338-judith.jpg": "a couple of women standing next to each other", "16414-baptis1.jpg": "a large stone building with people on it", "42168-titian1.jpg": "a man in a black jacket holding a cell phone", "07891-liriope.jpg": "a group of people sitting on top of a stone wall"}