{"23123-141umilt.jpg": "a group of people standing next to a building", "41448-benedict.jpg": "a painting of a man standing next to a building", "12594-5_4holy1.jpg": "a woman standing next to a woman in a room", "43438-estuary2.jpg": "a group of boats floating on top of a body of water", "18398-1811grec.jpg": "a man sitting on a couch with a laptop", "22314-1field.jpg": "a man standing next to a herd of horses", "35374-10religi.jpg": "a woman riding on the back of a brown horse", "37354-winter06.jpg": "a person standing on top of a snow covered hillside", "33331-horses.jpg": "a couple of horses that are standing on a rock", "14003-portalid.jpg": "a woman standing in a room holding a teddy bear", "42044-folkes.jpg": "an old man with a beard and a beard", "03284-presenta.jpg": "a group of people standing next to a building", "23919-denial.jpg": "a group of men standing next to each other", "37307-foglian2.jpg": "a statue of a man on a horse in front of a building", "21669-raising.jpg": "a group of people riding on the back of horses", "23187-24monaco.jpg": "a statue of a man holding a guitar", "02994-madonn_c.jpg": "a young boy in a red shirt sitting on a bench", "35938-2bavo4.jpg": "a large building with a large clock on it", "42608-23conce.jpg": "a couple of people standing next to each other", "21204-skatalin.jpg": "a group of people standing next to each other", "35400-07desce3.jpg": "a man in a white shirt and a black and white shirt", "20070-07procu.jpg": "a couple of women standing next to each other", "43190-roomange.jpg": "a room that has a painting on the wall", "33663-10misc.jpg": "a man and a woman standing next to each other", "35630-01sketci.jpg": "a group of people that are laying down", "30146-party_sc.jpg": "a group of people standing around a building", "24093-2limbo.jpg": "a group of people standing next to each other", "00516-lifeboat.jpg": "a group of people standing around a group of people", "44766-nolasco2.jpg": "a statue of a man standing next to a cow", "12114-du_barry.jpg": "a woman standing in front of a mirror", "10986-210david.jpg": "a woman sitting on a chair in a room", "37553-sorrow.jpg": "a statue of a man standing next to a painting", "30646-martyrdo.jpg": "a group of people riding horses in a parade", "14335-betrotha.jpg": "a group of people standing next to each other", "29426-portcath.jpg": "a man in a red dress sitting on a bed", "09465-annuncia.jpg": "a large window with a clock on it", "32213-18echo_n.jpg": "a man and a child are sitting on the ground", "29948-port_fam.jpg": "a group of people standing in front of a fireplace", "21300-04jerome.jpg": "a man is sitting on a chair reading a book", "16048-franc21.jpg": "a statue of a building with statues on it", "42652-36stand.jpg": "a woman standing in front of a painting on a wall", "30993-christ_c.jpg": "a couple of people standing next to each other", "10559-levada6.jpg": "a painting of a teddy bear sitting on a wall", "43890-holyfami.jpg": "a woman is holding a baby and a baby", "28576-2montge2.jpg": "a body of water with a river in the background", "24600-st_john4.jpg": "a group of people riding on the backs of horses", "19345-sunset.jpg": "a view of a field with a sky background", "09562-corot152.jpg": "a woman standing in the woods holding a surfboard", "15835-cleansin.jpg": "a black and white photo of a group of people", "14154-08didero.jpg": "an older man is holding a piece of luggage", "30546-fur_hat.jpg": "a close up of a person with a dog", "03304-predell1.jpg": "a group of people standing around a table", "22694-15albert.jpg": "a statue of a statue in front of a window", "41021-16muff.jpg": "a young woman is holding a remote control", "39417-2roch.jpg": "a group of people standing around a wall", "00513-blueroom.jpg": "a woman sitting on a chair in a room", "14711-071buxto.jpg": "a woman in a white dress is holding a banana", "08981-021medit.jpg": "a group of boats that are sitting in the water", "00100-stillif.jpg": "a vase filled with flowers on a table", "00813-marco_p3.jpg": "a group of people standing next to each other", "05692-sun1.jpg": "a group of people that are on some elephants", "14750-sisera.jpg": "a couple of women standing next to each other", "21556-tutor.jpg": "a man and a woman standing next to each other", "41149-altar2.jpg": "a picture of a man and a woman", "31396-paolina5.jpg": "a group of statues and statues in a museum", "18734-guard199.jpg": "a crowd of people standing around a building", "31767-magdalen.jpg": "a woman in a dress standing next to a tree", "35007-42swiss.jpg": "a painting of a painting on the wall", "28696-bouquet2.jpg": "a vase filled with flowers sitting on top of a table", "18247-0608grec.jpg": "a man and a dog sitting next to each other", "06203-cosimo.jpg": "a man in a leather jacket holding a clock", "22450-river_la.jpg": "a couple of people standing next to a body of water", "05950-quarrel.jpg": "a group of people riding horses in front of a fountain", "02725-assuvirg.jpg": "a large painting of a painting on a wall", "37130-61bichi.jpg": "a man holding a cigarette while standing next to a woman", "21233-ybathing.jpg": "a man standing in the water next to a boat", "09101-dance1.jpg": "a group of people standing around a christmas tree", "28589-1vethe1.jpg": "a large stone building with a building in the background", "01110-sebastia.jpg": "a statue of a man standing next to a statue", "08913-madonnc.jpg": "a statue of a woman standing next to a statue", "24051-2sposi03.jpg": "a group of people standing next to each other", "11973-allegr13.jpg": "a large vase on a wall next to a wall", "16808-2venti1.jpg": "a room with a painting on the wall", "33015-16farnes.jpg": "a couple of men sitting on top of a bed", "18098-8aquinas.jpg": "a group of people standing around a clock", "36534-selfpor2.jpg": "a woman is sitting on a bed in the dark", "16713-lange1ve.jpg": "a statue of a man standing next to a dog", "15193-marymagd.jpg": "a close up of a person in a dark room", "11169-1870s_69.jpg": "a woman is standing next to a dog", "07557-40baptis.jpg": "a man in a red shirt is laying down", "29140-west_ind.jpg": "a bunch of animals that are standing in the dirt", "05068-cydippe2.jpg": "a black and white photo of a man on a cell phone", "41169-x_sebast.jpg": "a man with a microphone and a microphone", "07740-egypt.jpg": "a group of people that are sitting on a couch", "06246-depositx.jpg": "a group of people sitting on top of a bed", "44788-st_james.jpg": "a man standing in front of a staircase", "19671-huisten1.jpg": "a large building with people walking around it", "13448-posilipp.jpg": "a group of people standing in front of a boat", "08098-bacchana.jpg": "a group of people sitting around a tree", "12141-chalands.jpg": "a couple of boats that are sitting in the water", "38950-01virgi6.jpg": "a group of people that are sitting down", "37556-fairfax.jpg": "a couple of people that are sitting down", "12337-guardroo.jpg": "a group of people sitting on the ground under an umbrella", "41447-assumpti.jpg": "a painting of a woman sitting on a <unk>", "29458-liberati.jpg": "a large cathedral with a large wooden ceiling", "24603-c_cross.jpg": "a picture of a man holding a statue", "09663-1stufa1.jpg": "a room with a painting on the wall", "03738-mehmet2.jpg": "a man wearing a hat and a red tie", "31693-paris03.jpg": "a large body of water with lots of snow on it", "02872-joseph3.jpg": "a group of people standing around each other", "23333-01carry.jpg": "a group of people standing around each other", "25081-doctor.jpg": "a colorful clock on the wall of a building", "39985-1misc08.jpg": "a woman standing next to a tree in a forest", "03245-monthmay.jpg": "a couple of dogs sitting next to each other on a table", "38352-ferdinax.jpg": "a man wearing a blue jacket and a blue hat", "32746-annuncia.jpg": "a couple of women sitting next to each other", "14306-annuncia.jpg": "a couple of women sitting in a room", "18768-guard309.jpg": "a statue of a person standing next to a fountain", "40327-turpin7.jpg": "a couple of people sitting next to a tall tower", "31308-madonna1.jpg": "a picture of a woman in a dress", "10760-conversa.jpg": "a man and woman sitting on a red chair", "21397-viewrome.jpg": "a building that has a boat in the background", "14931-6pould01.jpg": "a group of people standing next to each other", "32283-11holyf.jpg": "a group of people sitting on top of a couch", "35593-11family.jpg": "a black and white photo of people in a room", "03770-037prese.jpg": "a group of people sitting next to each other", "14228-rinieri2.jpg": "a statue of a man standing next to a wall", "03843-134frar0.jpg": "a large building with statues and statues on it", "10339-1couple5.jpg": "a man and a woman dressed in a costume", "22358-rembrand.jpg": "a close up of a person in a dark room", "21535-legend.jpg": "a group of people walking down a street", "43395-f_virgi2.jpg": "a little girl sitting in a chair with a teddy bear", "25964-01virgin.jpg": "a woman reading a book in front of a building", "05013-mystic_m.jpg": "a group of people sitting on a couch", "42935-00view.jpg": "a large building with a clock on the wall", "06829-saints.jpg": "a couple of men standing next to each other", "24772-madonny.jpg": "a statue of a man and a man in a costume", "38901-stair5.jpg": "a couple of women sitting on top of a bed", "01095-condotti.jpg": "a close up of a person in a mirror", "30720-arrival.jpg": "a large crowd of people standing in front of a building", "34456-12rippl.jpg": "a statue of a man with a hat on", "20606-christ_c.jpg": "a painting of a woman standing next to a woman", "34634-fountain.jpg": "a group of people standing next to a stone wall", "16589-4pitti.jpg": "a group of people standing next to a large painting", "37262-80fire.jpg": "a statue of a man standing next to a building", "13266-2fourmus.jpg": "a group of people sitting on top of a bed", "12302-2crevola.jpg": "a woman holding a banana in her hand", "01123-portrait.jpg": "a man in a red shirt with a red tie", "41024-19muff.jpg": "a man wearing a hat with a hat on", "30624-port_man.jpg": "a man is sitting on a couch in a room", "29514-benedic2.jpg": "a group of people standing around a building", "42546-05sleep.jpg": "a woman is sitting in a room with a bed", "16576-appearan.jpg": "a group of people standing next to a painting", "24800-nativi_.jpg": "a group of people standing next to each other", "34099-4renoi16.jpg": "a woman holding a piece of food in her mouth", "03960-bello102.jpg": "a body of water with many boats in it", "21487-miracle.jpg": "a group of people standing around an elephant", "15980-30allego.jpg": "a painting of a painting on the wall", "20127-anaemic.jpg": "a woman standing next to a woman in a dress", "33309-glasswar.jpg": "a vase of flowers sitting on top of a table", "02488-1seaso2.jpg": "a vase filled with lots of fruit and flowers", "36394-4borgo7.jpg": "a group of people sitting around a building", "35649-11sketcx.jpg": "a group of people sitting on top of a bed", "13676-flowers1.jpg": "a vase of flowers sitting on a table", "09593-m_scala.jpg": "a woman laying in a bed with a baby", "29969-winter_s.jpg": "a black and white photo of people and a horse", "36885-sebastia.jpg": "a group of people standing next to each other", "23595-trip_w.jpg": "a man in a hat is sitting on a couch", "25904-stil_jar.jpg": "a close up of a vase with fruit in it", "31453-3saints1.jpg": "a painting of a man and a dog on a wall", "13363-l2soldi.jpg": "a group of people riding on the backs of horses", "00333-loggetta.jpg": "a painting of a person sitting on top of a table", "44348-garrick.jpg": "a statue of a person standing in a field", "06298-peasant.jpg": "a group of people sitting around a table", "29945-mother_c.jpg": "a woman and a child sitting on a bench", "34024-2renoi05.jpg": "a couple of women standing next to each other", "22802-boulvard.jpg": "a large group of people walking down a street", "11617-diana.jpg": "a group of people standing in front of a statue", "15865-paris1.jpg": "a bunch of animals that are in a room", "09147-quthe.jpg": "a man wearing a suit and tie holding a book", "38290-washingt.jpg": "an old man in a suit and tie", "28449-panorami.jpg": "a view of a mountain with mountains in the background", "33628-15sp1657.jpg": "a close up of a person wearing a suit", "30982-concert.jpg": "a group of people sitting around a table", "34913-05catala.jpg": "a gold and gold clock on a wall", "13036-crucifix.jpg": "a man in a dress is standing on a bench", "31020-stillif2.jpg": "a vase filled with flowers on a table", "40397-alpinela.jpg": "a large waterfall in front of a large waterfall", "09466-corint01.jpg": "a man with a beard and a plaid shirt", "11213-1890s_08.jpg": "a close up of a dog in a mirror", "17001-nuenen16.jpg": "a painting of a green plant in the dark", "34248-landsca2.jpg": "an old photo of an old photo of a train", "17821-805goya.jpg": "a man is sitting in a dark room", "24843-triptyc1.jpg": "a picture of a woman in a painting", "15245-portrait.jpg": "a group of young children standing next to each other", "36822-port_wom.jpg": "a woman sitting on top of a brown couch", "43586-5youngma.jpg": "a woman is smiling while looking at the camera", "18587-05helle2.jpg": "a picture of a woman in a dress", "31243-villamar.jpg": "a couple of women standing next to each other", "06142-landstag.jpg": "a person standing next to a tree in a forest", "24159-eligius.jpg": "a group of people sitting around a table", "09273-colonna1.jpg": "a large building with a clock on top of it", "32544-virginch.jpg": "a large building with a man and a woman", "03683-italland.jpg": "a group of cows laying down in a field", "28824-young_b.jpg": "a little girl in a suit and tie", "12198-maest_00.jpg": "a book shelf filled with lots of pictures", "37328-3orsini.jpg": "a group of people standing next to each other", "36843-garland1.jpg": "a painting of a man sitting on a flower arrangement", "04904-virgin_c.jpg": "a group of girls sitting on top of a couch", "12035-painstud.jpg": "a man sitting in a chair reading a book", "17096-1arles08.jpg": "a man standing on top of a lush green field", "44119-balcony.jpg": "a couple of women standing next to a fence", "00427-4cavalli.jpg": "a large building with people standing around it", "09010-06landsc.jpg": "a person standing in a field near a tree", "18163-rebecca.jpg": "a group of people that are sitting down", "23198-41monaco.jpg": "a statue of a man sitting on a statue", "20185-commemor.jpg": "a group of people standing around a building", "07406-bosco.jpg": "a painting of a person on a clock", "28785-sombrero.jpg": "a woman holding a baby with a baby", "11590-holyfami.jpg": "a couple of people standing next to each other", "34405-p_drevet.jpg": "a woman is sitting on a bed with a fork", "18052-05scene.jpg": "a group of people standing next to each other", "15907-08warrio.jpg": "a man riding on the back of a motorcycle", "36122-covarrub.jpg": "a close up of a person with a hat", "18866-susanna.jpg": "a black and white photo of a man and a woman", "09650-02barber.jpg": "a large stone building with a painting on it", "36290-portlady.jpg": "a little boy sitting on top of a table", "36840-floral.jpg": "a close up of a vase of flowers", "20656-romeview.jpg": "a large building with a building in the background", "33497-03portra.jpg": "a close up of a person wearing a hat", "05869-stillife.jpg": "a suitcase sitting on top of a wooden table", "34171-sunderli.jpg": "a woman in a white dress standing next to a tree", "40049-cabare15.jpg": "a painting of a woman with a hat on", "26148-37noflo.jpg": "a group of people sitting in a room", "00757-1closed.jpg": "a large clock that is on the side of a building", "25244-girl_let.jpg": "a woman in a white dress is standing on a rock", "29518-madonna1.jpg": "a statue of a woman sitting next to a woman", "38598-kermess.jpg": "a group of people standing in front of a church", "24089-4cherubi.jpg": "a group of children sitting on top of a bed", "33907-22noremb.jpg": "a woman is holding a piece of paper", "10483-cellesi.jpg": "a woman in a dress standing next to a woman", "36712-still_li.jpg": "a couple of plates of food on a table", "19153-43meagr.jpg": "a group of people standing in front of a building", "10314-06woman2.jpg": "a young boy wearing a hat and holding a baseball glove", "00390-11crucif.jpg": "a group of people standing next to a statue", "18786-guard409.jpg": "a group of people standing next to a building", "22273-stilgame.jpg": "a painting of a man sitting on top of a table", "37516-7sgeorge.jpg": "a group of people riding on the backs of elephants", "20138-still_li.jpg": "a red piece of luggage sitting on top of a table", "34476-2altar.jpg": "a large clock that is on the side of a building", "19827-3meyer1.jpg": "a woman wearing a red hat and a tie", "42840-07franci.jpg": "a man sitting in a chair reading a book", "12144-portwom1.jpg": "a woman holding a sandwich in her hands", "34232-morrapla.jpg": "a black and white photo of a man holding a bear", "44331-memminge.jpg": "a man holding a bird in front of a painting", "17084-orchar05.jpg": "a tree in the middle of a field", "03949-catherin.jpg": "a man in a leather jacket sitting in a chair", "20696-pendant1.jpg": "a man in a black shirt and black pants", "19879-3erasmus.jpg": "a man in a hat and hat holding a book", "17002-nuenen17.jpg": "a black and white photo of a person sitting on a bench", "05070-landscap.jpg": "a group of animals that are standing in the grass", "22197-sermon.jpg": "a group of people standing around a building", "44538-entry.jpg": "a group of people standing next to each other", "30319-roma3.jpg": "a large building with many statues and statues", "32547-coronati.jpg": "a picture of a woman and a clock", "36401-madonn_p.jpg": "a close up of a person wearing a mask", "35063-brooke.jpg": "a little girl sitting next to a brown dog", "05016-port_man.jpg": "a woman is sitting in front of a wall", "44296-venice5.jpg": "a large body of water with boats in it", "18090-1madonna.jpg": "a woman in a dress sitting on a chair", "35535-06allego.jpg": "a group of people that are in a room", "37289-21boston.jpg": "a group of men standing next to a building", "34967-2mustai.jpg": "a large stone building with people standing around", "35594-12fourme.jpg": "a woman standing in front of a christmas tree", "41092-01winged.jpg": "a wall that has a painting on it", "43752-00chine1.jpg": "a painting of a woman standing next to a woman", "04934-casio.jpg": "a man in a black hat with a black hat", "34308-maruce08.jpg": "a statue of a man sitting on a bed", "37970-stillif1.jpg": "a table topped with lots of fruits and vegetables", "42422-giusti.jpg": "a group of people standing around each other", "05556-13lorenz.jpg": "a man wearing a hat and a tie", "39317-1carry.jpg": "a group of people riding on the backs of elephants", "06360-01prover.jpg": "a group of people standing outside of a building", "31381-seni.jpg": "a man and a woman sitting on a bed", "34448-04rippl.jpg": "a man wearing a hat and a hat", "17772-502goya1.jpg": "a woman laying on top of a bed", "37335-tipusult.jpg": "a group of people riding on the backs of horses", "09705-10gangel.jpg": "a woman and a girl playing with a dog", "35579-24spinol.jpg": "a man sitting on a bicycle holding a cane", "05801-1simon.jpg": "a group of people standing around a table", "43250-kermis.jpg": "a group of people sitting on top of a dirt field", "03177-virgin2.jpg": "a group of people standing next to each other", "43633-palace1.jpg": "a large building with statues on top of it", "17176-1asylu09.jpg": "a tree covered with lots of green trees", "01141-portrai2.jpg": "a woman in a dress sitting on a couch", "18650-04erasm.jpg": "a group of people standing next to each other", "28799-selfport.jpg": "a man sitting on the ground holding a book", "30963-cattle.jpg": "a herd of cattle walking across a river", "38768-deesis7.jpg": "a statue of a man standing next to a wall", "34914-07englis.jpg": "a painting of a painting on a wall", "11630-portrait.jpg": "a man standing in front of a wall", "00777-2edge1.jpg": "a teddy bear sitting on top of a wooden chair", "03682-forestfl.jpg": "a picture of a tree in a garden", "30797-mourning.jpg": "a group of people sitting on a beach", "07963-farnes07.jpg": "a picture of a painting on a wall", "10788-trinita.jpg": "a fireplace with a painting on the wall", "09747-grif_06.jpg": "a picture of a man and a woman in a picture", "39142-09zianig.jpg": "a group of people standing next to each other", "18249-0610grec.jpg": "a black and white photo of a man and a woman", "38201-saints.jpg": "a couple of women standing next to each other", "10963-104david.jpg": "a group of people sitting in a room", "08450-jerome.jpg": "a man in a red shirt is eating a donut", "09910-courb413.jpg": "a boat that is floating in the water", "23125-15birth.jpg": "a group of people standing around a building", "37886-vincent.jpg": "a statue of a person wearing a hat and hat", "16718-sc_flood.jpg": "a group of people riding on the backs of elephants", "38161-esther.jpg": "a group of people standing in front of a clock", "06010-pharaoh.jpg": "a couple of women standing next to each other", "38041-family.jpg": "a group of people standing around each other", "11002-311david.jpg": "a group of people standing in front of a building", "39610-36august.jpg": "a man with a hat and a hat on", "32203-08venus.jpg": "a group of people sitting on top of a bed", "08606-annunci1.jpg": "a group of people playing with a dog", "30605-2mira03.jpg": "a woman sitting on a bed in a room", "39611-37ambros.jpg": "a man wearing a hat and a hat", "05292-5lastjud.jpg": "a statue of a woman in a dress", "34158-kittyfis.jpg": "a woman is sitting on a bed with a dog", "23629-seashore.jpg": "a scenic view of a mountain with a mountain in the background", "24189-youngman.jpg": "a woman wearing a shirt and tie in a dark room", "09131-dashwood.jpg": "a couple of women sitting on top of a wooden floor", "36606-b_spree.jpg": "a couple of people on a boat in the water", "23816-6stilli2.jpg": "a group of people that are in a pool", "19204-71portma.jpg": "a man wearing a hat and a tie", "11623-landsca2.jpg": "a group of people standing next to a horse", "32796-31doni2.jpg": "a woman sitting on a couch with an umbrella", "30741-tassin.jpg": "a man wearing a neck tie and a tie", "12440-stream.jpg": "a body of water with trees in the background", "25972-04notri1.jpg": "a group of people standing next to a building", "14330-scene10.jpg": "a group of people standing next to each other", "42871-7dresde.jpg": "a group of people standing around a group of people", "05207-1garden.jpg": "a picture of a building with a painting on it", "05526-30birth.jpg": "a statue of a woman on a <unk>", "38913-030antho.jpg": "a group of people standing around a rock", "13282-amager.jpg": "a man in a green jacket sitting on a bed", "37919-rhetor.jpg": "a group of people sitting around a building with horses", "38919-03educat.jpg": "a group of people sitting on a bench", "06660-panel3.jpg": "a group of people standing around a tree", "21539-family.jpg": "a group of people sitting around a christmas tree", "25083-doctors0.jpg": "a clock is on the wall of a building", "34399-louis14.jpg": "a black and white photo of a woman in a dress", "19360-entryjer.jpg": "a group of people standing around a group of people", "42292-0710vela.jpg": "a close up of a person with a cell phone", "20455-st_anne.jpg": "a large clock is on display in a museum", "07911-coronati.jpg": "a group of people riding on the back of a boat", "22951-15scene.jpg": "a woman in a white dress sitting on a bed", "04621-breakfas.jpg": "a group of people standing around a table with food", "02524-8garden1.jpg": "a stuffed animal with a hat on it", "13309-12thymot.jpg": "a man holding a cell phone in his hand", "42132-13duomo.jpg": "a painting of a clock on the side of a building", "19556-liberati.jpg": "a group of people in a room with a table and chairs", "33256-flagella.jpg": "a group of people sitting in a room", "04204-christ_l.jpg": "a group of people standing next to each other", "19560-family.jpg": "a couple of women standing next to each other", "36457-crucifix.jpg": "a group of people standing next to each other", "10281-08brothe.jpg": "a woman in a dress sitting next to a woman", "00877-30west.jpg": "a group of people standing next to each other", "21224-kazinczy.jpg": "a man wearing a white shirt and a tie", "11143-1870s_08.jpg": "a group of people standing in front of a building", "09138-diane.jpg": "a group of people sitting around a table", "22259-j_toper.jpg": "a man is taking a picture of himself with a camera", "11556-adorati1.jpg": "a group of people sitting on the back of a horse", "43144-townfolk.jpg": "a group of people riding in a boat on a river", "23822-2manet01.jpg": "a group of men riding on the back of horses", "23081-6roadto.jpg": "a group of people standing next to a building", "30333-esther.jpg": "a couple of people sitting next to each other", "43362-port_man.jpg": "a man in a blue shirt and black hat", "25922-judith.jpg": "a woman is sitting next to a woman", "02772-still-li.jpg": "a bunch of fruit on a wooden table", "17297-selfpo24.jpg": "a close up of a person with a face of a bear", "30830-torlonia.jpg": "a group of people standing in front of a building", "39582-15trevis.jpg": "a painting of a woman standing in front of a window", "39950-3oldtesx.jpg": "a painting of a woman on a beach", "33952-moses.jpg": "a man holding a skateboard in his hand", "25004-zdiptych.jpg": "a painting of a woman standing next to a clock", "37850-winterla.jpg": "a group of people walking across a snow covered field", "38720-sebastia.jpg": "a man sitting on top of a brown horse", "40886-08nativi.jpg": "a group of people standing next to a building", "15864-lovegod2.jpg": "a group of people are sitting on a couch", "14641-coronati5.jpg": "a man standing next to a large clock", "33377-01newtes.jpg": "a group of people standing next to each other", "30954-alcestis.jpg": "a group of people sitting in a living room", "03824-110madon.jpg": "a group of people standing next to each other", "34918-1auxerr3.jpg": "a painting of a man holding a painting of a painting", "28461-landgrot.jpg": "a group of people sitting on top of a large rock", "34011-1renoi12.jpg": "a group of people standing on a boat in the water", "22525-0view2.jpg": "a clock is on the side of a building", "03198-annuncix.jpg": "a woman sitting next to a woman in a room", "20948-contine1.jpg": "a picture of a room with many pictures", "15844-liberati.jpg": "a group of people that are sitting on a couch", "04640-cavalier.jpg": "a couple of people that are sitting down", "07265-canal715.jpg": "a large building with people walking around it", "14600-stillify.jpg": "a group of dogs that are in a room", "44501-portlad.jpg": "a man in a yellow jacket holding a <unk>", "24901-00view.jpg": "a large cathedral with a large stone ceiling", "38624-temptatz.jpg": "an old man sitting in front of a stone wall", "14647-manetti.jpg": "a clock on the side of a building", "21223-snowy.jpg": "a black cat standing in the middle of a road", "44406-ironforg.jpg": "a group of people standing next to a building", "34930-10berze.jpg": "a large clock mounted to the side of a building", "41910-vanitas.jpg": "a painting of a dog sitting on top of a table", "10003-democrit.jpg": "a man laying on a bed with a blanket", "44738-2creatio.jpg": "a group of people that are on some rocks", "00898-60east.jpg": "a group of people standing next to each other", "03764-028madon.jpg": "a woman sitting on a chair eating a banana", "05977-landsca1.jpg": "a couple of animals that are standing in the dirt", "26388-21maria.jpg": "a woman in a dress sitting on a bed", "41327-03crucif.jpg": "a statue of a man holding a tie", "05006-christ_d.jpg": "a group of people sitting around a building", "17186-3enviro1.jpg": "a painting of a painting of a rock covered in snow", "20645-skagen.jpg": "a herd of sheep grazing on a lush green field", "04458-element1.jpg": "a group of people sitting around a pile of food", "07033-jesusver.jpg": "a group of people standing next to each other", "29190-stillif5.jpg": "a bunch of vegetables sitting on a table", "09351-ceiling.jpg": "a large clock in the middle of a building", "38188-cuspinia.jpg": "a group of women sitting next to each other", "40757-021icon.jpg": "a painting of a man standing next to a painting", "36876-6reale.jpg": "a clock that is on top of a wall", "21658-daedalus.jpg": "a man sitting on a bench in a dark room", "09666-1stufa4.jpg": "a group of people riding on the back of a elephant", "35541-04medici.jpg": "a woman riding on the back of a white horse", "37417-tailors.jpg": "a group of people sitting in front of a building", "19048-bacchana.jpg": "a group of people standing around a beach", "05700-venus_sl.jpg": "a group of young children laying in a bed", "37237-saints50.jpg": "a statue of a man sitting next to a clock", "38158-allegory.jpg": "a woman sitting on a couch next to a woman", "08305-ulysses.jpg": "a group of people standing next to each other", "09494-rochecho.jpg": "a statue of a woman with a hat on", "39045-3ariost1.jpg": "a large clock mounted to the side of a building", "39405-6maryeg.jpg": "a group of people standing next to a tree", "44440-eruption.jpg": "a couple of people standing on top of a rock", "03393-adoratio.jpg": "a group of people standing around a group of horses", "31792-capponi.jpg": "a large table with many different types of <unk>", "08414-assumpti.jpg": "a group of people in a room with a dog", "37522-pieta.jpg": "a black and white photo of a man and a dog", "26236-3_tkon.jpg": "a man standing in front of a wall with a surfboard", "03587-04ventur.jpg": "a large group of people in a room", "05454-5augustu.jpg": "a statue of a man sitting on a bench with a dog", "14170-03adorat.jpg": "a group of people sitting on a couch", "32990-2moses.jpg": "a group of people sitting on top of a river", "21936-2virg_p.jpg": "a black and white photo of a woman holding an umbrella", "35618-02hippop.jpg": "a group of people sitting on top of horses", "19696-colonel.jpg": "a group of people standing next to each other", "11026-505david.jpg": "a group of men sitting on top of a bed", "35758-hulsenbe.jpg": "a little boy standing next to a little boy", "39732-7tarquin.jpg": "a couple of people that are laying on a couch", "18864-resurrec.jpg": "a man sitting on the floor next to a man", "04718-landsca.jpg": "a couple of women standing next to each other", "02997-portrai.jpg": "a woman standing next to a wall with a painting on it", "30822-mad_tezi.jpg": "a group of people standing next to each other", "23475-vejrhoj.jpg": "a tree in the middle of a field", "23628-robbery.jpg": "an old photo of a horse and a building", "18073-16scene.jpg": "a statue of a man sitting on a bench", "10525-st_roch.jpg": "a statue of a man wearing a hat and tie", "29902-storm.jpg": "a group of boats that are floating in the water", "42280-0614vela.jpg": "a close up of a person with a frisbee", "03605-70cather.jpg": "a group of people standing in a room", "13948-seacoast.jpg": "a group of people riding horses down a mountain", "34319-1zane1.jpg": "a building with a painting on the wall", "39585-1assunt1.jpg": "a group of people standing next to each other", "34692-portuens.jpg": "a group of people standing around a wooden table", "00724-1mira.jpg": "a room with a large painting on the wall", "35903-judith.jpg": "a man and woman standing next to each other", "32545-wing_r.jpg": "a woman standing next to a woman holding a tennis racket", "08442-portrai2.jpg": "a woman in a blue shirt is sitting in a room", "09431-asparagu.jpg": "a black and white umbrella sitting on top of a table", "44211-clementi.jpg": "a woman in a dress sitting on a bed", "39102-08assump.jpg": "a statue of a man and a woman on a horse", "26749-08_1sp7f.jpg": "a group of people sitting on a bench", "38231-banquet.jpg": "a group of people sitting around a table", "20256-singeri3.jpg": "a group of people sitting on top of a boat", "41543-yferdina.jpg": "a man wearing a red hat with a red hat", "21246-puckler.jpg": "a man in a red shirt with a lamp", "44078-03stivo1.jpg": "a man sitting in a chair reading a book", "00718-landsca3.jpg": "a group of people on a river with boats", "35282-1king.jpg": "a man in a leather jacket and a tie", "43797-202sheph.jpg": "a group of people standing next to each other", "17442-milliner.jpg": "a woman standing in a room with a cake", "10937-cana_mar.jpg": "a group of people standing around a vase", "29390-riccardi.jpg": "a clock that is on the side of a building", "07797-063annun.jpg": "a woman standing in front of a building", "09507-choice1.jpg": "a couple of women sitting next to each other", "23174-12monaco.jpg": "a statue of a man holding a red sign", "41107-09vision.jpg": "a picture of a group of people in a room", "26719-lu10rob.jpg": "an old picture of a woman sitting on a bench", "16769-3east.jpg": "a stone wall with a stone wall and a stone wall", "20757-ferryboa.jpg": "a group of people in a boat with a dog", "19924-10surrey.jpg": "a person wearing a hat and a tie", "29337-nursery.jpg": "a woman standing next to a woman in a room", "11371-8delaroc.jpg": "a man riding on the back of a brown horse"}