{"20914-woody.jpg": "a group of people standing around a large tree", "26697-lu03ach.jpg": "a group of people sitting on top of a clock", "09544-nicolo2.jpg": "a group of people standing next to each other", "20145-pratt.jpg": "a statue of a man sitting on a horse", "34355-seclusio.jpg": "a large rock in the middle of a forest", "26087-24nojov4.jpg": "a gold vase sitting on top of a wall", "40388-3portr_m.jpg": "a statue of a man wearing a red hat", "32842-00disput.jpg": "a group of people standing next to a building", "34080-3renoi27.jpg": "a man and a woman sitting on a bed", "26541-04_0bay4.jpg": "a group of people standing next to each other", "24364-family.jpg": "a group of people sitting around a wooden table", "08523-4portra.jpg": "a statue of a man with a hat on", "20820-runningb.jpg": "a young boy wearing a hat with a hat on", "21876-selfport.jpg": "a close up of a face of a dog", "44057-7sforza2.jpg": "a picture of a clock and a statue", "12595-5_4holy2.jpg": "a close up of a person wearing a suit and tie", "14530-scipio.jpg": "a group of people standing next to each other", "07460-042boy.jpg": "a man sitting on a couch with his mouth open", "39782-08rimina.jpg": "a man wearing a suit and tie in a dark room", "15175-madonna.jpg": "a painting of a woman standing next to a painting", "15792-vertumnu.jpg": "a garden area with people sitting on the ground", "05018-tailors.jpg": "a group of people sitting around a table", "12977-genoese0.jpg": "a man in a black jacket holding a white object", "16683-lifevirg.jpg": "a room with a painting of people standing around it", "16061-04peter.jpg": "a man with a hat on his head", "18790-guard413.jpg": "a body of water with many boats in it", "02498-3seaso4.jpg": "a painting of a vase with flowers in it", "29698-shipping.jpg": "a large body of water with many boats in it", "40136-cardplay.jpg": "a group of people sitting around a table", "21134-tegern.jpg": "a couple of people standing next to a herd of sheep", "04898-poruyter.jpg": "a man standing in front of a wooden table holding a bat", "29280-212muril.jpg": "a group of people standing next to each other", "10780-siesta.jpg": "a woman and a dog sitting on a couch", "01027-selfease.jpg": "two women in a room talking on their cell phones", "16002-00view1.jpg": "the inside of a large building with a balcony", "25177-1tassilo.jpg": "a group of people riding on top of horses", "03865-139sacre.jpg": "a man and a woman sitting next to each other", "31947-1poggio.jpg": "a group of people sitting on top of a wall", "23557-immacula.jpg": "a group of people sitting in a room", "05108-5naryshk.jpg": "a young girl is sitting on a couch", "31463-catherin.jpg": "a couple of women standing next to each other", "04792-durfort.jpg": "a woman in a white dress and a white dress", "22815-miracle.jpg": "a large group of people standing around a building", "28848-man_port.jpg": "a man wearing a hat and a hat", "00205-venus0.jpg": "a group of people sitting on top of a boat", "43902-p_peter.jpg": "a man in a leather jacket holding onto a string", "04214-breton1.jpg": "a painting of a person sitting on a bench", "32190-portgall.jpg": "a statue of a man wearing a baseball uniform", "18770-guard310.jpg": "a large body of water filled with lots of boats", "20376-161ingre.jpg": "a statue of a man standing on top of a stage", "37275-2s_louis.jpg": "a painting of a man in a dress and a clock", "05323-20left.jpg": "a couple of people standing in front of a mirror", "32474-pala_te1.jpg": "a large brown wall with a clock on it", "09349-stcecili.jpg": "a couple of people that are sitting in a bed", "18338-1405grec.jpg": "a group of people standing next to each other", "29454-interioy.jpg": "a group of people standing in front of a building", "40378-miracle3.jpg": "a group of people standing next to each other", "00974-0fiesol2.jpg": "a statue of a woman sitting next to a statue", "16736-madchild.jpg": "a group of people standing next to each other", "38102-stillife.jpg": "a black and white photo of a glass bottle", "13452-family.jpg": "a couple of people that are standing next to each other", "36757-morning.jpg": "a picture of a woman standing in a room", "10440-entombme.jpg": "a group of people sitting on a bench", "32872-4virtue1.jpg": "a group of people standing next to each other", "13505-zodiac09.jpg": "a large clock is in the middle of a building", "30792-galitziy.jpg": "a shirtless man standing next to a bunch of animals", "31032-selfport.jpg": "a man with a beard is in a backpack", "08000-magnani2.jpg": "a group of people standing next to a statue", "14886-viewloch.jpg": "a group of people standing on top of a lush green hillside", "14168-024love.jpg": "a painting of a woman holding a teddy bear", "25093-wings.jpg": "a statue of a woman standing next to a statue", "03728-cellier.jpg": "a group of people standing around a building", "04483-f_monger.jpg": "a man sitting on top of a wooden table", "08779-donator2.jpg": "a woman in a red dress holding an umbrella", "15839-flight.jpg": "a group of people sitting on top of a skateboard", "14402-allegory.jpg": "a group of people riding on the back of horses", "03178-lastjudg.jpg": "a picture of a building with many birds on it", "23371-08archit.jpg": "a man in a black jacket holding a baseball bat", "23179-17monaco.jpg": "a painting of a man and a woman in a room", "11690-triumphs.jpg": "a picture of a horse drawn carriage in a museum", "39750-15youth.jpg": "a woman holding a dog and a dog", "12298-21badia.jpg": "a woman in a red shirt holding a teddy bear", "19662-romeview.jpg": "a group of horses walking down a street", "39738-04organ.jpg": "a couple of people that are laying down", "07655-carlev00.jpg": "a group of people standing next to a river", "38230-augustin.jpg": "a group of people standing around each other", "09525-crucifix.jpg": "a group of people standing around a large elephant", "25273-03allego.jpg": "a group of people that are in a room", "14262-7nativi.jpg": "a group of people standing next to a statue", "21632-master_a.jpg": "a little girl sitting in a pile of stuffed animals", "24626-magdalen.jpg": "a woman sitting in front of a large building", "13240-classica.jpg": "a group of people riding on top of horses", "05664-pastora0.jpg": "a group of people sitting in the middle of a forest", "43629-orpheus.jpg": "a group of animals that are on the ground", "02486-2busts6.jpg": "a woman in a dress standing next to a wall", "08815-bibiana.jpg": "a group of people standing around a painting", "18643-02stupp.jpg": "a statue of a man and a woman on a horse", "18330-1304grec.jpg": "a statue of a man sitting on a horse", "16493-11polypt.jpg": "a woman wearing a bow tie and tie", "16898-1selfpor.jpg": "a man in a suit and tie looking at something", "34960-04german.jpg": "a stone wall with a painting on it", "42959-1dieci1.jpg": "a group of people that are laying on a bed", "22771-head1.jpg": "a dog sticking its head out of a window", "08952-goblet.jpg": "a table with a vase and a vase on it", "04222-madonna.jpg": "a group of women sitting on top of a horse", "37150-fleetman.jpg": "a group of boats that are floating in the water", "03003-adoratio.jpg": "a group of people standing around a fireplace", "19333-landjohn.jpg": "a large group of people in a forest", "44418-widow.jpg": "a woman is sitting on a rock in the water", "24175-apollo_d.jpg": "a group of people playing in a circus", "00323-1poggio.jpg": "a large room with a large white wall", "15923-tempes.jpg": "a couple of people standing next to each other", "26040-13john4.jpg": "a couple of people standing next to each other", "00204-venus.jpg": "a group of people that are sitting on a bench", "43626-landconv.jpg": "a group of people standing next to a group of horses", "23071-1entry.jpg": "a group of people standing in front of a building", "44514-landsc_s.jpg": "a group of people that are standing next to some animals", "19206-73noasse.jpg": "a man in a hat is holding a knife", "32790-26terran.jpg": "a woman holding a baby in front of a mirror", "11274-208delac.jpg": "a group of men riding on the back of a horse", "33357-meeting.jpg": "a couple of women standing next to each other", "06784-tavern2.jpg": "a couple of women standing next to each other", "00620-08portra.jpg": "a man wearing a red shirt and a black hat", "04596-medici1.jpg": "a bunch of fruit sitting on top of a table", "22262-serenade.jpg": "a man in a suit is holding a banana", "23881-4manet19.jpg": "a couple of men standing next to each other", "05583-01lament.jpg": "a group of people riding on the back of a <unk>", "29298-306muril.jpg": "a man holding a child and a dog", "29508-lamentat.jpg": "a group of men sitting on top of a bed", "21028-virgin1.jpg": "a woman is standing in front of a mirror", "27190-extensiv.jpg": "a group of people standing in front of a boat", "06006-orphanag.jpg": "a group of people standing around a building", "11496-virgin_c.jpg": "a group of people standing next to each other", "34323-1zane5.jpg": "a group of people that are sitting on a bed", "38367-1vescov4.jpg": "a painting of a man laying on top of a rock", "32110-olinda2.jpg": "a group of people standing on top of a dirt field", "40446-assumpti.jpg": "a painting of a man wearing a suit and tie", "20821-ryberg.jpg": "a group of people standing around a couple of sheep", "44180-miracle.jpg": "a large group of people standing around a beach", "23572-olddozin.jpg": "a man sitting on a couch next to a pile of books", "19489-m_sorrow.jpg": "a group of men standing next to each other", "40734-02icon.jpg": "a group of people standing next to each other", "10857-060load.jpg": "a man is standing next to a statue of a bear", "36977-trompe.jpg": "a picture of a woman in a mirror", "14465-311fried.jpg": "a view of a yellow sky in the desert", "31724-rouen5.jpg": "a large group of people standing next to each other", "33890-05noremb.jpg": "a close up of a person with a beard", "25137-lucretia.jpg": "a man sitting in front of a mirror holding a cane", "19343-rainyday.jpg": "a group of people walking down a street holding umbrellas", "19408-stillif3.jpg": "a plate of food sitting on top of a table", "08584-5portra1.jpg": "a painting of a fire hydrant covered in graffiti", "29931-v_feast.jpg": "a group of people sitting on top of a table", "10061-officer.jpg": "a group of people standing around a stone building", "13167-crucalta.jpg": "a group of people standing in front of a mirror", "42387-battle_t.jpg": "a pile of debris sitting next to a pile of logs", "23687-virgin_a.jpg": "a group of people sitting on a street", "08625-richeli.jpg": "a man in a suit and tie standing in front of a building", "06642-virgin_c.jpg": "a close up of a vase with flowers in it", "17127-arles49.jpg": "a couple of people walking down a dirt road", "10917-lamentat.jpg": "a group of people standing next to each other", "29443-gonfalon.jpg": "a painting of a painting on the wall of a building", "31150-7find10.jpg": "a group of people standing in front of a building", "20582-couple2.jpg": "a group of women sitting on a couch", "35620-04boarhu.jpg": "a man standing in a forest with a tree in the background", "40154-sewing.jpg": "a couple of women standing next to each other", "06555-fl_fair1.jpg": "a large group of people standing in a field", "15322-cortona3.jpg": "a group of people standing in front of a fireplace", "05039-tenishev.jpg": "a man sitting on a couch next to a dark background", "17010-nuenen25.jpg": "a book sitting on top of a wooden table", "30548-stillife.jpg": "a person sitting down with a bag next to a bag", "32964-05sibyl.jpg": "a large building with many people and statues", "20405-virchild.jpg": "a woman in a red dress sitting on a bed", "16827-adorati.jpg": "a group of people sitting on a stage", "09435-boylston.jpg": "a woman in a white dress and a dress", "19864-3warham.jpg": "a man wearing a hat and a hat", "30625-seated_y.jpg": "a man in a red shirt sitting on a bed", "06615-flowers.jpg": "a bouquet of flowers in a vase on a table", "21415-whitwort.jpg": "a man wearing a red jacket and a tie", "18307-1106grec.jpg": "a painting of a woman with a bird flying in the air", "23762-samsonde.jpg": "a group of people sitting on a couch", "35762-son_wife.jpg": "a woman sitting next to a little girl", "15535-4marria.jpg": "a group of people standing next to each other", "10542-egmond.jpg": "a group of people standing on top of a lush green field", "37304-foglia1.jpg": "a large clock mounted to the side of a building", "38844-2scene4.jpg": "a group of people that are in a room", "19145-37nohad.jpg": "a group of people sitting on top of a street", "04403-virgin.jpg": "a vintage photo of a woman in a dress", "14342-portrait.jpg": "a woman in a black hat is sitting on a couch", "10634-oriental.jpg": "a person sitting on a couch in the dark", "13719-2assunt7.jpg": "a statue of a man and a woman in costume", "04110-italianb.jpg": "a group of cows walking along a rocky cliff", "24132-2eccehom.jpg": "a statue of a man with a hat on", "19432-flowbowl.jpg": "a painting of flowers in a vase on a table", "05667-pastora3.jpg": "two women and a dog are sitting on a boat", "16018-franc01.jpg": "a building with a statue of a man standing next to a building", "38847-3ignudo2.jpg": "a large painting of a dog and a dog", "03383-mus_inst.jpg": "a table topped with a chair and a chair", "11307-409delac.jpg": "a man riding on the back of a brown horse", "08986-02medici.jpg": "a large group of people standing around a river", "11024-503david.jpg": "a couple of men laying on top of a bed", "04740-charikle.jpg": "a group of people laying on top of a bed", "02858-jewsharp.jpg": "a couple of people that are eating some food", "38726-poggio1.jpg": "a room that has a clock on top of it", "39201-hounds.jpg": "a group of dogs that are sitting on the ground", "13570-0view1.jpg": "a large building with a painting on the wall", "34219-s_onufri.jpg": "a dog with a leash on its head", "08567-4still4.jpg": "a painting of a bowl of fruit on a table", "32418-bathers.jpg": "a couple of men sitting next to each other", "37998-lorelei1.jpg": "a person with a backpack and a backpack", "30504-italiana.jpg": "a couple of horses standing next to each other", "10462-hecuba.jpg": "a black and white photo of a man and a woman", "06208-eleonorb.jpg": "a woman standing in front of a blue wall", "39748-13blindf.jpg": "a couple of people that are laying down", "15330-colonna4.jpg": "a group of people standing in front of a window", "13301-03tript1.jpg": "a group of people riding horses in a parade", "25924-angeltob.jpg": "a man and a woman standing next to each other", "43893-portrai2.jpg": "a woman in a dress is standing outside", "24620-diptych2.jpg": "a man sitting in a chair reading a book", "24122-scene6.jpg": "a bunch of people are standing in a room", "10435-battlesc.jpg": "a group of boats that are sitting in the water", "20480-lamentat.jpg": "a group of people riding on a horse", "11149-1870s_14.jpg": "a group of people standing around a building", "07189-canal306.jpg": "a large building with people walking around it", "00273-portrait.jpg": "a man is wearing a suit and tie", "24957-burgwei.jpg": "a group of people standing around a painting", "04729-portrai1.jpg": "a man in a red coat and red tie", "23028-saints1.jpg": "a man with a hat and a hat on", "30774-6transf.jpg": "a group of people sitting next to a statue", "33433-01oldtes.jpg": "a couple of people that are holding a dog", "17268-auvers28.jpg": "there is a green and white blanket on the ground", "41906-stilfrui.jpg": "a bunch of fruit sitting on top of a table", "44692-zbrook.jpg": "a man standing on top of a lush green forest", "22184-youngman.jpg": "a woman sitting on a bed reading a book", "26137-36ursu07.jpg": "a woman standing next to a giant clock", "11541-stilliff.jpg": "a table topped with lots of fruits and vegetables", "39271-6agnes.jpg": "a group of people riding on top of a skateboard", "02526-9basket1.jpg": "a bunch of fruits and vegetables on a table", "23571-old_pray.jpg": "a man sitting at a table with a pot of food", "31823-children.jpg": "a group of people standing next to each other on a field", "40153-lazarus.jpg": "a group of people and a dog on the ground", "18693-diana_hu.jpg": "a group of people standing in front of a tree", "39145-11zianig1.jpg": "a black and white photo of a woman and a horse", "41358-04sancta.jpg": "a statue of a man standing next to a painting", "15494-1renunc.jpg": "a group of people standing next to each other", "19219-79seat_w.jpg": "a woman wearing a tie sitting on a bench", "22388-tabletop.jpg": "a painting of a vase with flowers in it", "39338-001inter.jpg": "a large room with a large building in the center", "38018-nepomuk.jpg": "a group of people sitting on top of a bed", "15184-danae.jpg": "a man laying on a bed next to a man", "41740-3agapit3.jpg": "a man in a hat is cutting a cake", "00752-2prado.jpg": "a decorative statue of a woman in a dress", "32882-1tondo3.jpg": "a painting of a woman sitting on a couch", "09752-0view.jpg": "a building with a painting on the wall", "19554-umbrella.jpg": "a close up of a blue and white umbrella", "17931-beach1.jpg": "a group of people sitting on top of a sandy beach", "41134-garden_e.jpg": "a group of people standing next to each other", "08839-stoning.jpg": "a picture of a group of people and horses", "30639-chickven.jpg": "a man with a hat and a hat on", "20808-1lastsup.jpg": "a group of people sitting around a table", "18308-1107grec.jpg": "a black and white photo of a woman and a cat", "17723-210goya.jpg": "a group of people standing in front of a house", "00349-judith_k.jpg": "a couple of people that are in a bed", "13346-u5john.jpg": "a picture of a woman reading a book", "36387-4borgo1.jpg": "a painting of a woman in a dress", "43779-14contra.jpg": "a group of people standing next to each other", "23265-08jerome.jpg": "a statue of a man standing next to a rock", "32304-02assump.jpg": "a couple of people that are sitting down", "05430-050adora.jpg": "a group of people standing around a building", "04807-cremona5.jpg": "a group of people sitting in a room", "30838-s1benedi.jpg": "a man holding a baseball bat in his hands", "35770-stilfrui.jpg": "a table topped with lots of fruits and vegetables", "36945-jatte2.jpg": "a group of people standing in front of trees", "19259-lion.jpg": "a large brown dog laying on top of a couch", "16600-madama.jpg": "an old building with a clock on the wall", "11498-clearing.jpg": "a forest filled with trees and trees", "44223-holy_fam.jpg": "a group of people standing next to each other", "42399-gouden_l.jpg": "a beach filled with lots of boats", "20947-bubbles.jpg": "a woman sitting in front of a display of flowers", "03560-children.jpg": "a couple of people standing next to each other", "19110-16portra.jpg": "a man with a beard is holding a <unk>", "08432-dwarf.jpg": "a statue of a man with a hat on", "32907-5ceilin.jpg": "a painting of a clock on the side of a wall", "44404-darwin.jpg": "a couple of women sitting next to each other", "04733-portlady.jpg": "a man wearing a hat and a tie", "16456-franc23.jpg": "a black and white photo of a woman sitting on a bench", "08513-1lands13.jpg": "a view of a river with trees in the background", "35802-basket.jpg": "a close up of a flower arrangement with flowers", "11111-early02.jpg": "a group of people standing on top of a lush green field", "38264-maurice.jpg": "a man and a woman sitting on a couch", "01124-atri_tri.jpg": "a statue of a woman in a dress", "20054-01fiddle.jpg": "a man holding a guitar and a guitar", "38909-01martyr.jpg": "a man cutting a mans hair with a knife", "05649-birth.jpg": "a group of people and a group of people on a beach", "29735-stillif3.jpg": "a close up of a bird on a plate with fruit", "00969-09crucif.jpg": "a statue of a man standing next to a statue", "22265-winterlb.jpg": "a group of people standing on a beach next to a tree", "23113-10carme2.jpg": "a painting of a man standing in front of a painting", "07281-canal8082.jpg": "a group of people standing in front of a building", "28502-early11.jpg": "a group of people that are sitting down", "11599-virgin_p.jpg": "a young man in a blue shirt is holding his arm up", "36937-talisman.jpg": "a painting of a picture of a person in a window", "08875-18corona.jpg": "a group of people standing next to each other", "16360-13figure.jpg": "a picture of a man and a picture", "36411-virgin_y.jpg": "a man wearing a hat and a tie", "32525-1rutger.jpg": "a group of people standing next to each other", "03882-171cruci.jpg": "a statue of a man jumping in the air", "18145-stillife.jpg": "a close up of a vase filled with flowers", "24124-scene7.jpg": "a group of people standing in front of a building", "16378-chris06.jpg": "a painting of a man standing next to a building", "03333-lastjudg.jpg": "a painting of a painting on a wall", "23157-coronati.jpg": "a building with a clock on the front of it", "03212-selfport.jpg": "a close up of a person with a beard", "30845-sebasti3.jpg": "a woman is standing in front of a mirror", "03599-4stigmat.jpg": "a group of people standing next to a statue", "08030-e_lady.jpg": "a woman in a dress is standing in a room", "07478-12magda.jpg": "a woman sitting on the floor in a dark room", "30002-two_dogs.jpg": "a couple of animals that are standing in the dirt", "29438-salmacis.jpg": "a man and a woman in a bathing suit", "00405-1view2.jpg": "a large stone building with people in it", "44427-ju_paris.jpg": "a group of statues of people in a room", "22552-4ceilin1.jpg": "a painting of a man sitting on top of a clock", "32939-00colonn.jpg": "a young boy sitting on a couch with a baby", "30862-key_.jpg": "a large group of people standing next to each other", "09150-francois.jpg": "a man wearing a hat and a tie", "02492-2seaso1.jpg": "a painting of a vase with flowers in it", "38727-poggio2.jpg": "a large painting of a clock on the side of a building", "34305-maruce05.jpg": "a stuffed animal that is standing on a rock", "34073-3renoi201.jpg": "a couple of girls sitting on a couch", "27088-woman_wr.jpg": "a woman sitting on a couch with a dog", "30638-judgment.jpg": "a group of people standing in front of a building", "44142-int_cave.jpg": "a group of people standing around a fountain", "14678-quatref3.jpg": "a picture of a man and a clock", "17276-selfpo03.jpg": "a close up of a dog wearing a hat", "36912-07serov.jpg": "a man standing next to a white horse", "05379-still_lj.jpg": "a vase of flowers sitting on a table", "41173-z_1548.jpg": "a woman in a dress holding a teddy bear", "31676-louvec1.jpg": "a couple of people standing next to some trees", "40312-203turne.jpg": "a person riding a bike down a street", "36135-triptych.jpg": "an old fashioned clock is in a museum", "07912-crucifix.jpg": "a statue of a man standing next to a statue", "20907-return.jpg": "a group of people standing around a dog", "37861-stilllif2.jpg": "a bunch of flowers sitting on top of a table", "24858-bourbon1.jpg": "a man and a woman standing next to each other", "12471-soldierx.jpg": "a black and white photo of a woman sitting in a chair", "02495-2seaso4.jpg": "a statue of a tree with a plant in it", "24712-ursula.jpg": "a group of people standing in front of a building", "19421-flower.jpg": "a vase filled with flowers sitting on top of a table", "40997-07wilton.jpg": "a group of women standing next to each other", "21948-4lastsu2.jpg": "a group of people sitting on top of a boat", "07201-canal403.jpg": "a group of people in a boat on a river", "10013-philippe.jpg": "a woman wearing a red shirt and a tie", "24758-virgchil.jpg": "a young boy sitting on the floor next to a baby", "37964-u_school.jpg": "a group of people sitting around a wooden table", "08034-gent_red.jpg": "a woman wearing a red shirt and red shirt", "15781-trompe.jpg": "a bunch of items hanging from a ceiling", "23238-predell4.jpg": "a group of people sitting around each other", "02765-finding.jpg": "a group of people standing next to each other", "41003-094bened.jpg": "a group of people standing around a building", "07803-09madonn.jpg": "a woman holding a baby next to a baby", "25096-crucifix.jpg": "a group of people standing around with horses", "04542-nativit.jpg": "a painting of a man standing under a umbrella", "21337-madameli.jpg": "an image of a woman in a blue jacket", "31269-building.jpg": "a group of people standing on top of a sandy beach", "23234-predell.jpg": "a statue of a man wearing a costume", "22421-5altar1.jpg": "a clock with a picture of a man on it", "07653-setterit.jpg": "a group of people standing around each other", "21564-abraham2.jpg": "a statue of a man riding on top of a statue", "22477-04adorat.jpg": "a woman with a teddy bear sitting in a chair", "31357-river_la.jpg": "a group of people riding horses on a hill", "35587-05fourme.jpg": "an image of a woman wearing a hat", "41334-045virgi.jpg": "a statue of a man wearing a costume and tie", "28838-eccehomo.jpg": "a woman is sitting on a wooden chair", "28768-7goltziu.jpg": "a close up of a person wearing a suit", "10826-stvaast4.jpg": "a group of people standing next to each other", "10114-19virgin.jpg": "a group of people standing next to each other", "14909-early11.jpg": "a painting of a bird sitting in front of a painting", "24361-lambert.jpg": "a man sitting on a couch next to a dog", "31142-7find02.jpg": "a group of people standing next to each other", "22765-venus_mi.jpg": "a group of people that are sitting on a couch", "03797-073madon.jpg": "a statue of a woman sitting in a chair", "04140-haarlemm.jpg": "a group of people in a field next to trees", "17554-12portra.jpg": "a close up of a person wearing a suit", "15908-09warrio.jpg": "a man sitting on top of a motorcycle", "38967-10carmin.jpg": "a group of people standing on top of a stone wall", "11128-early19.jpg": "a group of people riding horses on a beach", "07961-farnes05.jpg": "a wall with a painting on the wall", "10953-trompes1.jpg": "a group of people standing next to each other", "08407-madchild.jpg": "a statue of a man in a costume", "23295-07berna.jpg": "a group of people standing next to each other", "17069-paris19.jpg": "a forest filled with lots of trees and trees", "38606-landscax.jpg": "a herd of sheep walking across a dirt road", "17130-arles52.jpg": "a couple of people walking down a stone wall", "16903-old_road.jpg": "a small house with a tree in the back", "13258-scandroc.jpg": "a large body of water on top of a mountain", "14823-adultere.jpg": "a group of people standing in front of a building", "20438-triptych.jpg": "a statue of a man and a woman in a dress", "39776-03malta.jpg": "a man holding a cell phone in a dark room", "43060-campaign.jpg": "a group of people standing around a herd of horses", "04623-coriolan.jpg": "a group of people standing next to each other", "07012-stchristi.jpg": "a woman in a dress sitting on a couch", "39086-07agatha.jpg": "a group of people sitting on a bench", "20130-corridos.jpg": "a room with a mirror and a mirror", "28485-winter2.jpg": "a group of people and horses in a village", "38052-lamentat.jpg": "a group of people that are sitting on the ground", "00534-2east02.jpg": "a large group of people standing next to each other", "35971-rhenish.jpg": "a large church with a castle in the background", "06909-merrycom.jpg": "a group of people sitting around a table", "38193-panel1.jpg": "a couple of women standing next to each other", "08611-lastsupp.jpg": "a group of people sitting on a bench in a room", "38203-interior.jpg": "a group of people sitting on a wooden floor", "00598-09chris2.jpg": "a large stone wall with a stone wall", "19610-nordlin2.jpg": "a group of people standing next to each other", "20242-battle.jpg": "a large crowd of people are riding horses", "00272-view_stp.jpg": "a group of boats that are sitting in the water", "35171-cecilia.jpg": "a woman holding a book in front of a woman", "43434-calm_sea.jpg": "a boat that is floating in the water", "13003-couple.jpg": "a small child wearing a hat with a stuffed animal", "19918-05norfol.jpg": "a man wearing a hat and tie holding an umbrella", "40923-14tripty.jpg": "a group of people sitting next to each other", "25223-karlste.jpg": "the inside of a large building with a clock", "14060-boxopera.jpg": "a couple of people that are standing next to each other", "19504-crucifi.jpg": "a group of people on horses in a museum", "24599-st_john3.jpg": "a group of people standing around a table", "00005-deerlake.jpg": "a large tree in the middle of a field", "29138-portr_w.jpg": "a man sitting on a couch holding a stuffed animal", "15988-52border.jpg": "a horse that is standing on a building", "38070-saulendo.jpg": "a group of people standing next to each other", "32344-12ignazi.jpg": "a group of statues of people and statues", "37377-moret7.jpg": "an old house with a house in the background", "10694-flowers.jpg": "a painting of fruits and vegetables on a table", "23320-3brigid.jpg": "a group of people standing in front of a building", "37659-fruit.jpg": "a bunch of fruits and vegetables on a table", "04900-scholard.jpg": "a man sitting on a couch in a dark room", "18342-1408gred.jpg": "a man standing next to a brown horse", "03504-hercule1.jpg": "a group of people standing around a tree", "30969-platov.jpg": "a man in a black jacket and a black jacket", "00707-winter.jpg": "a snow covered building with a snow covered building", "09085-holyfami.jpg": "a man and a baby sitting on a table", "11317-505delac.jpg": "a painting of a person and a bird flying in the air", "05865-scrubbin.jpg": "a woman sitting on a table with a bowl of food", "24096-5grisai1.jpg": "a painting of a woman standing next to a statue", "36609-magic_fl.jpg": "a painting of a horse in the snow", "17440-loge.jpg": "a man sitting in front of a man holding a glove", "41409-17chape1.jpg": "a large ornate clock on a stone wall", "41691-04virgin.jpg": "a painting of a woman in a dress", "18529-carrying.jpg": "a large crowd of people standing around a rock", "00035-battle.jpg": "a group of people riding horses in a field", "18172-elisha.jpg": "a group of people standing around each other", "23473-portking.jpg": "a man wearing a leather jacket and tie", "11081-defeat.jpg": "a large body of water surrounded by rocks", "13097-scipio.jpg": "a group of people standing next to a statue", "13781-parable3.jpg": "a group of people standing around a palm tree", "23146-communio.jpg": "a group of women sitting next to each other", "37389-villene2.jpg": "a house that is sitting next to a tree", "42238-0307vela.jpg": "a man standing on top of a wooden surface", "27174-02peasan.jpg": "a man standing next to a stone wall", "30023-01paal.jpg": "a large tree in the middle of a field", "40865-09cross.jpg": "a statue of a woman standing next to a statue", "34005-1renoi07.jpg": "a statue of a person holding an umbrella", "18942-01poly.jpg": "a painting of a woman standing next to a building", "43155-progres1.jpg": "a group of people standing around a tree", "14511-diptych.jpg": "a picture of a man in a mirror", "39757-07flora.jpg": "a woman is laying down with a flower", "33600-05group.jpg": "a crowd of people are standing in a room", "32485-ambrose.jpg": "a group of people standing next to each other", "23450-holy_fam.jpg": "a man and a woman sitting next to each other", "08605-annunc.jpg": "a woman standing next to a group of people", "20517-2l2_up1.jpg": "a painting of a man sitting on top of a bed", "04788-parisoen.jpg": "a woman sitting on a couch next to a tree", "23420-thomas3.jpg": "a painting of a man sitting on a fireplace", "40736-04icon.jpg": "a couple of women standing next to a building", "40245-0view.jpg": "a building with a painting on the wall", "31315-altar_2.jpg": "a statue of a man holding an umbrella", "32670-graeff.jpg": "an old photo of a man in a costume", "35667-trinity.jpg": "a couple of women standing next to each other", "09826-pigot.jpg": "a man in a red jacket is holding a bag", "27086-woman_mi.jpg": "a black and white photo of a woman and a dog", "29393-castle3.jpg": "a body of water next to a body of water", "32194-portwyts.jpg": "a man sitting in a dark room holding a paper", "40872-13lastju.jpg": "a group of people standing next to each other", "05911-panigar2.jpg": "a statue of a man standing next to a wall", "08572-1variou2.jpg": "a painting of a painting of a painting on a wall", "37143-insanewa.jpg": "a group of people standing around a room", "10671-coronatx.jpg": "an old and white photo of a building and a clock", "33292-couple3.jpg": "a woman wearing a hat and a hat", "13817-po_anno.jpg": "a man wearing a hat and holding a book", "26082-25notri1.jpg": "a woman standing in front of a mirror", "34707-debacle.jpg": "a woman is standing in the water with a book", "44790-stfranci.jpg": "a statue of a man reading a book", "43857-oriental.jpg": "a group of people riding horses in front of a building", "35574-20brant.jpg": "a woman in a dress sitting on a couch", "33618-07sp1629.jpg": "a close up of a person wearing a jacket", "35057-stpeter.jpg": "a group of people standing around a table", "23294-06lucina.jpg": "a woman in a dress is holding a <unk>", "21104-landscap.jpg": "a group of people standing next to a stone church", "39592-2pesaro0.jpg": "a group of people standing around a statue", "00819-marco_p9.jpg": "a couple of women sitting on top of a wooden bench", "03016-06_3ages.jpg": "a couple of women standing next to each other", "06590-5sense1.jpg": "a living room filled with lots of furniture and decorations"}