{"27136-still_8.jpg": "a bunch of fruit that are in a tree", "31249-hunting.jpg": "a group of people standing around a group of elephants", "37679-akitchen.jpg": "a black and white photo of a woman in a kitchen", "18136-crypt_sm.jpg": "a black and white photo of a brick building", "22208-healing.jpg": "a large group of people standing in the middle of a forest", "42011-stupinig.jpg": "a large clock hanging from the ceiling of a building", "13285-self-port.jpg": "a man sitting in a chair next to a potted plant", "16386-chris14.jpg": "a group of people sitting next to a building", "14037-adorati.jpg": "a man standing next to a brown horse", "26043-13nocel1.jpg": "a large mirror with a painting on it", "05517-10primav.jpg": "a group of women standing next to a group of horses", "18523-1spring.jpg": "a group of people standing around in a courtyard", "04387-adoratio.jpg": "a statue of a woman standing next to a statue", "38220-poynton.jpg": "a man and a woman standing next to a horse", "13720-3altar.jpg": "a group of people sitting on top of a wall", "21319-08newbo.jpg": "a couple of women sitting next to each other", "23683-assumpti.jpg": "a group of people standing next to each other", "08931-eccehomo.jpg": "a group of people standing in front of a building", "43592-9peace.jpg": "a group of people sitting on top of a couch", "38749-colbert.jpg": "a group of people standing around a building", "07970-farnes15.jpg": "a man is sitting on a rock with a dog", "33651-00misc.jpg": "a group of people standing next to each other", "08031-faustina.jpg": "a close up of a person with a dog", "16036-franc13.jpg": "a large building with statues and statues on it", "42414-wrecked.jpg": "a boat that is sitting in the water", "29831-expulsio.jpg": "a painting of a woman in a dress", "42844-10venus.jpg": "a woman sitting on a horse next to a woman", "21170-panoram2.jpg": "a boat floating on top of a lush green field", "19214-78noport.jpg": "a man in a black jacket and a black jacket", "03934-saints_2.jpg": "a man with a beard is taking a picture of himself", "13107-ships_pe.jpg": "a boat that is sitting in the water", "23744-welzer1.jpg": "a man wearing a hat and a tie", "10407-13crucif.jpg": "a man standing next to a large elephant", "29903-summerla.jpg": "a group of people sitting on top of a boat", "10324-09elect5.jpg": "a man wearing a hat and a hat", "41445-12galati.jpg": "a painting of a painting on a wall", "34996-16italia.jpg": "a painting of a man and a painting on a wall", "18093-3salome.jpg": "a group of people standing around a table", "18101-1pisa1.jpg": "a black and white photo of a tree in the snow", "03978-bello206.jpg": "a large body of water next to a river", "28365-2market.jpg": "a couple of women standing next to each other", "14353-artleers.jpg": "a group of people sitting around a living room", "06984-03pont.jpg": "a man in a hat standing in front of a building", "37035-holyfami.jpg": "a group of people standing in front of a building", "03693-scenes.jpg": "a building that has a clock on it", "29460-antwerp1.jpg": "a group of people standing outside of a building", "05107-4samoilo.jpg": "a woman sitting in front of a christmas tree", "41519-virgin_j.jpg": "a painting of a man and a woman sitting on a bench", "04210-montserra.jpg": "a group of people standing in a room", "10280-07portra.jpg": "a man in a black shirt holding a guitar", "41481-viewgeno.jpg": "a large building with a mountain in the background", "29695-dutchshi.jpg": "a large boat floating on top of a body of water", "03020-08pruden.jpg": "a woman standing next to a statue of a giraffe", "42003-pair2.jpg": "a man holding a black and white dog", "41576-11scrove.jpg": "a statue of a man standing next to a statue", "38687-readin_m.jpg": "a woman is standing in front of a painting", "44557-02monza.jpg": "a group of people standing next to each other", "22806-banksein.jpg": "a wooded area with trees and trees in the background", "42402-kaagsmal.jpg": "a group of boats floating on top of a body of water", "35271-5pieta.jpg": "a group of people that are laying down", "13470-wife.jpg": "a woman sitting on a couch with a pair of scissors", "42185-madonna.jpg": "a group of people sitting on a couch", "02786-still_li.jpg": "a vase filled with flowers on top of a table", "34321-1zane3.jpg": "a close up of a person sitting on a table", "26336-musical.jpg": "a group of people standing in a room", "14383-carrying.jpg": "a picture of a group of people in a painting", "05773-adoratio.jpg": "a group of people standing on top of a building", "39134-02zianig.jpg": "a room with a painting and a painting on the wall", "00799-perugia3.jpg": "a couple of women standing next to each other", "43620-attack.jpg": "a group of people standing around a horse drawn carriage", "28804-2oedipus.jpg": "a statue of a woman standing next to a statue", "34928-09gartem.jpg": "a statue of a cow standing next to a statue", "21254-adoratio.jpg": "a large group of people standing next to each other", "17819-803goya.jpg": "a black and white photo of a man and a woman", "41946-view_huy.jpg": "a group of people standing next to a mountain", "39673-11madonn.jpg": "a woman laying in a bed with a dog", "14254-3annunc.jpg": "a statue of a woman standing next to a statue", "21940-4ermine.jpg": "a woman with a dog in her lap", "31918-flowers2.jpg": "a vase of flowers sitting on a table", "15183-condotti.jpg": "a man in a costume is standing in a room", "27168-ophelia.jpg": "a painting of a bird in a garden", "19511-lamentax.jpg": "a group of people sitting on top of a table", "38237-cecilia2.jpg": "a young boy sitting on top of a motorcycle", "20146-seymour.jpg": "a woman in a black shirt and a tie", "14081-port_lad.jpg": "a young boy sitting on top of a bed", "16729-allegory.jpg": "a group of people standing around a statue", "19774-tahiti.jpg": "a view of a mountain with mountains in the background", "08486-01early.jpg": "a picture of a woman in a dress", "21231-hip-hip.jpg": "a group of people sitting around a table", "14968-tahiti14.jpg": "a man sitting on the floor next to a man", "05165-2borsos.jpg": "a group of people sitting on top of a bed", "37987-adoratio.jpg": "a group of people sitting next to each other", "41442-09galati.jpg": "a painting of a man and a woman on a stage", "12423-consul.jpg": "a couple sitting on a bench under a canopy", "34909-01catala.jpg": "a large cathedral with a large ornate clock", "40737-05icon.jpg": "a woman is sitting on a red bench", "44064-5crucifi.jpg": "a statue of a man in a suit and tie", "20939-outpost.jpg": "a man holding a bottle and a dog in a forest", "35581-25titia2.jpg": "a close up of a person with a beard", "20806-polypty9.jpg": "a couple of women sitting next to each other", "05719-06prince.jpg": "a statue of a man in a white dress", "36325-gregory.jpg": "a man in a red shirt and a dog", "37113-scene28.jpg": "a group of people standing next to each other", "15334-colonna8.jpg": "a group of people standing around a statue", "06955-snow_fog.jpg": "a view of a city in a city", "17949-w_river.jpg": "a large group of people walking on a beach", "32644-shepherd.jpg": "a herd of cattle walking across a forest", "25194-descent2.jpg": "a group of people standing around a statue", "16349-virtu_7.jpg": "a statue of a man standing next to a statue", "22188-portrai1.jpg": "a woman standing next to a wall in a room", "37873-beheadin.jpg": "a group of people standing next to each other", "34414-still_lif.jpg": "a bunch of vases sitting on top of a table", "09628-noli_me.jpg": "a woman standing next to a woman next to a woman", "23514-portrait.jpg": "a woman in a dress holding a glass", "13912-blessing.jpg": "a group of people laying on top of a bed", "03510-marriage.jpg": "a group of people sitting on top of a wooden floor", "17905-duneland.jpg": "a group of people sitting on the side of a dirt road", "38717-ijacob.jpg": "a group of people standing around a table of food", "08427-boy_bask.jpg": "a woman is sitting on the floor with a basket", "35343-reading.jpg": "a woman reading a book on a chair", "43079-valcken2.jpg": "a woman in a dress sitting on a bench", "08642-01attrib.jpg": "a man wearing a hat sitting in a chair", "42912-3landsc.jpg": "a view of a horse and horse in a window", "35622-05hermit.jpg": "a man and a woman are laying on a bed", "18218-0311grec.jpg": "a woman sitting on a couch with a dog", "18965-stillife.jpg": "a dog laying next to a bowl on the ground", "10965-106david.jpg": "a dog laying on its back on a bed", "23982-sanluca5.jpg": "a man sitting in front of a clock", "33467-02mythol.jpg": "a group of people standing around a group of elephants", "10405-12sorrow.jpg": "a close up of a shirtless man wearing a shirt", "06111-joseph.jpg": "a group of people walking down a street", "12283-verso22.jpg": "a painting of a man standing next to a painting", "12300-23castel.jpg": "a woman in a brown shirt holding a piece of paper", "19766-woodedla.jpg": "a large tree that is in the sky", "22672-00view.jpg": "a large cathedral with a clock and a statue", "08532-1lands06.jpg": "a yellow train car sitting in front of a building", "18329-1303grec.jpg": "a man standing next to a man in a costume", "06764-p_woman3.jpg": "a person wearing a hat and a hat", "02916-shipping.jpg": "a boat that is floating in the water", "33512-17portra.jpg": "a man in a black jacket is holding a fork", "29358-dantevir.jpg": "a statue of a man standing in front of a building", "36522-riverlan.jpg": "a group of people in a boat on a river", "38512-competit.jpg": "a group of people standing in front of a building", "21939-3virg_l.jpg": "a couple of women standing next to each other", "21516-p_david.jpg": "a man in a suit holding a box", "07051-fisherma.jpg": "a man standing on top of a rocky hillside", "28369-basketap.jpg": "a wooden table topped with apples and apples", "09253-bearded.jpg": "a flock of birds sitting on top of a rock", "13144-judith.jpg": "a large brown dog sitting on top of a chair", "21840-shrine.jpg": "a couple of people standing next to each other", "02906-tributem.jpg": "a group of people standing around each other", "31014-st_josep.jpg": "a close up of a person holding a baby", "09565-corot161.jpg": "a woman in a dress sitting on a ledge", "23887-5late06.jpg": "a statue of a man sitting in front of a building", "32664-merrymak.jpg": "a group of people standing next to each other", "24071-3sposi02.jpg": "a painting of a painting of a man and a dog", "23009-salzburg.jpg": "a large building with a mountain in the background", "38961-05worshj.jpg": "a large ornate glass and a clock", "06627-virgflow.jpg": "a picture of a woman in a christmas tree", "00107-vasewatc.jpg": "a bouquet of flowers sitting on a table", "44619-nativity.jpg": "a couple of women standing next to a white horse", "19406-stillif1.jpg": "a table that has some food on it", "38975-13neptun.jpg": "a couple of people that are laying down", "43936-calling.jpg": "a group of people standing next to an umbrella", "17982-06scene.jpg": "a statue of a woman standing next to a statue", "29855-haneton1.jpg": "a group of men sitting down next to each other", "38707-bagpipe.jpg": "a man sitting on a couch holding a pair of scissors", "14149-06landsd.jpg": "a herd of cattle standing on top of a hill", "16517-11navice.jpg": "a group of people standing in front of a large building", "42810-4enthron.jpg": "a group of people sitting on top of a table", "29797-landscap.jpg": "a herd of animals standing on top of a lush green hillside", "03239-spaniels.jpg": "two dogs that are standing on the beach", "08956-roemer.jpg": "a couple of glasses sitting on top of a table", "42967-01view.jpg": "a building with a clock on the wall", "10635-pairs1.jpg": "a picture of a man standing in front of a mirror", "36803-death_a.jpg": "a group of people sitting on a beach", "14680-quatref5.jpg": "a couple of women sitting on top of a table", "09386-thegrove.jpg": "an old photo of a large stone building", "23858-3manet17.jpg": "a black and white photo of a woman sitting in a bed", "20374-14ingres.jpg": "a man sitting on a bench next to a woman", "27070-portvere.jpg": "a man standing in front of a building", "14474-405fried.jpg": "a tree in the middle of a forest", "38825-timetrut.jpg": "a group of people playing with a dog", "09829-boating.jpg": "a man in a boat on a river", "22452-rome2.jpg": "a beach with people walking and walking around", "37914-nicholas.jpg": "a group of people standing around a table in a room", "17196-cypres07.jpg": "a statue of a man standing next to a tree", "01100-madonna.jpg": "an old photo of a woman sitting next to a baby", "39382-31proba.jpg": "a group of people sitting in front of a building", "40821-stilbook.jpg": "a pile of fabric sitting on top of a table", "11132-early23.jpg": "a woman sitting on a couch reading a newspaper", "04587-young_wo.jpg": "a woman holding a cat and a cat", "22473-02mad_c.jpg": "a woman standing next to a woman holding a baby", "17254-auvers14.jpg": "a statue of a bear standing next to a statue", "22464-marie_ad.jpg": "a woman laying in bed reading a book", "31960-03galuzz.jpg": "a group of people standing next to each other", "22481-07annun1.jpg": "a painting of a woman in an orange dress", "21888-hercules.jpg": "a man holding a baby on a bed next to a man", "09867-courb207.jpg": "a man and a woman sitting in the rain", "42500-mountlan.jpg": "a mountain with a mountain in the background", "42631-30lacem.jpg": "a little girl sitting in a chair in a room", "42392-calmsea1.jpg": "a group of boats floating in the water", "39376-29lazar.jpg": "a group of people standing next to each other", "39122-hercules.jpg": "a painting of a man standing next to a painting", "36565-charity.jpg": "a group of people standing next to each other", "19866-5tuke.jpg": "a man wearing a hat with a hat on", "25110-3diptych.jpg": "a picture of a man and a woman", "28491-village2.jpg": "a group of people sitting around a tree", "37092-lamenta1.jpg": "a group of people sitting in a room", "09684-5apollo3.jpg": "a large ornate clock is displayed on a wall", "19447-stillobs.jpg": "a table with a blender and other items on it", "35875-dianaact.jpg": "a group of statues in front of some trees", "37483-s_basket.jpg": "a red teddy bear sitting on top of a red couch", "39353-09jacob.jpg": "a painting of a woman and a dog", "18924-24morphe.jpg": "a group of people laying on a bed", "23010-sonnblic.jpg": "a mountain with a mountain in the background", "08002-margaret.jpg": "a man standing on top of a stone wall", "33435-03oldter.jpg": "a statue of a man sitting on a horse", "35873-rockylan.jpg": "a herd of animals standing on top of a grass covered hillside", "08948-pendant1.jpg": "a man standing in front of a large statue", "05062-youngman.jpg": "a woman standing next to a woman holding a wine glass", "06679-thecreek.jpg": "a reflection of a man walking in front of a tree", "39956-holyfami.jpg": "a group of people sitting on a couch", "08106-caress.jpg": "a couple of women standing next to each other", "09865-courb205.jpg": "a woman sitting on a chair in a room", "06281-portrai1.jpg": "a man wearing a hat and a black hat", "42383-livorno.jpg": "a black and white photo of a clock tower", "35628-night_sc.jpg": "a man and a woman standing next to each other", "03528-chessboa.jpg": "a table with a table and a vase on it", "17059-paris09.jpg": "a brown bear laying down on the ground", "38767-deesis6.jpg": "a painting of a woman standing next to a building", "28820-sophia_h.jpg": "a woman holding a baby in her arms", "11212-1890s_07.jpg": "a man and a dog in the water", "39120-figures.jpg": "a statue of a man sitting next to a man", "43175-princehe.jpg": "a woman sitting on a bed in a room", "39183-16valmar.jpg": "a person jumping in the air with a dog", "42720-storm_sh.jpg": "a boat that is sitting in the dirt", "24064-2sposi112.jpg": "a statue of a man and a statue of a man", "16495-13polypt.jpg": "a statue of a man in a red shirt", "16949-1portina.jpg": "a picture of a group of people", "02517-4waiter.jpg": "a wooden table topped with lots of items", "10751-mormons.jpg": "a group of people standing around a kitchen", "13321-20arnolf.jpg": "a man wearing a red jacket and a tie", "15628-port_wom.jpg": "a woman in a hat is wearing a hat", "00912-armadio8.jpg": "a group of people standing next to each other", "00956-03prede1.jpg": "a group of people standing next to each other", "11184-1880s_04.jpg": "a teddy bear sitting on top of a suitcase", "26134-36ursu04.jpg": "a group of people in a boat in a building", "33285-venus_sa.jpg": "a man holding a child in a room", "24946-bluejea4.jpg": "a couple of people that are sitting down", "38433-01szinye.jpg": "a man with a hat standing next to cows", "10935-annuncia.jpg": "a woman in a blue coat is sitting on a chair", "44745-ruspoli2.jpg": "a group of people sitting on top of a statue", "35038-portrai2.jpg": "a woman sitting on a chair in a dark room", "05435-08madon.jpg": "an old photo of a woman sitting next to a woman", "42082-02deposi.jpg": "a group of people standing next to each other", "00196-6corsini.jpg": "a painting of a man sitting on top of a clock", "03598-1trinity.jpg": "a group of people standing on a wooden bench", "00586-07passi2.jpg": "a close up of a wall of a brick wall", "28855-roch_ang.jpg": "a man sitting on the ground next to a man", "11658-1valle4.jpg": "a group of people sitting on top of a statue", "12175-cro_f_2.jpg": "a group of people standing next to each other", "08004-penitent.jpg": "a statue of a man in a brown shirt", "39569-07madonn.jpg": "a woman standing next to a woman holding a baby", "19404-stilli.jpg": "a plate of food sitting on top of a table", "38778-silvio_d.jpg": "a couple of people that are laying on a bed", "19071-merr_com.jpg": "a group of people sitting around a living room", "12439-spirits.jpg": "a couple of people standing next to a mountain", "19800-rake_3.jpg": "a group of people sitting around a large room", "06993-09bather.jpg": "a statue of a man standing in front of a waterfall", "32684-achilles.jpg": "a group of people that are standing around", "38910-01martyx.jpg": "a man with a dog and a horse", "43067-port_man.jpg": "a man wearing a hat and a hat", "21762-muses2.jpg": "a group of people sitting on a bench reading a book", "05459-2libro.jpg": "a statue of a man sitting on a bench", "23404-coalbroo.jpg": "a black and white photo of a building and a building", "37202-throne.jpg": "a painting of a man sitting next to a statue", "30541-soldiers.jpg": "a group of people riding horses on a beach", "33302-flowers1.jpg": "a vase of flowers sitting on a table", "26591-07_3ce7.jpg": "a group of people that are sitting down", "12094-bethesda.jpg": "a group of people standing next to a building", "26289-school.jpg": "a group of people standing around a table", "16005-02bay1.jpg": "a building with a painting on the wall", "20495-esther_a.jpg": "a group of people standing in front of a building", "03382-kitchen.jpg": "a table with a vase and a bunch of stuff on it", "04024-2vajk.jpg": "a statue of a man on a horse", "44259-oude3.jpg": "a group of people standing in front of a building", "43532-familypo.jpg": "a group of people sitting around a table", "38410-laundry.jpg": "an old photo of a group of people and horses", "34269-phaeton.jpg": "a statue of a man on a horse", "28777-christ_c.jpg": "a man in a brown shirt and a black dog", "34345-mo_tasso.jpg": "a man and a woman sitting on steps", "24114-scene2.jpg": "a group of people sitting on top of horses", "34402-mother.jpg": "a couple of women sitting next to each other", "42901-2loggia2.jpg": "a woman with a dog sitting next to a dog", "03423-12calvar.jpg": "a bunch of animals that are laying on a bed", "30408-pallas_a.jpg": "a woman holding a <unk> in her hands", "39428-1antico3.jpg": "a group of men standing on top of a horse", "03902-183madon.jpg": "a group of people standing next to each other", "19072-merry_co.jpg": "a group of people sitting around a table", "39060-4virgil31.jpg": "a painting of a woman standing next to a statue", "25102-4lamenta.jpg": "a couple of people that are sitting next to each other", "39453-0gonzaga.jpg": "a statue of a man sitting on top of a rock", "22967-34elepha.jpg": "a large elephant standing on top of a wooden table", "14660-10baronc.jpg": "a statue of a man and a group of animals", "40054-1redhea4.jpg": "a picture of a man with a face on his face", "32342-10ignazi.jpg": "a group of people sitting on top of a building", "38845-2scene5.jpg": "a group of people that are standing around", "30413-steccatd.jpg": "a large wooden wall with a clock on it", "03209-port_wom.jpg": "a close up of a person wearing a sweater", "19036-land_riv.jpg": "people are sitting on the grass near a river", "09645-battle_s.jpg": "a group of people standing in front of a building", "19739-selfport.jpg": "a man sitting in front of a mirror", "17524-3adamev1.jpg": "a statue of a man standing next to a statue", "00939-60bosco1.jpg": "a group of people standing next to each other", "31034-cybele.jpg": "a group of people sitting on top of a bed", "31462-burial.jpg": "a group of people standing in front of a building", "00331-b_christ.jpg": "a group of people sitting on top of a bed", "19216-79selfpo.jpg": "a man wearing a black hat and a black hat", "17045-still04.jpg": "an old painting of an elephant in a field", "08564-4still1.jpg": "a table topped with vases and a vase", "08658-08h_card.jpg": "a statue of a man wearing a hat and a hat", "17145-arles67.jpg": "a group of people standing next to a building", "44744-ruspoli1.jpg": "a large room with a bunch of statues in it", "07663-carlev08.jpg": "a large group of people standing in front of a building", "24031-7virgin.jpg": "a man with a baby in his lap", "10524-st_james.jpg": "a picture of a man standing in front of a mirror", "10335-1couple1.jpg": "a couple of women standing next to each other", "37972-stillif3.jpg": "a display of fruits and vegetables on a table", "18813-triumph1.jpg": "a painting of a man and a dog in a mirror", "19572-2children.jpg": "a woman in a white dress is sitting on a horse", "28686-7liliy08.jpg": "a picture of a painting of the water", "19919-06ladyri.jpg": "a man wearing a hat and a hat", "26663-05_6si3.jpg": "a statue of a man sitting on top of a book", "20104-30hooch.jpg": "a couple of women standing next to a building", "05890-standrew.jpg": "a group of people standing next to each other", "03494-portrait.jpg": "a woman standing in front of a fireplace", "17958-01marco3.jpg": "a group of people standing next to each other", "17727-214goya.jpg": "a woman in a red dress standing next to two cats", "31106-2proce12.jpg": "a couple of men standing next to each other", "43512-poppies.jpg": "a picture of a painting of flowers in a tree", "06304-bowl.jpg": "a white vase sitting on top of a table", "16794-4west1.jpg": "a group of people in a swimming pool", "33567-096portr.jpg": "a woman riding on the back of a horse", "29255-107muril.jpg": "a man sitting on a couch next to a baby", "17487-6norfol4.jpg": "a man in a black shirt and a tie", "10511-coronat.jpg": "a group of people standing next to each other", "26051-13nodo3.jpg": "a woman is holding a glass of wine", "39961-01early.jpg": "a group of horses that are in the water", "19758-wat_mill.jpg": "a house with a tree in the background", "34015-1renoi16.jpg": "a boy is sitting on a rock in the water", "16760-0view1.jpg": "a painting of a man sitting on top of a stone wall", "31392-paolina1.jpg": "a group of people standing next to each other", "34681-bentiv_2.jpg": "a woman in a brown dress holding a wooden object", "13573-1concer1.jpg": "a group of people standing next to each other", "08025-queenmar.jpg": "a woman sitting on a bench in a living room", "37286-10orviet.jpg": "a group of people standing next to each other", "24117-scene3a.jpg": "a group of people standing around a building", "08900-cruci_a.jpg": "a statue of a man with a hat on", "22939-06thelit.jpg": "a group of people standing in a living room", "38932-11alvisf.jpg": "a group of people standing next to each other", "03153-christ.jpg": "a close up of a person wearing a red shirt", "34973-3naturno.jpg": "a painting on a wall with a painting on it", "09227-agony.jpg": "a group of people standing around a stone wall", "17007-nuenen22.jpg": "a black and white photo of a person standing in the water", "18062-1view1.jpg": "a room with a clock on the wall", "44042-3john.jpg": "a man in a white dress is sitting on a bench", "15458-3vault.jpg": "a table with a painting on it and a clock", "03316-playlute.jpg": "a woman holding a remote control in her hands", "32425-venice2.jpg": "a building that has a bunch of stuffed animals on it", "06238-3tondo3.jpg": "a man that is sitting in a mirror", "40134-port_wom.jpg": "a woman wearing a hat and a hat", "23337-04bishop.jpg": "a man wearing a hat and holding a tie", "30772-5cato.jpg": "a statue of a woman in a red dress", "29893-mourning.jpg": "a group of people sitting on a bed", "28565-other7.jpg": "a group of people standing in a field", "13851-magi.jpg": "a group of women standing next to each other", "42275-0609vela.jpg": "a man standing next to a man in a suit", "03386-stillins.jpg": "a clock sitting on top of a table", "15096-burning2.jpg": "a group of people standing next to each other", "17262-auvers22.jpg": "a painting of a wall with a mural on it", "44347-shooting.jpg": "a picture of people standing in front of a window", "41375-06madonn.jpg": "a woman standing next to a statue of a bear", "42660-vanitas.jpg": "a painting of a painting on a table with a painting on it", "18232-0502grec.jpg": "a clock on the side of a building", "44231-transien.jpg": "a group of people sitting in a room", "00664-trinity.jpg": "a group of people standing next to each other", "43717-wienerwa.jpg": "a group of people standing in the woods", "02890-il_gesu.jpg": "a clock that is on top of a building", "35002-07spanis.jpg": "a painting of a painting of a woman on a wall", "05652-chinese2.jpg": "a group of people sitting on top of a boat", "32083-underbru.jpg": "a painting of a group of people in a room", "21814-tudors.jpg": "a group of people standing next to each other", "05799-chapel.jpg": "an old stone building with a stone wall", "34032-2renoi13.jpg": "a crowd of people riding on the backs of horses", "24617-canon.jpg": "a man sitting on a table holding a cell phone", "33622-10sp1634.jpg": "a man wearing a black hat and a black hat", "29251-104muril.jpg": "a group of people that are standing around", "28550-argent10.jpg": "a view of a river with a boat in it", "10502-annunci.jpg": "a room filled with lots of people and statues", "35992-joan_arc.jpg": "a woman sitting on a couch with her legs crossed", "26297-selfport.jpg": "a man in a suit sitting in a room", "29333-carnival.jpg": "a crowd of people standing around a horse drawn carriage", "10054-stillif2.jpg": "a wooden table topped with lots of fruit", "26716-lu09asa.jpg": "a couple of people sitting on top of a bench", "17039-flower12.jpg": "a close up of a black and black umbrella", "13439-alfieri.jpg": "a woman sitting on a couch holding a tie", "44253-nieuwe3.jpg": "a group of people standing in front of a building", "18748-guard214.jpg": "a large building with a clock on it", "21375-5senses.jpg": "a group of people sitting around a living room", "16366-trompe1.jpg": "a building with a window and a window", "37419-woman_cl.jpg": "a man sitting in a chair in front of a wall", "15264-102geric.jpg": "a statue of a man sitting on a horse", "22696-21birth.jpg": "a group of people sitting in front of a church", "24315-baynaple.jpg": "a large body of water next to a river", "20056-03oldwom.jpg": "a man in a red jacket holding a teddy bear", "37879-virgin_p.jpg": "a couple of people sitting on a bed", "35810-flowers4.jpg": "a bouquet of flowers in a vase on a table", "35120-self_por.jpg": "a woman holding a statue of a bear", "18859-liberati.jpg": "a group of people sitting on top of a couch", "12398-angivill.jpg": "a statue of a man sitting on a wooden chair", "17250-auvers10.jpg": "a painting of a painting on the side of a green wall", "36327-rest_fli.jpg": "a group of people standing around a horse", "43735-swagflow.jpg": "a bunch of colorful flowers in a tree", "28480-viewcity.jpg": "a group of horses walking down a street", "43636-dancepa.jpg": "a large group of people standing around a building", "30737-port_man.jpg": "a man in a dress holding a book", "39999-1misc01.jpg": "a statue of a bear wearing a hat", "31806-lupins.jpg": "a body of water sitting next to a body of water", "06585-windmill.jpg": "a group of people standing around some horses", "42802-3annunc2.jpg": "a woman is standing in front of a vase", "00210-phaeton3.jpg": "a statue of a man sitting on top of a table", "09569-corot18.jpg": "a black and white photo of a woman wearing a hat", "06864-annuncia.jpg": "a large window with a painting on the wall", "39172-10valma.jpg": "a group of people sitting in a room", "17714-201goya.jpg": "a woman riding on the back of a horse", "12142-marne.jpg": "a large stone wall sitting next to a lush green field", "32282-10moses.jpg": "a group of people sitting on top of a sandy beach", "26129-36ursu.jpg": "a large building with a large clock on it", "25875-manzaned.jpg": "a man sitting on a bed in a bedroom", "32534-8apollo.jpg": "a group of people standing next to a statue", "41183-zhairy2.jpg": "a close up of a person wearing a white shirt", "14596-stilhare.jpg": "a couple of animals that are laying down", "36730-capricci.jpg": "a view of a bridge over a building", "35701-windmill.jpg": "a large building with a crane on top of it", "30260-s_conver.jpg": "a group of people sitting on top of a couch", "12467-clowns.jpg": "a statue of a man riding on a horse", "05314-01tripty.jpg": "a group of people standing in a train window", "29864-virgin_lo.jpg": "a statue of a person sitting on a bench", "31465-odysseus.jpg": "a group of people standing around a window", "30412-steccata.jpg": "a room with a wall with a clock on it", "03898-187madon.jpg": "a group of people standing next to each other", "39885-market2.jpg": "a group of people sitting around a stone wall", "02977-balassi2.jpg": "a couple of women standing next to each other", "06166-mill.jpg": "a black and white photo of a man on a bicycle", "14518-annunci.jpg": "a couple of women standing next to each other", "06299-seateddr.jpg": "a group of people sitting on a wooden bench", "24413-battle.jpg": "a group of people riding horses on a beach", "23263-06assump.jpg": "a group of people standing around a christmas tree", "03589-06ventur.jpg": "a group of people standing in front of a building", "35596-14fourme.jpg": "a woman is holding a piece of food", "08951-breakfas.jpg": "a table that has some food on it", "31775-straub.jpg": "a woman in a red shirt and a tie", "03921-211noah.jpg": "a couple of people that are laying down", "20011-fowl_riv.jpg": "a flock of birds that are standing in the water", "34116-padua3.jpg": "a group of people standing next to each other", "14916-2martin2.jpg": "a woman standing next to a tree next to a tree", "43591-9marymag.jpg": "a woman sitting on top of a bed next to a tree", "04813-virginch.jpg": "a man sitting on a ledge looking at his phone", "31981-16casa.jpg": "a man in a black jacket holding a piece of paper", "43679-viewdel1.jpg": "a view of a city in a city", "06336-22other.jpg": "a picture of a rock in a field", "26012-07noporw.jpg": "a man wearing a hat and a hat", "11644-2scene2.jpg": "a group of people standing next to a group of horses", "11659-1valle5.jpg": "a person that is laying down with a dog", "11327-514delac.jpg": "a painting of a man sitting in front of a painting", "24887-stjerome.jpg": "a man standing next to a statue of a man", "05266-2hell2.jpg": "a black and white photo of a man and a dog", "20888-poniatow.jpg": "a man in a red shirt and a tie", "44206-lostrail.jpg": "a group of people riding on the backs of horses", "02917-smalldut.jpg": "a group of boats that are floating in the water", "25321-triptyc1.jpg": "a group of people sitting on a stage", "37242-20dream.jpg": "a couple of women standing next to each other", "37983-prisonin.jpg": "a person sitting on a sidewalk in a building", "28514-early23.jpg": "a view of a city in a city", "09280-colonna8.jpg": "a statue of a man sitting on top of a building", "41321-031cruci.jpg": "a statue of a man holding a giant clock", "19620-catherin.jpg": "a group of people standing around each other", "24867-st_victor.jpg": "a man standing next to a woman in a costume", "05588-032domin.jpg": "a man standing in front of a body of water", "38602-kermis2.jpg": "a group of people standing in front of a hut", "25960-noahark5.jpg": "a group of people standing in front of a building", "18269-0808grec.jpg": "a black and white photo of a man with a tie", "35495-27mythol.jpg": "a group of people standing around a cow", "21504-fiorenti.jpg": "a painting of a clock on the side of a wall", "03832-130portr.jpg": "a man in a red shirt is looking at the camera", "15901-02laura.jpg": "a woman sitting in a chair holding an umbrella", "38528-carthusi.jpg": "a statue of a man standing next to a tree"}