{"28627-1vario02.jpg": "a man holding an umbrella in the ocean", "29267-201muril.jpg": "a woman sitting on a bench next to a child", "39617-1resurr1.jpg": "a shirtless man doing a trick on a rock", "00127-stillife.jpg": "a painting of a man standing next to a statue", "14089-ursins.jpg": "a man in a red jacket sitting in front of a bed", "29957-barn_int.jpg": "a black and white photo of a room with cows", "20137-stil_lif.jpg": "a suit case sitting on top of a wooden floor", "38559-archduke.jpg": "a room filled with pictures and pictures", "36934-roy_navy.jpg": "a group of boats that are floating in the water", "05562-21predel.jpg": "a woman sitting on the ground next to a bench", "12003-conversa.jpg": "a group of people that are sitting in a room", "32645-1mercury.jpg": "a group of people standing next to a tree", "07311-taggia.jpg": "a picture of a man standing in front of a building", "38350-ferdina.jpg": "a close up of a person wearing a suit", "04809-gypsy_g.jpg": "a close up of a person wearing a hat", "05416-italianl.jpg": "a group of people riding on the backs of horses", "16107-mary10.jpg": "a group of women standing next to each other", "22459-saints.jpg": "a man standing next to a group of animals", "44249-market1.jpg": "a group of people sitting around a motorcycle", "35809-flowers3.jpg": "a bouquet of flowers in a flower pot", "23497-vanitas1.jpg": "a couple of pictures that are on a table", "15874-medici01.jpg": "this is a picture of a large room", "44091-3visitat.jpg": "a man and woman standing next to each other", "34226-breton.jpg": "a group of people sitting in a room", "35268-41virgin.jpg": "a group of people standing next to each other", "25927-cremona2.jpg": "a group of people standing around a fire place", "03825-112madon.jpg": "a man in a blue jacket holding a baby", "35706-hunt.jpg": "a tree in the middle of a field", "09279-colonna7.jpg": "a group of people standing next to a statue", "02767-mockingjo.jpg": "a black and white photo of a man and a man", "38672-woman_r.jpg": "a couple of women sitting at a table", "29319-viewflor.jpg": "a person sitting in front of a large body of water", "36813-organ1.jpg": "a statue of a man in a dress", "12277-verso19.jpg": "a group of people standing next to each other", "24947-borgo1.jpg": "a statue of a man standing next to a statue", "26599-09_3ce9.jpg": "a man standing next to a man holding a dog", "12508-3paumg.jpg": "a painting of a man standing next to a statue", "11123-early14.jpg": "a couple of women standing next to each other", "30665-stilfrui.jpg": "a bunch of fruits and vegetables on a table", "32444-concert2.jpg": "a couple of women sitting next to each other", "28557-argent17.jpg": "a bridge over a body of water with a bridge", "42984-2ceres.jpg": "a group of people sitting on top of elephants", "07248-canal617.jpg": "a large building with a large building in the background", "09430-6shells.jpg": "a cat laying on top of a wooden table", "39618-1resurr2.jpg": "a young boy standing in front of a crowd", "07452-01bacch.jpg": "a man sitting in a chair holding a bunch of grapes", "13507-zodiac11.jpg": "a group of people standing next to a building", "21629-lister.jpg": "a man standing next to a wall holding a banana", "32528-2princes.jpg": "a man sitting on top of a blanket next to a statue", "36300-virgin_c.jpg": "a little boy sitting on a table next to a woman", "06210-eleonord.jpg": "a woman sitting in a round round mirror", "19377-73hayez.jpg": "a black and white photo of a woman in a black jacket", "36700-holyfami.jpg": "a group of people sitting on top of a couch", "32884-2panel1.jpg": "a group of people standing in front of a stone bowl", "10508-candele2.jpg": "a statue of a man standing next to a clock", "06048-finding.jpg": "a group of people standing next to each other", "24782-virgin2.jpg": "a woman standing in a bathroom next to a sink", "18391-1804grec.jpg": "a woman is holding her arm up to her face", "09412-marine1.jpg": "a group of people riding horses on a beach", "14459-305fried.jpg": "a couple of people sitting on top of a large elephant", "24560-maggiore.jpg": "a couple of people standing next to each other", "10768-twoteals.jpg": "a couple of dogs standing next to each other", "26524-3paolina.jpg": "a large cathedral that has a clock on it", "39719-2venus_a.jpg": "a man in a bathing suit holding onto a dog", "27078-morning.jpg": "a man standing next to a woman with a dog", "06569-paradis1.jpg": "a group of animals that are standing in the grass", "44473-catherin.jpg": "a woman in a red dress standing in front of a building", "19222-81langel.jpg": "a close up of a person wearing a suit", "32642-harbour.jpg": "a boat that is sitting in the water", "11025-504david.jpg": "a couple of women standing next to each other", "37375-moret5.jpg": "a large building with a bridge in the background", "22351-old_man.jpg": "a close up of a person with a beard", "36583-paolo_f2.jpg": "a woman laying in a bed next to a woman", "16938-monfort.jpg": "a group of people standing next to each other", "09447-equestri.jpg": "a group of people riding on the backs of horses", "11265-112delac.jpg": "a group of people standing next to each other", "42721-sunrise.jpg": "a group of people sitting on top of a sandy beach", "23471-pyrrhus.jpg": "a group of people standing around a statue", "04509-story_io.jpg": "a group of people standing next to each other", "38553-alchemis.jpg": "a group of people that are sitting down", "01018-campipai.jpg": "a man and a woman standing next to each other", "30643-snorbert.jpg": "a man sitting on a chair in a room", "43169-marianto.jpg": "a woman in a dress cutting a hair", "35947-3utrech2.jpg": "a large building that has a black umbrella", "05551-08youngw.jpg": "a close up of a person wearing a costume", "39452-6parad.jpg": "a pile of rocks sitting next to a rock wall", "29476-nfarrier.jpg": "a black and white photo of a house", "17279-selfpo06.jpg": "a man wearing a hat and a tie", "38688-soldier.jpg": "a couple of women sitting next to each other", "10998-307david.jpg": "a woman in a white dress and a baby", "23272-01recan6.jpg": "a group of people standing next to each other", "08745-italian2.jpg": "a pool of water with a mountain in the background", "42319-1008velb.jpg": "a close up of a person with a cake", "28508-early17.jpg": "a couple of boats sitting on top of a beach", "10275-05dipty1.jpg": "a man and a woman sitting in front of a mirror", "04010-golden3.jpg": "a large building with a painting on the wall", "29815-riverlan.jpg": "a group of people standing near a body of water", "30840-s3placid.jpg": "a little boy that is holding a bag", "06271-pygmalio.jpg": "a statue of a man sitting next to a statue of a man", "00869-marco4.jpg": "a man standing next to a stone wall", "32631-inspirat.jpg": "a group of people standing around a building", "30148-portrai1.jpg": "a woman in a black jacket holding a banana", "08862-11madonn.jpg": "a man and a child sitting in a boat", "34693-prede_c1.jpg": "a group of people standing next to each other", "00471-venus_a3.jpg": "a group of people standing around a bunch of animals", "08795-carthusi.jpg": "a close up of a person in a room", "17543-01portra.jpg": "a young man wearing a black hat holding a glove", "23149-perugino.jpg": "a man wearing a hat and a black hat", "12093-messenge.jpg": "a group of people sitting around a living room", "22986-couple.jpg": "a woman sitting next to a dog and a dog", "10547-apollo1.jpg": "a large painting of a painting on the wall", "20435-humility.jpg": "a painting of a man holding a teddy bear", "36935-siege1.jpg": "a group of boats in a body of water", "06900-intscene.jpg": "a group of people sitting on top of a bed", "23543-5dobozi.jpg": "two people riding on the back of a cow", "02519-6jurist.jpg": "a teddy bear sitting on top of a couch", "43837-boy_dog.jpg": "a woman and a dog are sitting on the floor", "24848-altar_c.jpg": "a group of people standing in a room", "15777-trivulzi.jpg": "a group of children sitting in front of a mirror", "07213-canal501.jpg": "a large building with people standing around", "12959-borght.jpg": "a man standing in front of a wall", "09074-nimrod.jpg": "a group of people standing next to a church", "10478-searcher.jpg": "an old photo of a woman sitting on a couch", "00113-christ.jpg": "a group of people standing around a pile of vegetables", "38710-concert.jpg": "a couple of women sitting next to each other", "02932-holyfami.jpg": "a group of people sitting around a tree", "09798-port_fie.jpg": "a close up of a person wearing a hat", "19423-still_f.jpg": "a bunch of fruit sitting on top of a tree", "42743-return.jpg": "a statue of a man standing next to a building", "15554-3birth.jpg": "a group of people sitting on top of a couch", "39470-07oldte2.jpg": "a man sitting on the ground next to a woman", "21785-lilac.jpg": "a view of a mountain with trees in the background", "29420-marie_a2.jpg": "a woman in a dress is holding a baby", "36410-virgin_x.jpg": "a man wearing a hat and a tie", "07918-mad_matt.jpg": "a group of people standing on top of a stage", "19069-figures.jpg": "a group of people standing around a horse statue", "21148-nearbern.jpg": "a herd of cattle standing on top of a dirt road", "23093-2resurrx.jpg": "a painting of a man and a woman in a room", "04721-paradise.jpg": "a picture of a reflection in a mirror", "34183-archimed.jpg": "a man in a suit and tie holding a paper", "14967-tahiti13.jpg": "a man sitting next to a woman on a blanket", "19505-crucifix.jpg": "a group of people standing next to each other", "20411-soist2.jpg": "a woman sitting on a chair with her arms crossed", "36930-capture1.jpg": "a large body of water with a bridge in the background", "20077-12orange.jpg": "a couple of women standing next to each other", "24876-franc2.jpg": "a building with a clock on the wall", "22585-4jpieta.jpg": "a group of people standing next to a clock", "31773-st_roch.jpg": "a man holding a teddy bear in his hands", "19128-29nogeo.jpg": "a group of people standing around each other", "23111-09carmel.jpg": "a painting of a woman standing next to a painting", "39527-qu_louis.jpg": "a girl in a black shirt and a black dress", "31912-virgin_c.jpg": "a couple of women sitting on top of a elephant", "20956-holyfami.jpg": "a painting of some flowers in a vase", "06383-01death.jpg": "a painting of a man standing next to a bunch of animals", "28783-materdol.jpg": "a person wearing a green and white hat", "18857-gregory1.jpg": "a man sitting in a bed reading a book", "06583-villages.jpg": "a group of animals that are standing in the grass", "39562-02adulte.jpg": "a group of people sitting around a group of people", "00749-11fieso6.jpg": "a statue of a man in a dress and tie", "36066-1view1.jpg": "a building with a painting on the wall", "05007-dives.jpg": "a group of people standing next to each other", "10052-stillif3.jpg": "a bunch of fruit that are on a table", "38284-theannun.jpg": "a statue of a man in a red dress", "08700-soldier.jpg": "a statue of a man on a cell phone", "35460-10feast.jpg": "a large group of people standing around a table", "42999-2lepanto.jpg": "a group of people standing next to each other", "03880-168frag1.jpg": "a close up of a person with a dog", "34296-sabine2.jpg": "a group of people sitting on a beach", "10493-sibyl.jpg": "a couple of girls sitting on top of a table", "42668-judith.jpg": "a woman in a dress holding a pair of scissors", "21146-monaster.jpg": "a group of people sitting on a bench in a field", "19920-06wyatt.jpg": "a person wearing a costume holding a piece of paper", "31904-peasants.jpg": "a group of people standing next to each other", "00839-05_nativ.jpg": "a picture of a woman standing in front of a store", "05717-051beach.jpg": "a group of people standing on top of a sandy beach", "17777-506goya.jpg": "a woman in a black and white dress", "08172-soriano.jpg": "a group of people standing next to each other", "10245-2lucret4.jpg": "a young woman standing next to a wall", "08623-portrman.jpg": "a man wearing a black shirt and a black tie", "18816-turkish2.jpg": "a group of people standing next to each other", "30689-holyfami.jpg": "a couple of people that are sitting down", "07739-triumvir.jpg": "a group of people standing in front of a building", "23929-viewport.jpg": "a group of people standing on top of a beach", "05282-00lastju.jpg": "a painting on the wall of a store window", "22935-02mornin.jpg": "a group of women are sitting on a bed", "31435-07coron.jpg": "a group of people standing in front of a building", "44653-armour_r.jpg": "a group of people standing in a room", "03107-dolfin02.jpg": "a painting of a vase on a table", "03967-bello107.jpg": "an old house with a building in the background", "10975-201david.jpg": "a group of people standing around a building", "08539-2still4.jpg": "a pile of pottery sitting on top of a table", "44779-crucifix.jpg": "a man in a white shirt is holding his arms up", "31870-hercul1.jpg": "a dog laying on top of a stone wall", "00268-grapehar.jpg": "a girl in a red dress is cutting a cake", "43941-kalmthou.jpg": "a group of people standing next to each other", "30813-family.jpg": "a black and white photo of a group of people", "44493-stillif4.jpg": "a bunch of birds sitting on top of a table", "13270-holyfami.jpg": "a couple of people that are sitting on a table", "02985-borso.jpg": "a close up of a person wearing a hat", "23446-sforza2.jpg": "a woman sitting in front of a stone wall", "15746-holyspir.jpg": "a group of people in a room with some animals", "26655-4lunette.jpg": "a painting of a man sitting on top of a <unk>", "17032-flower05.jpg": "a vase filled with red and red flowers", "43590-8jerome.jpg": "a group of people sitting around a table", "23449-f_martyr.jpg": "a woman in a dress holding a book", "17044-still03.jpg": "a bunch of plants sitting on a rock", "04573-concert.jpg": "a group of people that are sitting down", "16999-nuenen14.jpg": "a picture of a bench in a park", "42317-1007velb.jpg": "a little girl that is sitting in a chair", "43908-princess.jpg": "a man in a costume sitting on a bed", "23005-ador_mag.jpg": "a large group of people sitting around a room", "11433-tivoli.jpg": "a mountain range with a mountain in the background", "37127-5scene1.jpg": "a group of people that are sitting on a bench", "08036-leblon.jpg": "a man with a beard and a beard", "15220-luteplay.jpg": "a woman in a dress holding a baseball bat", "05642-allego1.jpg": "a woman sitting on a bed with two children", "20237-egypt.jpg": "a man standing next to a group of horses", "23237-predell3.jpg": "a group of people sitting on top of a boat", "24939-bielefe1.jpg": "a group of people standing next to each other", "09088-lament0.jpg": "a group of people standing next to each other", "15171-coronat.jpg": "a large church with a clock on top of it", "30483-resurrec.jpg": "a statue of a man in a parade", "26261-girodet.jpg": "a couple of people standing next to each other", "36060-incredul.jpg": "a group of people standing next to each other", "08411-portgent.jpg": "a man is sitting on a table with a guitar", "09360-dedham.jpg": "a tree in the middle of a field", "30057-2father5.jpg": "a statue of a man in a dress", "23590-portrai4.jpg": "a man wearing a hat and a hat", "13645-22ferenc.jpg": "a statue of a woman standing next to a woman", "17058-paris08.jpg": "a group of people standing around a wooden table", "42485-portrai1.jpg": "a woman is sitting on a couch in a room", "32781-22grand.jpg": "a little girl sitting in a chair holding a baby", "24635-fetebank.jpg": "a crowd of people standing around a circus horse", "37694-portrai2.jpg": "a statue of a man cutting a piece of paper", "25003-z_panel2.jpg": "a group of people sitting on a wooden bench", "08470-fresco1.jpg": "a large group of horses in a museum", "13557-nativity.jpg": "a group of people standing next to each other", "41424-03buonco.jpg": "a painting of a display of a building and a building", "13661-assumpti.jpg": "a group of people sitting on a stage", "21574-tobias.jpg": "a group of people standing next to each other", "32498-mystic_m.jpg": "a group of people sitting on top of a bed", "15936-moses.jpg": "a group of people standing next to each other", "22702-23herod.jpg": "a group of people standing in front of a building", "29899-stil-flo.jpg": "a bunch of fruits and vegetables on a table", "00474-venus1.jpg": "a group of people and a dog on a beach", "26402-montmart.jpg": "a black and white photo of a mountain range", "40106-denial.jpg": "a group of people standing around a bench", "31803-sewolod.jpg": "a boat that is floating in the water", "34062-3renoi10.jpg": "a large stone building with a large building in the background", "09608-madglory.jpg": "a group of people sitting on a couch", "03914-207feas.jpg": "a group of people sitting on top of a lush green hillside", "09429-5shells.jpg": "a close up of food on a table", "31828-landiana.jpg": "a group of people sitting on a rock next to a body of water", "22463-chocolat.jpg": "a woman in a white dress is holding a cup", "02490-1seaso4.jpg": "a statue of a bear sitting on a chair", "19473-vase_flo.jpg": "a painting of a flower arrangement in a vase", "08426-beggars.jpg": "an old photo of a man and a woman", "29148-woodedla.jpg": "a man riding on the back of a horse", "29290-300muri2.jpg": "a woman with a red flower in her face", "14514-arabcamp.jpg": "a horse that is standing in the dirt", "04467-market_p.jpg": "a group of men sitting on top of a couch", "21958-2scapigl.jpg": "a close up of a person sleeping on a blanket", "40002-1misc04.jpg": "a statue of a person standing next to a building", "17273-auvers33.jpg": "a large body of water next to a body of water", "18882-st_peter.jpg": "a couple of people standing next to each other", "07443-sleeping.jpg": "a man laying on top of a bed in the dark", "32945-05farn.jpg": "a painting of a man and a dog on a wall", "04675-allegory.jpg": "a woman sitting on a couch with a baby", "42885-9lastsup.jpg": "a group of people sitting around a group of people", "36198-bernardi.jpg": "a group of people standing next to each other", "25322-triptyc2.jpg": "a man standing next to a woman in a dress", "15882-medici09.jpg": "a group of people sitting on top of a stone wall", "06253-resurrec.jpg": "a group of people playing a game on a beach", "12172-cro_f_1.jpg": "a statue of a woman standing next to a statue", "26390-2maria_x.jpg": "a woman in a dress sitting on a couch", "20110-44hoock.jpg": "a couple of people sitting in a room", "20874-stilpron.jpg": "a painting of a vase and a vase on a table", "06762-p_woman1.jpg": "a statue of a person wearing a costume", "11023-502david.jpg": "a man sitting in a chair with a bag of food", "26580-05_2ce5f.jpg": "a group of people that are in a room", "18203-0208grec.jpg": "a statue of a woman standing next to a statue", "15541-7death.jpg": "a large group of people standing next to each other", "20089-15hooch.jpg": "a group of people sitting in front of a brick building", "05778-deatdido.jpg": "a group of people sitting on top of a couch", "18789-guard412.jpg": "a large body of water filled with boats", "21429-camargo3.jpg": "a group of people standing around a tree", "21620-angerst1.jpg": "a woman sitting on a couch next to a woman", "08805-autumn.jpg": "a body of water with trees in the background", "42611-24young.jpg": "a close up of a child in a dark room", "23747-flowers.jpg": "a couple of vases with flowers in them", "06899-virgin_c.jpg": "a group of people standing around each other", "18252-0613grec.jpg": "a dog that is laying down on a couch", "38303-selfport.jpg": "a black and white photo of a man in a suit", "30647-navalvic.jpg": "a large group of people in a museum", "03555-portrait.jpg": "a man in a suit is sitting in the dark", "12462-peas_inn.jpg": "a group of people sitting on top of a wooden table", "09300-vanitas6.jpg": "a bunch of books sitting on top of a table", "13050-studies.jpg": "a close up of a person with a dog", "14906-early08.jpg": "a couple of people standing next to a snow covered forest", "32451-sebastia.jpg": "a man is sitting on a couch with a dog", "25099-1nichola.jpg": "a statue of a man sitting on a wooden shelf", "24128-scene9.jpg": "a group of people standing in front of elephants", "08575-3victor1.jpg": "a painting of a building with a painting on it", "04700-07winter.jpg": "a snow covered wall with graffiti on it", "05255-11shipfo.jpg": "a group of people standing next to each other", "28570-1argen5.jpg": "a bunch of people standing next to a bridge", "43402-formosa3.jpg": "an old picture of a woman holding a baby", "40789-crucifix.jpg": "a statue of a man standing next to a clock", "30917-frederic.jpg": "a woman wearing a red and white jacket", "26220-1altar4.jpg": "a group of people standing in front of a building", "08531-1lands05.jpg": "a large stone structure with a tree in it", "38487-portrai2.jpg": "a close up of a person with a <unk>", "13614-sad_mess.jpg": "a group of people that are sitting down", "34063-3renoi11.jpg": "a group of people standing around a table with wine glasses", "00182-1spring.jpg": "a group of people standing in front of a mirror", "26611-03_4sw.jpg": "a man sitting on top of a wooden chair", "08452-mad_lamb.jpg": "a man and a boy are sitting on a couch", "35785-torrent.jpg": "a mountain with a mountain in the background", "23271-01recan5.jpg": "a man holding a piece of food in his hands", "17236-5portra4.jpg": "a statue of a man with a mask on", "21647-sisera.jpg": "a woman and a woman sitting on a couch", "38872-10udine.jpg": "a group of people sitting on top of an elephant", "23836-2manet15.jpg": "a woman sitting on a rock with a dog", "41911-varbirds.jpg": "a group of birds are standing on the ground", "16633-nativit.jpg": "a group of people standing in front of a building", "09863-courb203.jpg": "a man wearing a suit and tie sitting at a table", "32311-09testam.jpg": "a group of people are sitting in a room", "42009-stprocess.jpg": "a group of people sitting on top of a brown horse", "29276-209muril.jpg": "a group of people standing in a room", "39800-21vesali.jpg": "a man holding a remote control in a dark room", "20998-pendant1.jpg": "a man in a dark suit holding a cell phone", "12045-nocturn1.jpg": "a small child is sitting in the dark", "10550-ceiling.jpg": "a large group of people standing in front of a building", "37465-cavalry.jpg": "a group of horses walking across a lush green field", "37989-coronati.jpg": "a large painting of a man sitting on a bench", "18992-1virgin.jpg": "a group of people standing in front of a building", "30249-barbara.jpg": "a large building with a painting on it", "40922-13tripty.jpg": "a picture of people standing in a room", "30398-antea.jpg": "a woman standing next to a <unk> statue", "11179-1870s_79.jpg": "a close up of a person wearing a black jacket", "10062-peasants.jpg": "a group of people sitting around a table with food", "33456-19oldtet.jpg": "a painting of a man and a woman sitting next to each other", "05245-01christ.jpg": "a man and a woman are sitting on the ground", "08785-madonna.jpg": "a woman standing in front of a large mirror", "35015-pieta.jpg": "a group of people standing around each other", "19509-entombm1.jpg": "a group of people standing in front of a mirror", "39669-08thief.jpg": "a man standing next to a man with a dog", "06399-30rebel.jpg": "a bunch of people that are in a room", "17025-antwerp4.jpg": "a statue of a bird sitting on a tree", "44512-landsc_p.jpg": "a group of people that are sitting in the dirt", "32346-14ignazi.jpg": "a group of people sitting in a window sill", "07732-ladyglov.jpg": "a woman standing in front of a wall", "14024-1zenob10.jpg": "a large group of people standing next to horses", "25042-1table.jpg": "a table topped with vases filled with flowers", "17017-nuenen37.jpg": "a group of people sitting in a room", "31788-portrait.jpg": "a man with a beard and a tie", "19029-destruct.jpg": "a large boat that is floating in the water", "14052-sebastia.jpg": "a group of people standing next to a large building", "13660-adorati.jpg": "a group of people sitting around a building", "24745-wencesl3.jpg": "an old picture of a woman in a dress", "08029-cardinal.jpg": "a woman wearing a blue shirt and blue tie", "37838-venus_ad.jpg": "a group of people sitting on a couch with a dog", "24063-2sposi111.jpg": "a close up of a clock on a wall", "24346-stillif2.jpg": "a vase filled with flowers on a shelf", "12591-3holzsch.jpg": "a close up of a person with a beard", "30511-christop.jpg": "a group of people standing next to a large body of water", "14809-deadchri.jpg": "a dog laying in the sand with a dog", "32200-05bacch2.jpg": "a group of people that are in a room", "16480-2madonna.jpg": "a woman in a dress holding a teddy bear", "04163-stillif2.jpg": "a table topped with a vase of food and a glass of wine", "18797-landscap.jpg": "a black and white photo of a small village", "05244-16eright.jpg": "a painting of a man standing in a shop", "13239-meeting.jpg": "a group of people standing next to each other", "07120-ascensio.jpg": "a large clock on the side of a building", "29472-landmoon.jpg": "a man riding on the back of a horse", "18033-39old.jpg": "a group of people riding on the backs of horses", "12229-pre_v_5.jpg": "a group of people standing next to each other", "44474-d_virgin.jpg": "a group of people standing next to each other", "39894-virgin_c.jpg": "a group of people sitting on the back of a motorcycle", "31078-3anton08.jpg": "a couple of women standing next to each other", "36121-catalina.jpg": "a woman in a dress holding a purse", "15112-virginch.jpg": "a woman holding a baby in a bed", "18988-13guilla.jpg": "a view of a body of water with trees in the background", "18462-broken_m.jpg": "a black and white photo of a woman sitting on a couch", "30248-assumpti.jpg": "a group of people standing next to each other", "13031-apostle2.jpg": "a close up of a person with a beard", "33951-martyrdo.jpg": "a group of people that are standing around", "39804-04farnes.jpg": "a man wearing a red hat with a red hat", "34477-3annunci.jpg": "a group of people standing next to each other", "07977-farnes22.jpg": "a group of men sitting in front of a statue", "01077-assumpti.jpg": "a group of people playing with a dog", "36133-entombme.jpg": "a group of people sitting on a horse", "31910-domitill.jpg": "a woman holding a stuffed animal in her arms", "04017-triptyc1.jpg": "there is a picture of a man and a clock", "31213-06magdal.jpg": "a woman standing in front of a stone wall", "29594-panel2.jpg": "a large ornate building with statues on it", "05708-s_bearer.jpg": "a woman in a dress standing next to a couch", "24614-portrait.jpg": "a close up of a person wearing a hat", "41930-deaddaugh.jpg": "a man walking down a street holding a bat", "21500-certosa4.jpg": "a group of people standing next to a statue", "00818-marco_p8.jpg": "a group of people standing next to a building", "08556-3lands03.jpg": "a large pile of rocks next to some rocks", "39575-11padua1.jpg": "a group of people standing next to each other", "26598-09_2ce9f.jpg": "a group of people that are in a room", "06604-holy_fam.jpg": "a group of people are sitting in a forest", "21027-syndics.jpg": "a group of men standing next to each other", "09448-family.jpg": "a group of people are sitting on a couch", "07119-virgin_c.jpg": "a group of people sitting on top of a couch", "23139-madonna.jpg": "a vintage photo of a man and a statue", "31011-st_james.jpg": "a couple of men standing next to each other", "05389-still_l3.jpg": "a vase of flowers sitting on top of a table", "00448-youngman.jpg": "a woman wearing a hat and a hat", "42355-merrycom.jpg": "a group of people sitting around a table", "38855-bologna2.jpg": "a group of people standing on top of a building", "03013-05eve1.jpg": "a woman in a bathing suit holding a flower", "43414-conversa.jpg": "a large building with a painting on it", "14007-selftond.jpg": "a black and white photo of a woman in a mirror", "21551-rousseau.jpg": "a woman in an orange dress sitting in a dark room", "08409-ladyhand.jpg": "a woman dressed in a costume with a tie", "13120-bouquet.jpg": "a close up of a table with flowers in it", "19998-6rakoczi.jpg": "a group of people standing next to each other", "29297-305muril.jpg": "a group of people sitting on a couch", "36864-magdalen.jpg": "a statue of a man with a picture of a man", "43873-demarees.jpg": "a couple of people standing next to each other", "34243-l_river.jpg": "a group of people standing around a tree", "22947-12rhinoc.jpg": "a couple of people standing next to a cow", "10141-19religi.jpg": "a man sitting on the ground next to a tree", "28784-pieta.jpg": "a man sitting on a chair with his arms crossed", "00097-still_fr.jpg": "a table that has some food on it", "38510-1embarka.jpg": "a large building with a building in the background", "38357-valdemar.jpg": "a woman is standing in front of a bench", "20300-stil_lif.jpg": "a table topped with lots of different types of fruit", "35653-15sketch.jpg": "a person with a dog on their head", "03792-065pieta.jpg": "a black and white photo of a group of people", "31059-1miser06.jpg": "a man in a white jacket and a hat", "19464-stil_lif.jpg": "a table with a bunch of food on it", "23364-03holyfa.jpg": "a group of people sitting on a bed", "38398-huntsman.jpg": "a group of people standing on top of a lush green hillside", "23064-51maesta.jpg": "a painting of a woman sitting next to a statue", "40756-01icon.jpg": "an old clock is displayed on a wall", "00209-phaeton2.jpg": "a group of people sitting on top of a large clock", "23373-10portge.jpg": "a man in a black jacket and a black hat", "14171-04readin.jpg": "a woman sitting on a bed reading a book", "16477-4crucifi.jpg": "a statue in a room with a painting on it", "06147-selfport.jpg": "a man wearing a hat sitting on a bench", "17495-04virgix.jpg": "a man holding a baby in his arms", "42282-0701vela.jpg": "a picture of a man with a tie", "21509-lot_daug.jpg": "a group of people laying on top of a bed", "17832-blac624.jpg": "a black and white photo of a couple of dogs", "44165-queen1.jpg": "a group of people sitting around a red couch", "09907-courb411.jpg": "a large rock in front of a large rock", "21201-resurrec.jpg": "a group of people riding on a stage", "34954-10german.jpg": "a painting of a clock on a wall", "13902-stil_oys.jpg": "a couple of plates of food on a table", "40869-11source.jpg": "a large building with a clock on it", "26174-2bay.jpg": "a large window with a painting on it", "02842-winterln.jpg": "a large group of birds standing next to a forest", "37776-hagar_an.jpg": "a group of people sitting on top of a wall", "40295-101turne.jpg": "a view of a mountain with a mountain in the background", "39282-6cassia1.jpg": "a group of people standing next to each other", "07702-1madonna.jpg": "a statue of a man standing next to a statue", "42179-triptych.jpg": "a painting of a man sitting next to a clock", "32582-08virgin.jpg": "a couple of people that are sitting on a couch", "28628-1vario03.jpg": "a picture of a woman in a white dress", "33568-097portr.jpg": "a man holding a piece of bread in the dark", "32546-portrait.jpg": "a man in a suit and tie sitting down", "19396-breakfas.jpg": "a table topped with a plate of food and a glass of wine", "34952-32german.jpg": "a close up of an umbrella on a sidewalk", "02724-assumary.jpg": "a close up of a clock on a building", "30573-mharbour.jpg": "a boat that is floating in the water", "23869-4manet07.jpg": "a man holding a baseball glove while standing next to a man", "05687-pompado4.jpg": "a woman sitting in front of a mirror", "09577-corot26.jpg": "a large tree in the middle of a forest", "40033-brothe16.jpg": "a painting of a man sitting next to a painting", "30965-kastrup.jpg": "a dirt road next to a forest filled with trees", "37206-maesta_0.jpg": "a large stone building with a painting on the wall", "06319-05saulsu.jpg": "a view of a mountain with a mountain in the background", "36028-3still.jpg": "a painting of a person on a horse", "44780-egypt.jpg": "a man and a woman kissing each other", "37078-8decora5.jpg": "a picture of a painting on a wall", "42697-gorge.jpg": "a group of people riding horses in a rocky area", "00927-20louvre.jpg": "a large building with many people in it", "34920-02gartem.jpg": "a large building with a large window in it", "31723-rouen4.jpg": "a picture of a train on a river", "22496-40nativi.jpg": "a couple of women sitting next to each other", "00843-09_coron.jpg": "a group of people standing next to each other", "34090-4renoi07.jpg": "a couple of people sitting on a couch", "14954-tahiti01.jpg": "a group of people standing next to each other", "42744-selfport.jpg": "a man in a suit holding a baseball bat", "25180-pieta.jpg": "a man and a woman standing next to each other", "26337-pendant1.jpg": "a woman standing in front of a fruit stand", "11483-port_lad.jpg": "a woman in a dress is standing next to a window", "06676-summer.jpg": "a group of people sitting around a river", "05775-beggars.jpg": "a group of people standing next to a building", "03588-05ventur.jpg": "a group of statues and statues in a museum", "19553-vulcanve.jpg": "a group of people sitting on a couch in a room", "05847-1lastsu.jpg": "a group of people standing around each other in a room", "26292-portcoup.jpg": "a group of people that are holding some horses", "29619-holyfami.jpg": "a picture of a woman and a baby", "38466-virgin.jpg": "a large painting with a painting on it"}