{"20528-predel1.jpg": "a group of people standing in front of a building", "04104-harbour1.jpg": "a group of people standing next to a boat", "19729-hardwick.jpg": "a statue of a woman sitting on a bed", "43645-1selfpor.jpg": "a woman standing in front of a wall", "04459-element2.jpg": "a group of people sitting around a table", "36315-agony.jpg": "a group of people sitting on a rock", "37148-settigna.jpg": "a wooden table sitting next to a wooden table", "00973-0fiesol1.jpg": "a statue of a man standing on a wall", "20372-13ingres.jpg": "a man wearing a suit and tie sitting in a chair", "18540-entrance.jpg": "a group of people riding horses down a dirt road", "20984-acteon_d.jpg": "a statue of a man standing next to a tree", "31770-s_thomas.jpg": "a group of people sitting on top of a couch", "22732-4corona.jpg": "a painting of a painting on the wall", "24958-burgwei1.jpg": "a painting of a woman and a woman", "03314-madonna.jpg": "a woman sitting on a bed with a baby", "15589-07tornab.jpg": "a statue of a woman standing next to a statue", "10490-pepoli.jpg": "a large ornate clock on the side of a building", "08081-goethe_m.jpg": "a view of a mountain with a mountain in the background", "28506-early15.jpg": "a group of people standing next to a river", "06567-panorama.jpg": "a group of animals walking down a dirt road", "08215-capricci.jpg": "a group of people standing in front of a body of water", "26764-00lastju.jpg": "a crowd of people standing around a building", "42329-beachsch.jpg": "a group of people on a beach with horses", "38966-09sjames.jpg": "a man with a horse and a man on a horse", "28778-eccehomo.jpg": "a man wearing a hat and a man holding a cane", "40395-7hermits.jpg": "a large stone building with statues and statues", "44294-venice3.jpg": "a large body of water with boats in it", "22774-restflig.jpg": "a group of people standing next to each other", "21660-glaces1.jpg": "a large building with a chandelier in it", "40822-two_musi.jpg": "a couple of people that are sitting down", "03512-monino.jpg": "an old man sitting in a red chair", "44522-plague.jpg": "a picture of people standing in front of a building", "43369-coronati.jpg": "a large painting of people sitting on a wall", "44343-chestnut.jpg": "a man standing next to a brown horse", "29437-p_david.jpg": "a man wearing a suit and tie in a dark room", "00894-30east.jpg": "a group of people standing next to each other", "33495-02portra.jpg": "a man wearing a red hat with a red hat", "29535-dido.jpg": "a woman in a blue dress holding a cell phone", "43165-de_stael.jpg": "a woman in a bikini holding a bag", "08166-jacoblab.jpg": "a group of people riding on the backs of horses", "23302-10leave.jpg": "a group of people standing in a large building", "22427-bouquet.jpg": "a vase filled with flowers on top of a table", "21051-mkinsoen.jpg": "a little girl that is standing in front of a mirror", "10782-massacre.jpg": "a group of people sitting on top of a stage", "28762-4knigt.jpg": "a close up of a person wearing a suit", "39087-07rezzo1.jpg": "a living room filled with furniture and a painting", "25129-christ_c.jpg": "a group of people standing next to each other", "36558-port_man.jpg": "a close up of a person with a hat on", "29362-shells.jpg": "a man holding a banana in his hand", "39563-03holyfa.jpg": "a group of people sitting on top of a beach", "15595-11pala1.jpg": "a group of people standing next to each other", "44309-stpeter3.jpg": "a black and white photo of a man and a woman", "25088-isaac2.jpg": "a painting of a woman sitting on a bench", "19865-4more.jpg": "a man wearing a hat and a hat", "23055-2chapte3.jpg": "a statue of a man standing next to a stone wall", "23114-10carme3.jpg": "a group of people standing around a group of horses", "11306-408delac.jpg": "a group of people riding on the backs of horses", "37498-stillfru.jpg": "a cat laying on top of a red table", "15489-4meeting.jpg": "a large stone building with a painting on it", "02743-scene.jpg": "a building with a painting on the side of it", "23569-idle_ser.jpg": "a woman standing next to a bunch of glasses", "04447-jourdain.jpg": "a painting of a woman holding a bag", "08247-23oldtes.jpg": "a painting of a man standing next to a wall", "26584-06_3ce6.jpg": "a group of people that are in a pool", "23639-altar1.jpg": "a room with a clock and a chandelier", "17081-orchar02.jpg": "a large tree in front of a body of water", "11269-203delac.jpg": "a brown and white dog laying on a bed", "34931-11berze.jpg": "a close up of a clock on a wall", "34407-sinzendo.jpg": "an old woman sitting on a couch in a room", "06682-v_lawyer.jpg": "a group of people standing around a wooden table", "00126-merry_co.jpg": "a group of people sitting around a table", "37708-ptolemy.jpg": "a group of people standing next to each other", "18180-p_youth.jpg": "a woman wearing a black shirt and black shirt", "25935-0view.jpg": "a large building with a painting on the wall", "38377-venus_cu.jpg": "a woman laying on a couch with a dog", "39491-08soranz.jpg": "a man wearing a hat and a hat", "08957-roemer1.jpg": "a table topped with a glass of wine and a glass of wine", "37207-maesta_1.jpg": "a large stone building with a painting on the wall", "40268-pieta.jpg": "a statue of a man sitting next to a man", "21640-morosin1.jpg": "a couple of women sitting next to each other", "06047-elijah.jpg": "a group of people walking down a dirt road", "06079-gallantc.jpg": "a couple of women standing next to each other", "15017-tahiti75.jpg": "a close up of a person wearing a costume", "23818-6stilli4.jpg": "a bird that is laying down on a rock", "30239-09venus.jpg": "a dog laying on a bed with a stuffed animal", "43441-seascape.jpg": "a black and white photo of a small plane", "11395-port_wom.jpg": "a man holding a flower in a room", "26378-skirmish.jpg": "a group of people standing next to a tree", "08989-04paola.jpg": "a group of people are sitting on a pier", "21757-caligula.jpg": "a group of people sitting around a table", "36408-virgin_m.jpg": "a close up of a person holding a blue hat", "18945-04poly.jpg": "a group of people standing around a building", "35405-07virgin.jpg": "a woman holding a baby in front of a tree", "11594-moses.jpg": "a close up of a person with a beard", "01004-rural_sc.jpg": "a group of people standing around a tree", "02771-stillife.jpg": "a vase of flowers sitting on a table", "21790-crusade.jpg": "a group of people standing next to each other", "41590-05adorat.jpg": "a black and white photo of people sitting on a bench", "07921-margaret.jpg": "a woman sitting on a wall with a tie", "42928-5wall3.jpg": "a painting of a painting on the side of a window", "39072-6forest1.jpg": "a woman standing next to a dog on a beach", "37985-cowes.jpg": "a group of boats floating in the water", "07895-hairy.jpg": "a group of people that are holding a dog", "07007-herodia.jpg": "a woman wearing a hat is sitting on a horse", "25253-bartholo.jpg": "a statue of a man in an orange dress", "19435-flowvase.jpg": "a close up of a vase with flowers in it", "44351-battle.jpg": "a group of people riding horses down a dirt road", "42909-2wall2.jpg": "a large body of water next to a body of water", "35377-13relig1.jpg": "a group of people sitting on a bed", "06551-earthly.jpg": "a group of birds sitting on top of a tree", "16038-franc14.jpg": "a man laying on a bench next to a painting", "03988-bello216.jpg": "a group of people sitting on top of a lush green hillside", "18541-landscap.jpg": "a couple of people that are standing in the grass", "19725-clifford.jpg": "a statue of a woman wearing a costume", "25147-panel1.jpg": "a couple of people standing next to each other", "26745-04_5sp4.jpg": "a group of people sitting on a bed", "00447-seiler.jpg": "a statue of a person wearing a costume", "05604-14adorati.jpg": "a large group of people standing around a building", "37623-al_reign.jpg": "a group of people sitting on the ground in a room", "04817-belforte.jpg": "a statue of a man standing next to a clock", "21866-henriett.jpg": "a woman standing in front of a mirror", "22305-martyrs.jpg": "a group of people standing next to each other", "21025-portsilv.jpg": "a person sitting on a couch with a guitar", "09801-portrait.jpg": "a woman in a red dress and a red shirt", "29261-111muril.jpg": "a young man is smiling while holding a wii controller", "14463-309fried.jpg": "there are many rocks that are on the rocks", "10412-16luther.jpg": "a man is sitting on a couch with his hands", "24277-life8.jpg": "a painting of a woman standing next to a woman", "23582-port_nob.jpg": "a woman standing next to a bunch of dogs", "13044-jerome.jpg": "a man laying on the floor next to a dog", "36207-predel2.jpg": "a group of people standing next to each other", "40150-apollo_d.jpg": "a group of people standing in a room", "41153-portrman.jpg": "a woman is holding a pair of shoes", "05251-07anthon.jpg": "a statue of a man standing next to a tree", "35717-ruined_c.jpg": "a large body of water next to a river", "17156-portra08.jpg": "a close up of a person with an umbrella", "21167-hawking.jpg": "a group of people standing on top of a sandy beach", "39510-25procur.jpg": "a man in a brown shirt holding a tie", "34129-maryscot.jpg": "a group of people standing next to each other", "07020-treebank.jpg": "a large body of water next to a tree", "30268-y_man.jpg": "a woman wearing a hat and a tie", "08647-02buffet.jpg": "a dog that is standing in front of a table", "07263-canal713.jpg": "a large building with a building in the background", "33423-66newtes.jpg": "a statue of a man sitting next to a statue", "35550-01schola.jpg": "a man with a beard is holding a laptop", "15126-port_man.jpg": "a man wearing a blue shirt and a blue shirt", "06105-morning.jpg": "a woman standing next to a large vase", "37100-0view.jpg": "a room with a painting on the wall", "35137-madchild.jpg": "a black and white photo of a woman sitting next to a cow", "09296-vanitas2.jpg": "a table that has a clock on it", "20519-2l3_pinn.jpg": "a group of women standing next to each other", "40867-10edelhe.jpg": "a group of people standing next to each other", "30032-10paal.jpg": "a tree in the middle of a forest", "22980-ossun.jpg": "an old woman sitting on a chair in a dark room", "18040-51angels.jpg": "a group of people dressed in traditional costumes", "08614-louis13v.jpg": "a group of people are sitting on a bench", "09701-07hercul.jpg": "a group of people sitting on top of a bed", "10171-1salome5.jpg": "a group of people sitting around a table with plates of food", "14598-stillife.jpg": "a bird sitting on a table next to a bowl of fruit", "18738-guard203.jpg": "a large body of water with many boats in it", "40766-09icon.jpg": "a shelf filled with lots of different types of items", "16053-franc23.jpg": "a large cathedral with statues on the wall", "00943-00crucif.jpg": "a statue of a man standing next to a statue", "05437-09fortit.jpg": "a woman sitting on a bench in a room", "30376-fourdini.jpg": "a woman standing in front of a wooden door", "07022-portrait.jpg": "a man in a suit standing in a room", "23378-02hat.jpg": "a man in a suit is sitting on a couch", "01104-pieta.jpg": "a woman sitting on a bench with a teddy bear", "30509-baptism.jpg": "a couple of people standing next to each other", "42450-flagella.jpg": "a group of people standing in front of a building", "41509-conversa.jpg": "a group of people sitting on a stage", "44789-st_luke.jpg": "a man standing next to a man on a stage", "26581-05_3ce5.jpg": "a woman laying on a bed with a teddy bear", "21190-cpucine.jpg": "a large tree filled with lots of trees", "15110-virdolor.jpg": "a couple of women standing next to each other", "23251-old_man.jpg": "an old man sitting next to a man", "38262-luteplay.jpg": "a man holding a guitar and a dog", "15153-adormagp.jpg": "a group of people standing next to a group of horses", "00018-abbati1.jpg": "a couple of animals that are standing in the grass", "42798-2assump1.jpg": "a group of people sitting in a room", "09036-11nolime.jpg": "a couple of people standing in a field", "36938-wrestlin.jpg": "a young boy holding a stuffed animal on the ground", "03301-desco1.jpg": "an old picture of a building with a clock", "21281-bethel.jpg": "a group of people riding horses in a park", "32303-01healin.jpg": "a group of people standing in front of a building", "35986-lawyers.jpg": "a group of people standing around a living room", "43596-02gauche.jpg": "a man with a backpack and a backpack", "17826-8101goya.jpg": "a man wearing a suit and tie sitting down", "41372-06arena2.jpg": "a wall with a painting on the wall", "18925-2dido_ae.jpg": "a group of women sitting on top of a bench", "11557-adoratio.jpg": "a group of people standing next to a building", "09861-courb201.jpg": "a man wearing a black hat and a black hat", "36764-cleopatr.jpg": "a young man laying on a bed next to a tree", "32220-25selene.jpg": "a group of people sitting on a beach", "12307-4bern.jpg": "a statue of a man standing next to a statue", "21859-artgaller.jpg": "a group of people standing next to each other", "26244-h_family.jpg": "a group of people sitting on top of a couch", "20690-09jongki.jpg": "a windmill in the middle of a body of water", "38776-portrait.jpg": "a couple of women sitting on top of a horse", "38765-deesis4.jpg": "a picture of a bear with a bear on it", "14816-certosa1.jpg": "there is a painting on the wall of a building", "24616-ugly_duc.jpg": "a man with a hat on his head", "31186-91annun1.jpg": "a couple of women standing next to each other", "26015-08nomich.jpg": "a woman is holding a pair of scissors", "32238-11adorat.jpg": "a group of people are sitting on the ground", "22791-catherin.jpg": "a couple of people standing next to each other", "24069-3sposi01.jpg": "a large clock mounted on the side of a wall", "31946-0poggio.jpg": "a large building with a painting on the wall", "44230-sketch3.jpg": "a painting of a dog and a dog", "23432-anemone1.jpg": "a pile of stuffed animals sitting next to each other", "44144-southern.jpg": "a group of people standing around a stone wall", "39295-3mark.jpg": "a statue of a man on a horse in front of a building", "42166-pirate.jpg": "a close up of a person wearing a hat", "28670-2venice4.jpg": "a painting of a painting of a painting of a painting", "12442-dutchbar.jpg": "a couple of boats that are floating in the water", "39010-25labia.jpg": "a couple of women sitting on top of a bed", "30739-robais.jpg": "a man wearing a black shirt and a tie", "41338-04virgi.jpg": "a painting of a woman in a red dress", "35000-14italia.jpg": "a painting of a man with a painting on it", "40932-06adorat.jpg": "a group of people standing next to each other", "31513-stgeorg0.jpg": "a group of horses standing next to each other", "23020-goya.jpg": "an older man sitting at a table with a plate", "37069-60parhel.jpg": "a painting of a painting on a wall", "09151-g_bude.jpg": "a man in a black hat with an umbrella", "14173-05young.jpg": "a woman laying on a bed with a blanket", "31257-procris.jpg": "a man laying on a beach next to a dog", "37227-00view1.jpg": "a large building with a clock on the wall", "35081-stillife.jpg": "a dog laying on top of a couch", "10317-07portr.jpg": "a man in a black shirt holding a guitar", "10696-stillif.jpg": "a vase of flowers sitting on a table", "18505-virgin_c.jpg": "a woman standing in front of a building", "35592-10fourme.jpg": "a group of people sitting on top of an elephant", "20995-william1.jpg": "a man with a beard and a beard", "34722-port_nob.jpg": "a man is sitting next to a young boy", "08323-feast.jpg": "a group of people standing around a table", "28403-drinking.jpg": "a group of people standing around a building", "39173-10valmar.jpg": "a group of people sitting around a tree", "17175-1asylu08.jpg": "a large tree sitting next to a tree", "22364-2venus.jpg": "an old photo of a woman and a dog", "40342-2green.jpg": "a painting of a woman standing next to a painting", "23605-boyflute.jpg": "a man wearing a suit and tie on a couch", "32431-1valle3.jpg": "a statue of a man sitting on a statue", "05758-earth.jpg": "a group of people sitting on a beach", "38196-portrai1.jpg": "a young man wearing a black hat and tie", "26241-charles4.jpg": "a man in a suit and tie holding a dog", "31105-2proce11.jpg": "a group of people standing next to each other", "17456-spaniel1.jpg": "a brown and white dog standing on a wooden floor", "43799-20italia.jpg": "a group of people standing next to each other", "29163-stormsea.jpg": "a large rock with a rock in the background", "39442-5maggio1.jpg": "a large painting of a painting on a wall", "28552-argent12.jpg": "an old boat sitting on the side of a river", "22508-7erato.jpg": "a group of people sitting on top of a elephant", "44280-9rome2.jpg": "a boat floating on top of a body of water", "29597-madonna.jpg": "a statue of a woman standing next to a statue", "05684-pompado1.jpg": "a statue of a woman standing next to a statue", "02516-2flora.jpg": "a painting of a vase with flowers in it", "43529-children.jpg": "a little girl sitting next to a little girl", "08993-08tivoli.jpg": "a couple of horses that are on a bridge", "25114-6michael.jpg": "an old photo of a woman and a woman", "10697-stillife.jpg": "a bouquet of flowers in a vase on a table", "24579-crucifix.jpg": "a group of people sitting on top of a sandy beach", "38064-markluke.jpg": "a couple of men standing next to each other", "10282-01princ1.jpg": "a woman in a red dress sitting next to a wall", "15229-2josephi.jpg": "a woman sitting on top of a wooden bench", "20966-mockery.jpg": "a flock of birds that are on the ground", "43669-pastoral.jpg": "a man standing on top of a grass covered field", "32722-garden2.jpg": "a group of people standing around a tree", "03015-06_1adam.jpg": "a man wearing a white dress and a white dress", "11146-1870s_11.jpg": "a group of people riding horses in a field", "04790-st_luke.jpg": "a large clock that is on a wall", "20408-grow_old.jpg": "a man standing in a forest with a hat on", "18117-heinrich.jpg": "a man wearing a jacket and tie holding a cane", "39056-4virgil1.jpg": "a large room with a painting of people on it", "39893-sacrifice.jpg": "a group of people sitting in a room", "03079-1illasi6.jpg": "a painting of a painting on the side of a wall", "23063-50maesta.jpg": "a wedding cake with a bride and groom", "02960-hercules.jpg": "a group of people sitting on top of a bed", "19661-p_rotto.jpg": "a large body of water with people on it", "23599-perseus.jpg": "a couple of men standing next to a dog", "28582-lazare4.jpg": "a black and white photo of a steam train", "33638-22sp1668.jpg": "a close up of a person in a dark room", "12020-witchcra.jpg": "a group of people sitting next to each other", "43001-4finding.jpg": "a group of people standing next to each other", "19212-76vinne.jpg": "a man in a coat and tie standing in a dark room", "44597-vil_godi.jpg": "a large building with statues and statues", "04738-apollo_d.jpg": "a group of men that are sitting on the ground", "12387-youngman.jpg": "a close up of a person wearing a sweater", "18050-02scene.jpg": "a couple of people standing next to each other", "21017-huygens.jpg": "a black and white photo of a man in a suit", "32734-indianwo.jpg": "a woman in a white dress is holding a purse", "33342-cardshar.jpg": "a group of people sitting on a stage", "36127-philip2.jpg": "a statue of a man holding a baseball bat", "07251-canal701.jpg": "a large body of water filled with boats", "16581-crucifiy.jpg": "a statue of a man holding a skateboard", "11288-310delac.jpg": "a man riding on the back of a brown horse", "05373-flower.jpg": "a vase filled with flowers on a table", "08863-120peter.jpg": "a statue of a man standing next to a statue", "42983-1allego3.jpg": "a man and a woman sitting next to each other", "17301-selfpo28.jpg": "a green and white bird with a face on it", "40752-01icon5.jpg": "a man standing in front of a building holding a bag", "28435-selfport.jpg": "a close up of a person wearing a suit", "39898-portrai1.jpg": "an old woman sitting on a couch in a room", "03621-portr_man.jpg": "a man in a red jacket holding a bottle", "09850-courb112.jpg": "a man standing next to a group of cows", "18372-1607grec.jpg": "a statue of a man sitting on top of a bed", "08179-joseph1.jpg": "a group of people riding elephants down a dirt road", "29372-3north.jpg": "a large stone building with a stone wall", "14966-tahiti12.jpg": "a man laying on a bed with a dog", "38098-senses.jpg": "a woman sitting at a table with a bunch of flowers", "03936-triptic1.jpg": "a painting of a woman standing in front of a mirror", "37418-violist.jpg": "a man in a suit sitting in a doorway", "34449-05rippl.jpg": "a woman is standing next to a woman", "26545-08_0bay8.jpg": "a display case with a painting of a woman on it", "36018-orator15.jpg": "a large painting on the side of a wall", "28414-painter.jpg": "a black and white photo of people in a room", "15340-poggio2.jpg": "a large building with a painting on top of it", "42220-0206vela.jpg": "a close up of a cow in a field", "34169-sneyd.jpg": "a woman wearing a hat and a hat", "05455-6annunci.jpg": "a painting of a woman standing next to a fireplace", "23561-children.jpg": "a group of women standing next to each other", "10520-saints.jpg": "a statue of a man and a statue of a man", "33236-charlott.jpg": "a woman and two children sitting on a bench", "02889-holyfami.jpg": "a group of people sitting on top of a teddy bear", "08992-07italia.jpg": "a group of people sitting on top of a dirt road", "31466-port_boy.jpg": "a woman wearing a hat and a hat", "19418-stiloliv.jpg": "a table with a cake and a glass of water", "30252-conversa.jpg": "a group of people sitting on a couch", "10930-triptic2.jpg": "a large tree in front of a building", "20905-boygirl2.jpg": "a couple of women sitting next to each other", "24785-1mero_l.jpg": "a woman standing in front of a building", "36777-portma32.jpg": "a man in a white shirt holding a paper", "33007-08farnes.jpg": "a group of people in a swimming pool", "02750-winterla.jpg": "a group of people riding horses in the snow", "33995-7cappell.jpg": "a group of people sitting in front of a church", "00377-02egypt.jpg": "a group of people sitting next to a building", "42234-0303vela.jpg": "a black and white photo of a woman wearing a tie", "00692-s_franci.jpg": "a man in a suit is holding a book", "22723-8madonn.jpg": "a woman holding a baby in front of a statue", "43074-monaster.jpg": "a group of people standing next to a stone wall", "06439-12july.jpg": "a group of people walking down a dirt road", "37582-pink.jpg": "a man in a red shirt is holding a spoon", "38848-4view.jpg": "a picture of a painting on the wall of a building", "09675-2venere5.jpg": "a statue of a man sitting next to a statue", "04386-zmadonna.jpg": "a woman holding a baby in a car", "41650-triptyc2.jpg": "a group of people standing in front of a mirror", "29799-cardshar.jpg": "a group of people standing around each other", "30474-fishmong.jpg": "a man with a hat sitting next to a man", "18303-1102grec.jpg": "a man and a woman are sitting on a couch", "25112-5virgin.jpg": "a woman sitting in a bed holding a baby", "16824-2cesari4.jpg": "a group of people standing around a group of horses", "14316-adorati2.jpg": "a group of people standing next to each other", "15820-spaniel1.jpg": "a black and white dog standing next to a bunch of flowers", "08612-louis_13.jpg": "a man in a leather jacket riding a bike", "13326-250tript.jpg": "a woman is standing in front of a mirror", "22819-triptych.jpg": "a group of people standing in a room", "36763-baptism.jpg": "a group of people standing next to each other on a beach", "13729-rosso2.jpg": "a group of people that are in a room", "42242-0310vela.jpg": "a woman standing next to a brown dog", "35208-ancilla.jpg": "a woman in a white dress and a white dress", "42742-racehors.jpg": "a horse standing in front of a building", "24971-fountai3.jpg": "a display of a man and a horse in a room", "35989-sal_1779.jpg": "an old brick building with a brick wall", "32359-rossau2.jpg": "a large painting of a painting on the wall", "09671-2venere1.jpg": "a large room with a statue and a statue", "40218-madre1.jpg": "an image of a woman in a red dress", "16031-franc10.jpg": "a building with a statue and a statue on it", "25086-isaac1.jpg": "a painting of a woman standing next to a vase", "36395-5meeting.jpg": "a group of people standing next to each other", "39161-04valma.jpg": "a room filled with lots of wooden furniture", "44163-defence.jpg": "a group of people riding on the back of a motorcycle", "04168-1pallav5.jpg": "a group of people standing in front of a building", "39258-1prese.jpg": "a group of people standing next to each other", "31305-depositi.jpg": "a group of people standing next to each other", "42966-00view.jpg": "a group of people standing in front of a building", "05592-06madonn.jpg": "a statue of a man and a woman in a costume", "04449-musical1.jpg": "a statue of a man sitting on top of a piano", "16142-chris12.jpg": "a couple of women standing next to each other", "11675-3west.jpg": "a group of people standing in front of a building", "01122-navicell.jpg": "a painting of a man holding a <unk>", "04910-panorami.jpg": "a group of people standing in front of a boat", "05626-virgin.jpg": "a woman in a costume is holding an umbrella", "17963-03fortu3.jpg": "a statue of a woman standing next to a statue", "14602-thespoil.jpg": "a group of dogs sitting on top of a couch", "19997-5zrinyi.jpg": "a painting of a man on a horse in the water", "03381-boybread.jpg": "a woman sitting in a chair with a bunch of donuts", "30657-anthony.jpg": "a group of people standing around in a room", "42624-28astro.jpg": "a woman sitting at a couch in a living room", "31010-soothsay.jpg": "a woman in a dress sitting on a horse", "41144-virgin_c.jpg": "a group of people standing next to each other", "38270-tribute.jpg": "a group of people standing around each other", "20069-07concer.jpg": "a group of people sitting around a table", "41470-monza1.jpg": "a wall with a clock on the wall", "41446-13galati.jpg": "a statue of a man with a pair of skis", "33492-09histor.jpg": "a woman in a dress holding a rope", "39839-portrait.jpg": "an old picture of a woman and a child", "19093-09chilnu.jpg": "a black and white photo of a little girl", "08975-vanitas1.jpg": "a pair of shoes sitting on top of a table", "33481-13mythom.jpg": "a woman in a dress holding a <unk>", "14480-410fried.jpg": "the sun is setting on the beach at sunset", "16140-chris11.jpg": "a group of people standing in front of a building", "25233-portrait.jpg": "a picture of a man and a mirror", "23326-4barbar.jpg": "a group of people standing in front of a building", "19312-oldmodel.jpg": "a close up of a pair of scissors on a shelf", "16101-mary07.jpg": "a painting of a woman standing next to a large painting", "33392-14newtes.jpg": "a black and white photo of a group of people", "42169-arliqui1.jpg": "a picture of a group of people in a room", "03669-luteplay.jpg": "a woman sitting on a bed next to a pile of clothes", "10693-bouquet.jpg": "a vase of flowers sitting on a table", "26367-battle2.jpg": "a large group of people are standing on the ground", "02501-4seaso4.jpg": "a close up of a vase with a bird on it", "00091-hunting.jpg": "a cat that is sitting on a purse", "43025-s_jerome.jpg": "a close up of a large elephant with a wooden bowl", "22991-amelia.jpg": "a woman is standing next to a wall", "31245-discover.jpg": "a group of men are in a field with horses", "25330-portrai1.jpg": "a close up of a person wearing a sweater", "20118-49hoock.jpg": "a woman standing in front of a building", "36853-landscap.jpg": "a picture of a very tall building", "00021-abbati4.jpg": "a woman standing in front of a building", "05654-diana_re.jpg": "a man and a woman are sitting on the ground", "40428-4prede4.jpg": "a group of people standing next to each other", "39424-3galilee.jpg": "a painting of a man on a boat in the water", "39977-17early.jpg": "a man standing next to a large window", "41152-port_man.jpg": "a woman wearing a scarf and a red tie", "38213-landscat.jpg": "a herd of cattle laying down in a field", "20675-letter.jpg": "a group of people sitting in front of a building", "02846-wskaters.jpg": "a group of people walking down a street", "10988-212david.jpg": "a black and white photo of a woman sitting on a couch", "23455-madonna.jpg": "a woman holding a baby in her arms", "27069-portrait.jpg": "a close up of a man in a white shirt", "18528-4winter.jpg": "a group of people walking down a street", "10466-pepoli1.jpg": "a group of people standing on top of a building", "14344-triumph1.jpg": "a group of people standing next to a building", "07668-carlev12.jpg": "a large group of people standing in front of a building", "34348-barbizon.jpg": "a tree in a field with trees and trees", "38461-funeral.jpg": "a group of people standing next to each other", "07998-magnani.jpg": "a painting of a bear and a rhino on a wall", "09848-courb111.jpg": "a group of people standing around in a room", "37801-manett02.jpg": "a man with his head in a <unk>", "20030-christdo.jpg": "a group of people standing next to each other", "42929-6ceilin.jpg": "a group of people sitting on top of a bed", "41876-venice.jpg": "a group of boats floating on top of a body of water", "29487-widerive.jpg": "a herd of horses standing next to a body of water", "25973-04notri2.jpg": "a group of people standing next to each other", "09599-sanpaolr.jpg": "a couple of women standing next to an elephant", "40220-pieta.jpg": "a painting of a painting on a wall", "24359-vase_flo.jpg": "a painting of a vase filled with flowers", "43239-port_man.jpg": "a man with a beard and a beard", "29680-martyrdo.jpg": "a stone building with a clock on top", "33242-ferdinan.jpg": "a woman standing next to a dog on a horse", "44573-st_luke.jpg": "a man sitting in front of a clock", "30958-socratex.jpg": "a group of people sitting on a street", "29477-nightlan.jpg": "a group of cows standing in a field", "16859-00view.jpg": "a large building that has a clock on it", "32500-sebastia.jpg": "a group of people sitting on top of a horse", "31975-131medic.jpg": "a close up of a person wearing a suit", "19686-westerke.jpg": "a church with a clock tower in front of it", "08633-3prophet.jpg": "a couple of men standing next to each other", "39263-4lastju.jpg": "a painting of a bunch of people in a room", "32775-09portra.jpg": "a man wearing a hat and a black hat", "10945-milksoup.jpg": "a woman sitting on a table with a baby", "04938-port_man.jpg": "a man wearing a black hat and a black hat", "17509-18virgin.jpg": "a couple of people sitting on a couch", "36716-anthony.jpg": "a group of people standing in front of a tree", "44756-apolonia.jpg": "a woman in a dress holding a tennis racket", "19616-tavern.jpg": "a group of people sitting around a room", "29598-christ_c.jpg": "a painting of a man standing next to a statue", "33978-magdalen.jpg": "a woman with long hair holding a <unk>", "07449-hercules.jpg": "a black and white photo of people sitting on a bed", "03939-triptic4.jpg": "a picture of a painting on the wall", "14321-madchild.jpg": "a group of people standing next to each other", "18747-guard213.jpg": "a large building with a bunch of people on it", "36973-self_you.jpg": "a close up of a person wearing a suit", "34210-diogenes.jpg": "a man with a beard sitting in a room", "13850-4element.jpg": "a man sitting on top of a brown horse", "19114-17no3boy.jpg": "a woman wearing a hat and holding a cell phone", "23180-18monaco.jpg": "a man with a hat on his head", "00806-predel3.jpg": "a group of people standing in front of a building", "06254-sebastia.jpg": "a man in a red shirt laying in bed", "42237-0306vela.jpg": "a man that is standing next to a suitcase", "16926-calvar3.jpg": "a group of people standing next to each other", "19368-3hayez.jpg": "a man in a suit sitting on a couch", "12211-pre_f_3x.jpg": "a statue of a man holding a skateboard", "42407-small1.jpg": "a couple of boats that are floating in the water", "05235-02pouter.jpg": "a man standing next to a bunch of birds", "11661-farnese.jpg": "a statue of a woman sitting on a rock", "18361-1512grec.jpg": "a man laying in a bed with a pillow", "08845-01john1.jpg": "a group of people standing next to each other", "14996-tahiti55.jpg": "a woman sitting on a bench next to a woman", "24425-circumci.jpg": "a group of people sitting around a table", "33238-george3.jpg": "a man in a costume is wearing a costume", "09024-02ermini.jpg": "a group of animals that are standing in the grass", "31747-10figure.jpg": "a woman standing next to a group of people", "15918-shepherd.jpg": "a group of people standing around a stone wall", "02791-stillif5.jpg": "a vase of flowers sitting on a table", "17190-cypres01.jpg": "a close up of a blue umbrella near a building", "25928-portrait.jpg": "a woman in a leather jacket and a purse", "31281-virgin_c.jpg": "a group of people sitting on top of a couch", "13281-l_dacre.jpg": "a woman sitting on a couch holding a cell phone", "13919-p_hulft.jpg": "a man sitting in front of a large mirror", "25975-04passi.jpg": "a large group of people standing next to each other"}