{"38931-11alvise.jpg": "a group of people standing next to each other", "39250-05assump.jpg": "a group of people sitting on top of an elephant", "36496-stephen.jpg": "a couple of people sitting on top of a rock", "06402-01babel.jpg": "a large building with a clock on it", "38313-christ_s.jpg": "a group of people sitting in a room", "21651-zenobio4.jpg": "a group of people sitting on a chair", "32262-14temple.jpg": "a group of people riding on the backs of elephants", "37651-2domenic.jpg": "a clock that is on top of a wall", "11499-forest.jpg": "a forest filled with trees and trees", "39774-02gloves.jpg": "a man wearing a yellow shirt and a tie", "36786-shipping.jpg": "a group of boats that are sitting in the water", "22340-1charles.jpg": "a man and a woman sitting on a bench", "15192-mary_mag.jpg": "a woman sitting on top of a brown couch", "19677-rarities.jpg": "an old fashioned fireplace with a cat on it", "07237-canal606.jpg": "a clock tower in the middle of a city", "44298-verona.jpg": "a river filled with lots of boats and buildings", "35392-03erect4.jpg": "a group of people sitting on top of a table", "00178-vegetab2.jpg": "a group of people standing next to a statue", "24727-nativity.jpg": "an old photo of a woman and a man", "03763-024chris.jpg": "a young woman holding a cell phone in her hands", "18989-coronati.jpg": "a group of people sitting on top of a couch", "36790-triptych.jpg": "a painting on a wall with a painting on it", "09226-adoratio.jpg": "a group of people standing around a mirror", "29824-penwarne.jpg": "a man with a beard and a tie", "16677-arezzo4.jpg": "a man standing next to a large building", "42250-0401vela.jpg": "a group of people riding on the backs of horses", "10936-annuncib.jpg": "a woman standing next to a wooden table", "07008-herodias.jpg": "a woman sitting on a couch with a dog", "44743-portlady.jpg": "a woman in a black dress is holding a flower", "11191-1880s_11.jpg": "a painting of a man standing next to a cow", "05391-basket.jpg": "a table topped with lots of fruits and vegetables", "44659-steinhau.jpg": "a large cathedral with a large white church", "10517-madonna.jpg": "a statue of a woman sitting on top of a statue", "22443-roman_sc.jpg": "a group of people sitting in front of a statue", "42830-04lattu2.jpg": "a group of people standing around a christmas tree", "33914-cabinet.jpg": "a room filled with lots of different items", "30518-rest_fli.jpg": "a woman is sitting in the grass with a horse", "30551-beach.jpg": "a large body of water with a rock in the background", "09882-courb220.jpg": "a woman wearing a hat holding a flower", "07094-sloth.jpg": "a man standing in a field with a bunch of animals", "18237-0507grec.jpg": "a statue of a man and a statue of a dog", "13908-heliodor.jpg": "a statue of a man sitting on top of a horse", "32995-4isaac.jpg": "a couple of people sitting on top of a wooden floor", "30743-view_riv.jpg": "a large body of water next to a city", "36349-monetpai.jpg": "a couple of people standing next to a tree", "32248-21tancred.jpg": "a group of people riding on the back of a horse", "00988-4fiesole.jpg": "a statue of a woman standing next to a statue", "15943-venus.jpg": "a man laying on a bed with a tree in the background", "03368-callsons.jpg": "a group of people standing around a large elephant", "25121-ursula3.jpg": "a picture of a woman in a dress", "44729-farnese9.jpg": "a wall with a painting on the wall", "23462-salome2.jpg": "a woman holding a plate with a woman holding a plate", "37515-5lucreti.jpg": "a couple of people standing next to each other", "18567-palace.jpg": "a group of people on boats in a body of water", "36091-4absalo1.jpg": "a painting of a building with statues on it", "44305-draught.jpg": "a group of people riding in boats on a river", "08678-06prayer.jpg": "a couple of people standing around a table", "43474-amadeus2.jpg": "a picture of a woman sitting next to a statue", "09922-young_g.jpg": "a man and a woman standing next to each other", "26232-1predel5.jpg": "a couple of men standing next to each other", "41355-01sancta.jpg": "a building that has a painting on it", "03520-susanna.jpg": "a couple of people that are sitting on a bed", "07993-christse.jpg": "a group of people standing around a tree", "40205-market.jpg": "a man riding on the back of a herd of cattle", "03873-158portr.jpg": "a man wearing a hat and a hat", "37115-moses.jpg": "a large group of people standing in front of a building", "13787-tobias_h.jpg": "a group of people standing next to a statue", "11022-501david.jpg": "a woman sitting on a bed next to a child", "40449-uhde2.jpg": "a group of men standing next to each other", "28879-16moriso.jpg": "a young girl is standing next to a horse", "26183-polypty1.jpg": "a man in a red dress holding a cell phone", "07078-loggia.jpg": "a statue of a person holding a teddy bear", "17725-212goya.jpg": "a group of people sitting on top of a sandy beach", "03378-agliard1.jpg": "a couple of men standing next to each other", "09028-05europa.jpg": "a group of people standing next to a river", "34947-5oberze3.jpg": "a painting of a painting on a wall", "07950-selfport.jpg": "a man standing in front of a wooden wall", "29814-landtrav.jpg": "a group of horses that are standing in the dirt", "00136-terriers.jpg": "a couple of dogs standing next to each other", "19336-hierjobs.jpg": "a group of people standing around a long table", "39660-08crucif.jpg": "a group of people standing next to each other", "29725-portlady.jpg": "a woman in a black dress on a cell phone", "00125-meatsell.jpg": "there is a dog that is sitting on a table", "12969-charllou.jpg": "a man in a leather jacket is sitting on a bench", "21388-odysseus.jpg": "a group of young men sitting on a bed", "44051-6diptic1.jpg": "a man standing next to a woman in a suit", "25267-fromme.jpg": "a woman sitting on a couch with an umbrella", "29895-stil-lif.jpg": "a close up of a vase with flowers in it", "08750-gallery.jpg": "a group of people walking down a walkway", "15788-kermesse.jpg": "a large group of people standing in front of a church", "12274-verso17.jpg": "a group of people standing next to a building", "10060-luteconc.jpg": "a group of people sitting around a table", "24537-08olona.jpg": "a dog laying on the ground next to a rock", "06046-diananym.jpg": "a group of people playing in the water", "19903-02henry8.jpg": "a statue of a man sitting on a horse", "00730-5mira1.jpg": "a white and white picture of a man and woman", "38282-stcosmas.jpg": "a group of people standing next to each other", "26016-08olive.jpg": "a woman standing in front of a painting on a wall", "04839-stil_lif.jpg": "a table that has some food on it", "44405-earthsto.jpg": "a painting of a person standing next to a tree", "07704-2annunc2.jpg": "a woman standing in front of a church", "05182-cornar08.jpg": "there is a man that is on the beach", "24500-madonna.jpg": "a young boy in a yellow dress holding a statue", "03160-pacioli.jpg": "a couple of men sitting next to each other", "38870-08udine.jpg": "a statue of a man standing next to a statue", "00026-andria1.jpg": "a group of people standing in front of a building", "26521-1virgin.jpg": "a black and white photo of people in a room", "09201-merry_co.jpg": "a group of people standing next to each other", "16978-2hague01.jpg": "a person sitting on a log in the snow", "14634-2north6.jpg": "a group of people standing next to each other", "42490-stillifx.jpg": "a painting of a vase with flowers in it", "05419-landruin.jpg": "a couple of people riding horses down a hill", "07275-canal804.jpg": "a body of water with many boats in it", "37709-venusdov.jpg": "a man laying on a bed with a bird flying over him", "33012-13farnes.jpg": "a group of people sitting on top of a bed", "21965-6stjohn.jpg": "a woman holding up her hands in the air", "18723-guard103.jpg": "a large clock tower towering over a city", "26740-02_4sp2f.jpg": "a group of people sitting on a couch", "42821-5helen.jpg": "a woman laying on a bed with a knife", "44740-bathsheb.jpg": "a group of people sitting on top of a table", "15311-f_earle.jpg": "an old photo of a family sitting on a bench", "07745-virgin_c.jpg": "a group of people sitting on top of a brown horse", "36955-models5.jpg": "a close up of a brown and yellow umbrella", "32486-lastjudg.jpg": "a painting of a painting on a wall", "39994-3redhea4.jpg": "a statue of a woman playing with a <unk>", "00365-viewvien.jpg": "a group of people sitting on top of a lush green field", "29223-08nunzia.jpg": "a group of people sitting on top of a building", "35686-dense.jpg": "a flock of birds are flying over a tree", "35279-rudolf2.jpg": "a man wearing a white shirt and a white shirt", "13013-marriag1.jpg": "a man in a black jacket and a black jacket", "15833-altar3.jpg": "a group of people standing around a painting on a wall", "23950-sacracon.jpg": "a couple of men standing next to each other", "29217-02nunzia.jpg": "a large group of people in a room", "44357-founderi.jpg": "a large rock with a rock in the background", "40108-entombme.jpg": "a group of people sitting on the ground", "04572-company.jpg": "a group of women standing next to each other", "04126-ruinital.jpg": "a herd of cattle walking down a dirt road", "21716-p_meal.jpg": "a group of people sitting around a table", "23053-2chapte1.jpg": "an old building with a building and a statue", "17541-6danae1.jpg": "a woman sitting on a building in front of a building", "16423-evang01.jpg": "a painting of a painting in front of a building", "12303-2crevole.jpg": "a woman standing next to a wall holding a cigarette", "34053-3renoi01.jpg": "a woman is sitting on a couch with a dog", "24228-fishmar.jpg": "a small river with a large clock tower", "19407-stillif2.jpg": "a plate of food sitting on top of a table", "30401-cupid.jpg": "a man and a child are sitting on a bench", "26610-03_4se.jpg": "a man sitting on a bench in a room", "17800-704goya.jpg": "a couple of people sitting on top of a rock", "44287-naples.jpg": "a large body of water with boats in it", "16657-s_cather.jpg": "a statue of a man standing next to a statue", "32721-garden1.jpg": "a group of people standing next to each other", "04828-ferdinan.jpg": "a close up of a person wearing a hat", "09683-5apollo2.jpg": "a group of people sitting on top of a couch", "39141-08zianig.jpg": "a statue of a man standing next to a statue of a man", "08752-barberin.jpg": "a painting of a bird on a wall", "03804-095resur.jpg": "a man standing in front of a stone wall", "23288-01barto3.jpg": "a group of people sitting around a horse", "20590-banquet.jpg": "a group of people standing in front of a building", "17746-314goya.jpg": "a man in a white shirt and tie holding a knife", "42362-bathhuts.jpg": "a picture of a person with a frisbee", "22475-03adora.jpg": "a group of people standing in front of a fountain", "33929-vanitas3.jpg": "a close up of a pair of scissors on a table", "01047-seabattl.jpg": "there is a large boat that is in the water", "17126-arles48.jpg": "a bed sitting in a room next to a table", "05033-huntsmen.jpg": "a group of people sitting on the ground with a dog", "20039-031mocki.jpg": "a group of people sitting in a room", "13718-2assunt6.jpg": "a group of people standing next to each other", "38081-italiana.jpg": "a group of people riding on the backs of horses", "23745-welzer2.jpg": "a woman wearing a hat and a hat", "43605-06toilet.jpg": "a group of people sitting on a couch", "09340-tenbosch.jpg": "a large building with a building in the background", "05937-risenchr.jpg": "a man in a white dress holding a tie", "40235-st_james.jpg": "a statue of a woman standing next to a statue", "16462-chapelx.jpg": "a large building with a large window in it", "38771-magdalen.jpg": "a statue of a man and a woman", "32925-1pope.jpg": "a statue of a statue in a museum", "34719-magdalen.jpg": "a beautiful young woman sitting on a couch", "38316-port_man.jpg": "a woman holding a cell phone while sitting down", "05268-hermit.jpg": "a painting of a man riding on the back of a horse", "15181-cecilia.jpg": "a woman holding a tennis racket in her hand", "05888-villasea.jpg": "a large rock in the middle of a river", "28755-0granvell.jpg": "a man in a black jacket holding a guitar", "29282-214muril.jpg": "a couple of people sitting in a room", "17051-paris01.jpg": "a group of people standing next to a river", "12191-cro_v_3.jpg": "a group of people standing next to each other", "16992-nuenen07.jpg": "a couple of horses standing next to each other", "20927-winter.jpg": "a group of people sitting in a room", "24052-2sposi04.jpg": "a group of people standing next to each other", "05567-10calumn.jpg": "a group of people standing next to a statue", "41000-091parab.jpg": "a stone building with people sitting on it", "42006-solomon.jpg": "a group of people standing next to each other", "38550-vertumnu.jpg": "a couple of women sitting on top of a table", "08042-sartori.jpg": "a woman holding a camera in her hand", "21836-pergola.jpg": "a woman standing next to a woman in a dress", "13815-peaches.jpg": "a close up of a bunch of fruit on a table", "39254-08gigli1.jpg": "a man sitting on top of a red blanket", "13471-concert.jpg": "a group of people standing around a fountain", "15973-01allego.jpg": "a large clock hanging from the ceiling of a building", "40058-2cafe3.jpg": "a painting of a man sitting on top of a bench", "31991-2annunc.jpg": "a painting of a man standing next to a wall", "32352-20ignazi.jpg": "a group of people riding on the back of a horse", "18543-viewkiel.jpg": "a large group of people standing around a field", "36069-2visita2.jpg": "a group of people standing next to each other", "43834-india.jpg": "a woman riding on the back of a horse", "02763-thr_swan.jpg": "a bird that is standing on some rocks", "21171-panorama.jpg": "a scenic view of a field with a mountain in the background", "37101-0view1.jpg": "a painting of a painting on the side of a building", "06220-dellarove.jpg": "a man is standing next to a dog", "35646-10sketc3.jpg": "a group of people that are standing around", "41943-rocky_la.jpg": "a picture of a building with a mountain in the background", "41491-1view2.jpg": "a brick building with a painting on the wall", "27082-pictura.jpg": "a woman wearing a brown coat and holding a knife", "37249-40renoun.jpg": "a vintage photo of a woman in a dress", "00706-forest.jpg": "a large tree that has a tree in it", "08431-distaff.jpg": "a man in a hat is talking on a cell phone", "31703-winter02.jpg": "a group of people walking down a dirt road", "26163-0546nati.jpg": "a group of people standing next to a building", "32723-stillife.jpg": "a table topped with lots of different types of fruit", "02893-l_medici.jpg": "a man wearing a red hat and a red hat", "26105-27column.jpg": "a statue of a woman standing in front of a door", "29392-castle2.jpg": "a view of a field with trees in the background", "42489-stillife.jpg": "a bouquet of flowers in a vase on a table", "06858-patmos1.jpg": "a statue of a person sitting on a tree", "22313-04goats.jpg": "a man and a dog are walking down a hill", "15450-0view1.jpg": "a large clock mounted to the side of a building", "18906-05aurora.jpg": "a group of animals that are on some rocks", "26395-shepherd.jpg": "a group of people riding horses down a river", "43311-triptych.jpg": "a statue of a woman standing next to a statue", "21389-venus_ae.jpg": "a group of people in a crowd of people", "11296-317delac.jpg": "a couple of women standing next to each other", "23282-07transf.jpg": "a group of people that are sitting on a couch", "26638-05_1pr4.jpg": "a group of women standing next to each other", "18263-0802grec.jpg": "a statue of a man standing next to a large elephant", "37339-portia.jpg": "a woman in a red dress is holding a cigarette", "32434-aeneas.jpg": "a man sitting on a couch holding a dog", "14157-09lesson.jpg": "a woman sitting on a couch with a dog", "10296-05luthe3.jpg": "a picture of a man in a suit and tie", "28447-landdune.jpg": "a group of people sitting on top of a dirt field", "18130-joseph.jpg": "a group of people standing in front of a building", "21961-4stanne.jpg": "a woman laying on a couch next to a baby", "37668-rural_sc.jpg": "a group of people standing on top of a beach", "43310-stgeorge.jpg": "a statue of a statue of a statue of a cow", "05473-50bardi.jpg": "a group of people standing around a statue", "14426-102fried.jpg": "a tree in the middle of a forest", "24825-heilige1.jpg": "a group of people standing in front of a wall", "16865-1dome6.jpg": "a picture of a man and a statue", "20342-landscap.jpg": "a group of people riding on the backs of horses", "09422-sheep.jpg": "a herd of sheep grazing on a lush green hillside", "23602-holyfami.jpg": "a dog and a dog are in a bed", "17229-copies21.jpg": "a painting of a man sitting next to a woman", "42452-navalenc.jpg": "a bunch of boats that are floating in the water", "15108-st_john.jpg": "a person sitting on a couch with a sheep", "44076-01fillas2.jpg": "a painting of a painting of a tree in a vase", "28645-3poplar2.jpg": "a bunch of flowers in front of a wall", "02736-kilarney.jpg": "a couple of people standing next to a river", "38990-09labia1.jpg": "a group of people sitting on the side of a building", "32531-5kingrom.jpg": "a baby is laying on the ground next to a tree", "17948-viewoude.jpg": "a black and white photo of a sailboat on a beach", "40180-port_man.jpg": "a man in a black hat sitting at a desk", "23597-m_scene.jpg": "a group of people sitting on top of a bed", "30513-land_res.jpg": "a couple of people riding on the backs of horses", "21014-philosop.jpg": "a painting of a woman sitting in a room", "28667-2venice1.jpg": "a large stone building with a fountain in it", "39508-23morosi.jpg": "a close up of a person wearing a mask", "15853-triumph.jpg": "a painting of a bed with a painting on it", "28322-riverlan.jpg": "a body of water next to a river", "38058-candleli.jpg": "a man in a hat is using a cell phone", "05862-pearl2.jpg": "a group of people standing next to each other", "26077-23nomate.jpg": "a man wearing a white hat and a tie", "37804-manett05.jpg": "a couple of women standing next to each other", "40057-2cafe2.jpg": "a painting of a man on the side of a large painting", "13251-sunday.jpg": "a group of people standing around each other", "19619-bonavent.jpg": "a group of people sitting next to each other", "19650-nauplia.jpg": "a large group of people standing around a beach", "17820-804goya.jpg": "a man sitting in a chair with a pair of scissors", "08203-trent_co.jpg": "a group of people standing next to each other", "16825-3cavalli.jpg": "a large rock sitting next to a tree", "37630-expulsix.jpg": "a crowd of people watching a group of people", "05813-moses.jpg": "a group of people that are sitting on the ground", "30317-roma1.jpg": "a large stone building with statues and statues", "30280-madonnb.jpg": "a group of people standing next to each other", "28911-abbess.jpg": "a man sitting in a chair holding a cell phone", "34708-wedding.jpg": "a group of people standing in front of a mountain", "20992-portlady.jpg": "a person in a hat holding a cell phone", "12588-9baret.jpg": "a man holding a bottle of food in his hand", "32918-3corona.jpg": "a group of people standing in a room", "23232-polyptid.jpg": "a large ornate building with statues and statues", "38051-1redempt.jpg": "a group of people standing in a room", "15974-10allego.jpg": "a clock is displayed on a wall in a room", "00106-stilvase.jpg": "a bunch of fruit sitting on top of a table", "40817-kingdrin.jpg": "a group of people sitting around a table", "19371-5hayez.jpg": "a woman sitting in a chair with a laptop", "14086-pieta.jpg": "a group of people sitting on a bed", "34261-bacchana.jpg": "a group of people that are playing with dogs", "21765-presenta.jpg": "a group of people standing next to each other", "44229-sketch2.jpg": "a painting of a man sitting on top of a <unk>", "19751-landscap.jpg": "a tree with a tree in the background", "18274-0813grec.jpg": "a group of people sitting on top of a couch", "44292-venice1.jpg": "a large body of water with boats in it", "16578-sebastia.jpg": "a close up of a person holding an orange object", "17217-copies09.jpg": "a statue of a statue sitting next to a wall", "32403-girlcher.jpg": "a young girl is holding a plate of food", "32994-3solomon.jpg": "a group of people standing on top of a sandy beach", "18787-guard410.jpg": "a group of people standing around a building", "29429-sultane.jpg": "a group of women sitting on top of a bed", "43973-2miraflo.jpg": "a man and a woman sitting in a chair", "25952-st_anne.jpg": "a woman sitting on a couch holding a baby", "00826-1trinita.jpg": "a group of people standing next to each other", "14267-1scenes2.jpg": "a large building with statues on it", "25027-allegory.jpg": "a black and white photo of a group of people", "13553-rijnsbur.jpg": "a view of a house on a cloudy day", "05086-rest_fli.jpg": "a group of people sitting on a couch", "09377-oldsarum.jpg": "a man standing on a beach next to a body of water", "37840-venusado.jpg": "a group of people riding on the backs of elephants", "16642-avignon.jpg": "a group of people standing next to each other", "38632-bp_advic.jpg": "a couple of women sitting next to each other", "38639-family.jpg": "a black and white photo of a woman and a child", "03168-fashion.jpg": "an old photo of a woman in a dress", "32742-banksein.jpg": "a body of water sitting on top of a sandy beach", "21297-01jerome.jpg": "a man with glasses is holding a glass", "27052-h_altar.jpg": "a large brown and gold clock on a mantle", "08604-martyrdo.jpg": "a group of people standing around a bench", "23975-3apse1.jpg": "a stone building with statues and statues on it", "43156-progres2.jpg": "a group of people standing around in a park", "03626-pigot.jpg": "a woman sitting on a bed reading a book", "42404-marine.jpg": "a group of boats that are sitting in the water", "08801-isabel.jpg": "a black and white photo of a woman in a dress", "25157-madonna.jpg": "a little girl that is holding an umbrella", "33632-18sp1660.jpg": "a man wearing a hat with an umbrella", "10829-barges.jpg": "a boat that is floating in the water", "08469-francis.jpg": "a man sitting on the ground next to a painting", "14900-early02.jpg": "a man standing on top of a lush green field", "13312-14m_read.jpg": "a woman is sitting on the floor with a baby", "00904-3armadio.jpg": "a store display of a store display of people", "39951-4oldtest.jpg": "a statue of a man sitting next to a statue", "08985-02gegypt.jpg": "a couple of people riding on the back of a horse", "07204-canal406.jpg": "a group of people on a boat in the water", "03966-bello106.jpg": "a large building with a building in the background", "31455-5cather.jpg": "a large group of people standing around a building", "26146-37frag3.jpg": "a woman talking on a cell phone with a dog", "00203-holyfami.jpg": "a group of people sitting on a couch next to a tree", "20241-ziegler.jpg": "a man in a black jacket holding a sign", "41363-09sancta.jpg": "a stone building with a painting on the wall", "10641-soldiers.jpg": "a group of people standing in front of a river", "39881-fishmark.jpg": "a group of people sitting around a table", "04981-moonlit.jpg": "a boat floating on top of a body of water", "12465-allegory.jpg": "a man in a hat is holding a skateboard", "10577-pieta.jpg": "a couple of people standing next to each other", "36348-millicen.jpg": "a statue of a woman standing next to a vase", "30286-assumpti.jpg": "a painting of a man sitting on top of a table", "08796-dry_tree.jpg": "a painting of a woman standing next to a tree", "13649-classic2.jpg": "a group of people standing next to a statue", "04170-1pallav7.jpg": "a statue of a man standing next to a statue", "04553-gorge.jpg": "a large body of water next to a river", "18400-1813grec.jpg": "a statue of a man wearing a red shirt", "33004-05farnes.jpg": "a group of men standing next to each other", "37810-manett11.jpg": "a dog sleeping on top of a blanket", "40755-14icon.jpg": "a painting of a man standing next to a statue", "36755-farewell.jpg": "there is a man standing in front of a building", "00728-4mira.jpg": "a painting of a painting on the wall of a vase", "20635-rudelbac.jpg": "an older man wearing a white shirt and tie", "22972-gr_turk.jpg": "a group of people sitting around a table", "07500-271y_ran.jpg": "a shirtless man sitting on the ground with his arms crossed", "35868-sleeping.jpg": "a woman sitting on a couch next to a woman", "14424-tivoli.jpg": "a large body of water next to a body of water", "16710-hortense.jpg": "a woman in a red dress sitting down", "20358-04ingres.jpg": "a group of people standing next to each other", "15745-egypt.jpg": "a group of people that are sitting on the ground", "03029-02altar.jpg": "a group of people standing in a parade", "28463-landsca1.jpg": "a group of people walking down a dirt road", "23476-zeeland.jpg": "a dirt road next to a dirt road", "12482-09dresd2.jpg": "an old photo of a woman sitting on a bench", "22264-winterla.jpg": "a couple of people riding horses on a beach", "10320-09elect1.jpg": "a picture of a man with a hat on", "15911-02mad_ch.jpg": "an old photo of a woman and two children", "16778-1south.jpg": "a large group of people in a room", "00556-5vault2.jpg": "a large painting of a man on a wall", "19444-stillboo.jpg": "a table with a book and a bag on it", "34948-5oberze4.jpg": "a painting of a painting on the side of a wall", "06663-peasantd.jpg": "a group of people standing around a tree", "20968-riverlan.jpg": "a group of people riding in boats on a river", "33539-50portra.jpg": "an old photo of a man with a beard", "34065-3renoi13.jpg": "a man and a woman in a white dress", "43711-martyrdo.jpg": "a group of people sitting around a man", "13529-group2.jpg": "a black and white photo of a man sitting on a chair", "19925-11butts1.jpg": "a man wearing a hat and holding an umbrella", "31358-riverlan.jpg": "a couple of people sitting next to a rocky cliff", "04118-l_evenix.jpg": "a group of people riding horses down a dirt road", "41146-adoratix.jpg": "a group of people sitting in a room", "26725-lu12sal.jpg": "a couple of people sitting on top of a building", "17141-arles63.jpg": "a green vase with a flower on top of it", "08448-lotdaugh.jpg": "a group of people sitting in a room", "16988-nuenen03.jpg": "a black and white photo of a man sitting in a chair", "26325-giverny.jpg": "a view of a city street with trees in the background", "29732-stil_lif.jpg": "a bunch of fruit sitting on top of a table", "09331-reveuse.jpg": "a man sitting in a chair holding a tie", "08123-tea_tabl.jpg": "a woman sitting at a table in front of a mirror", "10720-landsca1.jpg": "a group of people standing around a tree", "05863-pearl3.jpg": "a man and a boy standing next to each other", "23797-1early03.jpg": "a black and white photo of a man in a suit", "17704-woodedla.jpg": "a horse drawn carriage on a dirt road", "39014-1hall2.jpg": "a group of people standing in front of a church", "14793-youngwom.jpg": "a man talking on a cell phone next to a mirror", "41738-3agapit1.jpg": "a woman with a hat and a dog", "05420-landscap.jpg": "a group of people standing next to a forest", "43495-erupti1.jpg": "a group of people on a beach next to a boat", "06742-portrait.jpg": "a statue of a man sitting on top of a wooden box", "09380-salisbu2.jpg": "a group of animals standing in front of a church", "36368-smolensk.jpg": "a horse that is standing in the grass", "17047-still06.jpg": "a plate of food on a table", "22296-crucifix.jpg": "a group of people standing in a room", "41741-3agapit4.jpg": "a group of people standing next to each other", "09816-portrait.jpg": "a woman in a dress is holding a toothbrush", "33378-02newtes.jpg": "a group of people standing next to each other", "22453-van_lint.jpg": "a woman standing next to a large window", "39083-06virtue.jpg": "a painting of a man on a rock", "17531-9christ.jpg": "a man sitting on the floor in front of a mirror", "12573-6apostl1.jpg": "a close up of a person holding a doughnut", "32552-triptich.jpg": "a clock on the side of a building", "33258-kingloui.jpg": "a large stone building with a large stone wall", "24283-scenes4.jpg": "a group of people standing next to a train", "18326-1214grec.jpg": "a group of people standing next to each other", "03713-lamentat.jpg": "a group of people sitting on top of a table", "05061-portrai3.jpg": "a woman sitting in a bed with a child", "10431-cardinal.jpg": "a woman in a dress standing in front of an umbrella", "21151-man_inte.jpg": "a woman sitting on a chair in a room", "16381-chris09.jpg": "a group of women standing next to each other", "17474-3malvag4.jpg": "a statue of a man standing next to a stone wall", "11500-forestsc.jpg": "a large tree in the middle of a forest", "09141-gouffier.jpg": "a man wearing a baseball cap and a hat", "43437-estuary1.jpg": "a picture of a beach with a sky background", "19886-4wedigh.jpg": "a man wearing a black hat and a black hat", "00133-gentlema.jpg": "a man riding a horse next to a herd of horses", "14817-certosa2.jpg": "a group of people standing next to a stone wall", "16624-baptist.jpg": "a painting of a man in a room", "06952-florence.jpg": "a large group of people standing next to a building", "37000-the_ford.jpg": "a woman standing next to a herd of cattle", "41331-043popol.jpg": "a painting of a man and a woman", "12484-10seven1.jpg": "a person wearing a hat and holding a cell phone", "32178-margheri.jpg": "a woman in a dress standing in a dress", "34035-2renoi16.jpg": "a group of people standing next to a cow", "36063-port_man.jpg": "a man in a black jacket and a dog", "30265-sibyl.jpg": "a woman laying on a bed with a dark background", "37086-9vault6.jpg": "a group of people sitting on a wall", "28930-tailor1.jpg": "a man wearing a tie sitting on a table", "00176-conversa.jpg": "a group of people sitting on top of a wooden floor", "00656-lastsup.jpg": "a group of people sitting in front of a large building", "12425-grapes.jpg": "a basket filled with lots of fruits and vegetables", "32118-officers.jpg": "a group of people standing next to each other", "06599-5sense61.jpg": "a group of people that are in a room", "37699-valencic.jpg": "a boat that has a boat in it", "34419-jeffreys.jpg": "a woman in a dress is standing next to a woman", "32688-thetis.jpg": "a group of people standing around a fountain", "43004-01canoss.jpg": "a couple of people standing next to each other", "39299-01ceilin.jpg": "a painting of a man sitting on top of a <unk>", "21646-rinaldo1.jpg": "a couple of men sitting on top of a bed", "08423-allegory.jpg": "a woman holding a baseball bat in front of a woman", "25324-assumpti.jpg": "a group of people riding on the back of elephants", "36580-gericaul.jpg": "a man laying on a couch with a dog", "43251-musicmak.jpg": "a group of people sitting around a tree", "19621-holyfami.jpg": "a large group of people in a room", "26608-01_5nw.jpg": "a woman sitting on a ledge next to a window", "30953-alceste.jpg": "a group of people laying on a couch", "07151-canal101.jpg": "a river that has some boats on it", "38922-04hagar.jpg": "a group of people sitting on top of a couch", "11423-papadop1.jpg": "a group of people standing around a tree", "30098-princes.jpg": "a large group of horses in a parade", "38592-worksmer.jpg": "a group of people standing in front of a church", "43432-venus_3g.jpg": "a group of kids sitting on a bed", "05679-o_murph1.jpg": "a man laying in a bed with a blanket", "34058-3renoi06.jpg": "a little girl standing next to a little girl", "29295-303murin.jpg": "a couple of people sitting next to each other", "34214-jacob_dr.jpg": "a man laying on a bed next to a dog", "30052-1lauren3.jpg": "a woman wearing a green coat and a tie", "17719-206goya.jpg": "a woman dressed in a costume is standing next to a dog", "32942-03diadem.jpg": "a woman sitting on a bed with a baby", "24400-crucifix.jpg": "a group of people standing next to a statue", "26623-09_4sw.jpg": "a man sitting on top of a wooden bench", "29913-countryp.jpg": "a group of people sitting around a wooden table", "34188-ixion.jpg": "a black and white dog is laying down next to a dog", "05756-jephta.jpg": "a group of people standing on top of a wooden floor", "09561-corot151.jpg": "a dog laying on the ground next to a tree", "34825-s_bernar.jpg": "a woman sitting in a room with a child", "09343-alexande.jpg": "a group of people sitting on top of a stage", "04191-madonna.jpg": "a man and a woman standing next to each other", "11703-7madonna.jpg": "a woman holding a baby and a baby", "28873-10moriso.jpg": "a statue of a dog standing next to a building", "03287-1assunta.jpg": "a group of people standing around a statue", "27122-portrait.jpg": "a woman in a black dress is holding a flower", "42151-lastsupp.jpg": "a large group of people sitting around a table", "27103-mother_c.jpg": "a woman sitting in a chair next to a baby", "40244-rovere_a.jpg": "a man in a leather jacket with a teddy bear", "07336-st_jame.jpg": "a man sitting on top of a brown and white horse", "17970-09monte4.jpg": "a group of people standing next to each other", "16779-1south0.jpg": "a group of people sitting in front of a painting", "43826-poedua.jpg": "a woman wearing a white shirt and white shirt", "03736-giustini.jpg": "a painting of a woman standing next to a statue", "34445-01rippl.jpg": "a young boy dressed in a black and white dress", "34458-14rippl.jpg": "a woman sitting in front of a christmas tree", "31271-immacul.jpg": "a group of people sitting on a stage"}