{"20938-mirror.jpg": "a woman standing in a room with a canopy", "06088-two_inte.jpg": "a man in a hat and hat holding a baseball bat", "36210-predel4.jpg": "a group of people standing next to each other", "18814-triumph2.jpg": "a picture of a man and a woman", "34205-apollo1.jpg": "a black and white photo of a man and a dog", "08778-donator1.jpg": "a man in a red jacket sitting in front of a building", "24240-salute2.jpg": "a boat on a river with buildings in the background", "24212-madonna2.jpg": "a painting of a man and a clock", "35118-river_la.jpg": "a group of people standing next to a river", "22131-annuncia.jpg": "a couple of women standing next to each other", "34347-talmont.jpg": "a group of people standing around a building", "29268-202muril.jpg": "a painting of a woman and a horse", "14584-diana.jpg": "a group of people sitting around a bunch of dogs", "22758-adam_pen.jpg": "a couple of people that are laying down", "13034-capture.jpg": "a group of people standing around a group of elephants", "29308-doctor.jpg": "a man sitting in a living room next to a table", "43595-01timelo.jpg": "a group of people standing on top of a sandy beach", "19623-st_basil.jpg": "a group of people sitting on a bed", "07015-crucmale.jpg": "a statue of a man standing next to a statue", "38257-gamba_p.jpg": "a woman in a red dress sitting on a bench", "38429-5dancer.jpg": "a woman in a dress sitting on a bed", "33557-086portr.jpg": "a man wearing a brown shirt and a tie", "26162-0442virg.jpg": "a woman holding a baby in her arms", "33541-62portra.jpg": "a young boy wearing a hat and a hat", "10186-4david.jpg": "a group of people sitting on a bench", "28822-vertumnu.jpg": "a couple of women sitting next to each other", "09506-choice.jpg": "a couple of people sitting next to each other", "12270-verso14.jpg": "a group of people standing next to a building", "36848-pati_job.jpg": "a man sitting on a couch with a man in a white shirt", "37816-herodia.jpg": "a statue of a man standing next to a clock", "43920-p_prince.jpg": "a woman and a little girl in a costume", "10159-52religi.jpg": "a woman in a dress and a red dress", "01097-crucifiy.jpg": "a statue of a man with a skateboard", "28573-1argen8.jpg": "a dog sitting on top of a red and white rug", "24029-5deathv2.jpg": "a painting of a man sitting on a bed", "09096-st_anne.jpg": "a group of people sitting in a doorway", "25043-1table1.jpg": "a display of oranges and other fruits on a table", "06156-madonna.jpg": "a group of people sitting around a building", "26348-nursery.jpg": "a black and white photo of a man and a woman", "43618-allegorz.jpg": "a group of people standing next to a stone wall", "39897-granduke.jpg": "an old photo of a woman in a costume", "29222-07nunzia.jpg": "a woman sitting on top of a large stone wall", "03043-08nativi.jpg": "a group of people sitting around a building", "14885-castorpo.jpg": "a group of people standing next to each other", "28613-3etreta2.jpg": "a large body of water next to a waterfall", "05544-01youngm.jpg": "a man wearing a hat and a tie", "03769-036madop.jpg": "a man sitting in a chair next to a man", "08576-3victor2.jpg": "a picture of a mountain in the background", "33352-otano.jpg": "a man standing next to a stone wall", "30815-mad_sack.jpg": "a woman holding a baby and a stuffed animal", "09846-courb109.jpg": "a group of people standing next to a dog", "22355-old_man4.jpg": "a black and white photo of a dog sitting in a dark room", "21252-musical1.jpg": "a group of people that are sitting down", "10683-pancraz4.jpg": "a vintage picture of a woman in a living room", "36188-madonna.jpg": "a statue of a woman sitting on a clock", "03687-ottheinr.jpg": "a close up of a person wearing a hat", "28792-martyrdo.jpg": "a large group of people dressed in costumes", "06223-man_lute.jpg": "a man in a black shirt is sitting at a table", "39091-07rezzo5.jpg": "a living room filled with furniture and a window", "07777-70arriva.jpg": "a group of people sitting on the back of a boat", "42227-0213vela.jpg": "a group of people standing around a dog", "41632-06entry.jpg": "a group of people standing next to each other", "12005-diana.jpg": "a man and a woman sitting on a beach", "24276-life7.jpg": "a group of people sitting on a wall", "22439-peasants.jpg": "a group of people sitting around a building", "15022-marque05.jpg": "a group of people sitting next to each other", "42635-31lovel.jpg": "a picture of a person in a room", "40398-duneland.jpg": "a group of people standing in front of a forest", "29413-comtesse.jpg": "a woman sitting on a couch with a dog", "38616-sjerome.jpg": "an old woman sitting on the ground next to a dog", "07279-canal808.jpg": "a building with a statue of people sitting on it", "43970-3annunci.jpg": "a woman is standing in front of a mirror", "30314-preachin.jpg": "a group of people standing around a stone wall", "12581-5empero1.jpg": "a man wearing a hat and a hat", "25198-s_anne.jpg": "a woman in a red dress holding a baby", "38197-portrai2.jpg": "a close up of a person wearing a hat", "11482-hanway.jpg": "a woman sitting on a chair in a room", "39313-14ceilin.jpg": "a man laying on the ground with a backpack", "03384-stillif.jpg": "a room with a lot of stuff on it", "22907-gradenig.jpg": "a statue of a man sitting on a bench", "05500-korah.jpg": "a group of people standing in front of a building", "38876-14udine.jpg": "a group of people sitting on top of a vase", "11028-507david.jpg": "a couple of women standing next to each other", "13295-annuncia.jpg": "a group of people standing next to each other", "02892-il_gesu2.jpg": "a large clock mounted to the side of a building", "07435-port_man.jpg": "a woman in a red jacket holding a hat", "28709-madchild.jpg": "a man and a boy are sitting in a bed", "44242-exchange.jpg": "a group of people standing in front of a building", "30414-v_jerome.jpg": "a group of people sitting in a room", "34196-s_andrew.jpg": "a black and white photo of a man sitting on a bench", "21543-landscap.jpg": "a forest with trees and trees in the background", "20581-couple1.jpg": "a group of people standing next to each other", "34971-2mustair3.jpg": "a painting of a painting of a man", "28364-2cherrie.jpg": "a bowl of fruit sitting on top of a wooden table", "23381-04febo2.jpg": "a woman in a dress is wearing a dress", "11960-orsett11.jpg": "a painting of a man and a baby bear", "21538-coustou.jpg": "a man in a suit and tie standing next to a statue", "13446-naples.jpg": "a group of people standing in front of a river", "06473-20innoce.jpg": "a crowd of people riding horses down a street", "30540-ragotin2.jpg": "a group of people standing next to each other", "37761-zwiefal2.jpg": "a close up of a cake on a table", "05368-glassvase.jpg": "a vase of flowers sitting on a table", "10011-herdemo1.jpg": "a man sitting in front of a mirror", "05091-youngvox.jpg": "a woman with long hair sitting on a couch", "13336-u1adam.jpg": "a black and white photo of a man in a dress", "30354-madonna.jpg": "a painting of a man with a teddy bear", "36600-virgin_c.jpg": "a woman standing next to a woman holding a cell phone", "41155-tripticx.jpg": "a picture of a painting on the wall", "11363-1delaroc.jpg": "a group of people sitting around a bed", "06017-praise_h.jpg": "a table that has a bunch of food on it", "31940-03josep3.jpg": "a group of people standing next to each other", "21141-view_squ.jpg": "a group of people standing outside of a building", "00249-visitat1.jpg": "a woman sitting on the ground next to a woman", "03582-birds.jpg": "a couple of men standing next to each other", "35870-village.jpg": "a couple of women standing next to each other", "07840-021woman.jpg": "a woman in a dress holding a basket", "30654-allegor.jpg": "a group of people sitting on top of a couch", "11975-1repeta1.jpg": "a white and white building with a chandelier", "03952-virgin_c.jpg": "a woman holding a baby in her arms", "28466-largemou.jpg": "a group of people standing on top of a mountain", "09441-winthrop.jpg": "a woman sitting on a wooden table in a room", "31807-1explosi.jpg": "a large group of people on a beach", "22546-3right.jpg": "a large building with statues and statues in it", "20822-viewbelt.jpg": "a group of people that are sitting on horses", "29452-interior.jpg": "a group of people standing in front of a building", "21213-richter1.jpg": "a woman with a tie and a tie", "09555-corot10.jpg": "a woman sitting on a bench reading a book", "09839-courb104.jpg": "a group of people standing next to each other", "20549-comminge.jpg": "a group of people sitting on a bench in a room", "19389-storm.jpg": "a view of a beach with a boat in the background", "22469-cicognar.jpg": "a man sitting at a table with a laptop", "35872-pastoral.jpg": "a couple of people standing next to a river", "03108-dolfin03.jpg": "a bunch of people that are in a room", "05058-boysmoke.jpg": "a woman sitting at a table with a glass", "43640-forestfl.jpg": "a painting of flowers in the middle of a tree", "09676-3giove1.jpg": "a room with a statue and a statue", "12585-8jerome.jpg": "a man in a red shirt is sitting on a table", "15892-certosa3.jpg": "a group of people sitting on top of an elephant", "22824-interior.jpg": "a group of people standing around a building", "38428-4laszlo.jpg": "a group of people are sitting on a couch", "39358-22adora.jpg": "a group of people and horses in a barn", "18271-0810grec.jpg": "a man holding a black object in his mouth", "00341-st_peter.jpg": "a group of people riding on the back of a boat", "00416-3george4.jpg": "a group of people standing next to each other", "06038-landscap.jpg": "a group of people sitting in front of a building", "06974-flowers.jpg": "a vase with flowers sitting on a table", "11704-8saints.jpg": "a statue of a man standing next to a statue", "39667-06carryi.jpg": "a woman is sitting on a wooden bench", "43386-virgin_c.jpg": "a baby sitting on top of a wooden wall", "19208-73portma.jpg": "a black and white photo of a man with a beard", "29984-beringhe.jpg": "a man in a brown shirt and a dog", "20186-model.jpg": "a man sitting on top of a chair next to a man", "08544-3figure4.jpg": "a man standing next to a statue of a man", "30269-y_woman.jpg": "a woman in a green shirt is holding a cigarette", "17443-ceiling.jpg": "a gold clock on a wall in a room", "36019-orator16.jpg": "an old building with a painting on the wall", "09037-12sylvia.jpg": "a group of people standing next to a river", "37186-portlady.jpg": "a woman holding a skateboard in her hands", "22260-manoffer.jpg": "a couple of people that are sitting down", "35469-07mythol.jpg": "a man petting a dog on a rock", "35136-centurio.jpg": "a couple of women standing next to each other", "42751-party.jpg": "a group of people standing next to each other", "14683-triptyc2.jpg": "a painting of a woman in a dress", "20877-dutchlan.jpg": "a herd of cattle walking across a dirt road", "34152-dartmout.jpg": "a statue of a woman in a dress", "33505-10portra.jpg": "a man standing next to a dark wall", "39603-2descent.jpg": "a group of people standing next to each other", "37233-saints30.jpg": "a man standing in front of a large building", "10823-stvaast1.jpg": "a group of people standing next to each other", "23240-saints.jpg": "a picture of a woman in a dress", "24395-s_thomas.jpg": "a man sitting on a couch with a dog", "39781-07mosti.jpg": "a man wearing a black jacket and a black hat", "35533-04allego.jpg": "a couple of people that are sitting in a room", "32079-flowers.jpg": "a bouquet of red flowers in a vase", "05793-interior.jpg": "a room with a window and a window", "12000-circe.jpg": "a man standing next to a group of dogs", "44528-federi06.jpg": "a group of people standing around a fire hydrant", "39683-08crowni.jpg": "a black and white photo of a man and a dog", "41903-pratolin.jpg": "a large building with a building in the background", "40311-202turne.jpg": "a picture of a boat in the water", "00636-lucrezia.jpg": "a woman wearing a hat sitting on a couch", "30547-stillif.jpg": "a room that has a bunch of stuff on it", "23357-15lucy2.jpg": "a group of people standing around in a room", "24831-magdalen.jpg": "a picture of a man holding a sign", "09144-king_fra.jpg": "a statue of a man sitting on a horse", "10914-christ_n.jpg": "a group of people sitting on a beach", "42335-milking.jpg": "a herd of cattle standing on top of a grass covered field", "29199-09munkac.jpg": "a group of people standing around a table", "37578-egypt.jpg": "a couple of people sitting on a bench", "35054-cardplay.jpg": "a man and a woman sitting on a couch", "03327-christ4e.jpg": "a group of people standing next to each other", "25284-07stpaul.jpg": "a group of people standing next to each other", "33340-venus_ad.jpg": "a woman holding a doughnut in her hand", "30536-fetegala.jpg": "a group of people standing around a christmas tree", "05823-1tripti1.jpg": "a woman standing in front of a large building", "32890-0eliodor.jpg": "a group of people standing next to a building", "03397-lamentat.jpg": "a group of people that are sitting on the ground", "17289-selfpo16.jpg": "a close up of a person wearing a suit", "36792-edward6a.jpg": "a young boy wearing a brown dress and tie", "15924-tempest.jpg": "a couple of people standing next to each other", "38759-night.jpg": "a black and white photo of a horse and a barn", "05824-1tripti2.jpg": "a woman standing in front of a large building", "30367-polyptyx.jpg": "a picture of a woman standing next to a painting", "41380-07dipty2.jpg": "a woman standing in front of a wall with a painting on it", "16426-evang2.jpg": "a group of people sitting in front of a building", "37913-morningz.jpg": "a woman sitting on a chair in a room", "09148-dauphin.jpg": "a close up of a person wearing a hat", "40367-3clock4.jpg": "a statue of a man with a face on his face", "26068-18portra.jpg": "a close up of a person wearing a leather jacket", "26758-05_61ms.jpg": "a close up of a clock on a table", "15531-3presen.jpg": "a group of people standing next to each other", "42005-solomoa.jpg": "a black and white photo of a group of people", "17494-04virgin.jpg": "a man holding a baby in his arms", "08316-virgin_c.jpg": "a picture of a woman in a dress", "39114-adorshep.jpg": "a group of people sitting on top of a bed", "03597-1trinity.jpg": "a group of people standing on a wooden bench", "14461-307fried.jpg": "a woman standing in front of a window", "00963-04lament.jpg": "a group of people standing next to each other", "43913-burghers.jpg": "a group of people standing next to each other", "43530-double_p.jpg": "a man wearing a hat and holding a book", "39991-3redhea1.jpg": "a brown bear standing next to a tree", "39656-04doloro.jpg": "a man in a suit and tie holding a hat", "29364-0view2.jpg": "a large clock is in the middle of a room", "20818-portrait.jpg": "a close up of a person wearing a mask", "16883-sheba.jpg": "a statue of a man standing in front of a building", "42796-1shephe1.jpg": "a group of people in a room with horses", "33341-baptist.jpg": "a woman kneeling down next to a cat", "34387-mother_d.jpg": "a couple of women standing next to each other", "16380-chris08.jpg": "a group of people standing next to each other", "15510-6resurr.jpg": "a group of people standing next to each other", "30600-1murano2.jpg": "a dog is sitting on top of a table", "10131-11religj.jpg": "a group of people standing next to each other", "44516-seaport.jpg": "a group of people standing next to a stone structure", "44311-christ_c.jpg": "a group of people standing next to each other", "32126-cattle.jpg": "a herd of cattle standing on top of a dirt field", "19508-eccehomo.jpg": "a group of people standing around a bed", "18212-0305grec.jpg": "a man in a leather jacket sitting on a table", "02861-sebastia.jpg": "a woman holding a baseball glove and holding a glove", "06854-esther.jpg": "a group of people standing in front of a building", "23813-5dejeun1.jpg": "a group of men standing next to each other", "23575-pendant1.jpg": "a black and white photo of a woman in a dress", "39947-2oldtest.jpg": "a painting of a woman sitting next to a statue", "31939-03josep2.jpg": "a group of people standing next to each other", "35877-virgin_c.jpg": "a group of people sitting on a bench", "13725-junoargu.jpg": "a group of people sitting on top of a bed", "43641-statue_p.jpg": "a statue of a man standing next to a statue", "19242-stillif1.jpg": "a dog sitting next to a vase of flowers", "17296-selfpo23.jpg": "a close up of a person with a <unk> on it", "37137-9commun.jpg": "a large group of people standing around each other", "34215-jesuit.jpg": "a man standing next to a dog in a dark room", "22159-younglad.jpg": "an image of a woman sitting on a bed", "16732-oratory.jpg": "a large painting on the wall of a building", "14452-215fried.jpg": "a view of a mountain with a mountain in the background", "21299-03paymen.jpg": "a group of people sitting around a table", "22533-2altar.jpg": "a group of people standing next to each other", "13232-stilfrui.jpg": "a bunch of fruit that are on a table", "23948-miracl7c.jpg": "a crowd of people standing in front of a building", "14312-2crucif1.jpg": "a couple of men standing next to each other", "11214-1890s_09.jpg": "a man riding on the back of a horse", "22677-02stjohn.jpg": "a statue of a man sitting on a statue", "23244-apollo.jpg": "a group of people sitting on a bed", "30691-paolina1.jpg": "a large room with a clock on the wall", "05308-31right.jpg": "a painting of a building and a building", "13469-hamilton.jpg": "a woman sitting on the back of a red chair", "10994-303david.jpg": "a dog is laying down on the bed", "07261-canal711.jpg": "a large building with a large building in the background", "18919-selfport.jpg": "a man wearing a tie and a black jacket", "32446-entrusti.jpg": "a black and white photo of a group of people", "30985-madonna.jpg": "a woman and a baby are sitting in a chair", "10835-sluicega.jpg": "a large body of water next to a river", "28931-quaiaugu.jpg": "a group of people standing next to a building", "05978-landsca2.jpg": "a group of people riding on the back of an elephant", "30734-jousse.jpg": "a man in a black shirt reading a book", "41695-081lazar.jpg": "a couple of people standing next to each other", "36856-rhenen.jpg": "a black and white photo of a boat on a beach", "19229-86regen.jpg": "a group of people standing around each other", "08930-martyrdo.jpg": "a room with a clock and a painting on the wall", "04802-dominic.jpg": "a couple of women standing next to each other", "07725-balloon.jpg": "a group of people standing in front of a building", "24271-life2.jpg": "a group of people sitting next to each other", "18173-finding.jpg": "a group of people sitting on top of a couch", "09298-vanitas4.jpg": "a table topped with lots of different items", "20103-29hooch.jpg": "a person sitting in a chair in a room", "18183-samaria.jpg": "a couple of women standing next to a statue", "39755-04udith.jpg": "a woman is holding a dog in her lap", "32056-shipping.jpg": "a black and white photo of a person in the water", "36291-portrart.jpg": "a woman in a leather jacket is holding a knife", "36447-rocky_la.jpg": "a group of animals that are in the woods", "39195-portfam.jpg": "a group of people sitting around a table", "39444-5parad1.jpg": "a living room with a fireplace and a fireplace", "09819-grove2.jpg": "a photo taken from a window over a river", "33312-kitchen1.jpg": "a table topped with lots of pots and pans", "36366-a_hunt.jpg": "a group of people riding horses in a field", "11273-207delac.jpg": "a man in a suit standing in front of a wall", "42807-2annunci.jpg": "a statue of a woman standing next to a statue", "19207-73noport.jpg": "a man wearing a hat with a hat on", "23877-4manet15.jpg": "a statue of a man standing next to a painting", "10680-pancraz.jpg": "a wall that has a painting on it", "13475-concert.jpg": "a group of people sitting around a wooden table", "40283-christ.jpg": "a group of men standing next to each other", "13271-jupiter.jpg": "a group of people sitting on top of a bed", "05279-6fragmen.jpg": "a painting of a person standing next to a statue", "44374-scene.jpg": "a group of people standing around a herd of horses", "03066-dianares.jpg": "a group of people and a dog in the woods", "20175-pottelsb.jpg": "a group of people standing around each other", "26688-lu01ele.jpg": "a painting of a woman sitting on a bench", "35147-lastsup.jpg": "a group of people standing around a table", "21275-moses.jpg": "a group of people that are sitting in a room", "25989-02last1.jpg": "a group of people standing in front of a building", "40862-04calvar.jpg": "a painting of a painting of a painting on the wall", "07937-dead_chr.jpg": "a group of people playing a game with a dog", "40902-13joseph.jpg": "a group of women standing next to each other", "09693-vallicel.jpg": "a group of people standing in a room", "32052-stillife.jpg": "a pair of black shoes sitting on top of a blanket", "23447-catherin.jpg": "a group of people sitting around a table", "13400-l4donor.jpg": "a man wearing a hat and a white hat", "15585-04corona.jpg": "a group of people standing next to each other", "31805-garden.jpg": "a couple of people standing next to a fence", "13996-jesusapp.jpg": "an old photo of a man and woman on a stage", "12034-p_schola.jpg": "a man sitting in a seat with a book", "00785-cortona2.jpg": "a statue of a woman in a dress", "22303-ladysuit.jpg": "a couple of people sitting on top of a green couch", "08198-judith.jpg": "a woman sitting on a bed holding a pair of scissors", "08959-roemer3.jpg": "a table with a glass of wine and a glass of wine", "07317-virgin_c.jpg": "a painting of a woman sitting on top of a horse", "24351-forestfy.jpg": "a painting of a flower arrangement in a tree", "31268-adoratio.jpg": "an old photo of a painting of a family", "10078-06altar.jpg": "a picture of a woman sitting on a mirror", "40878-03gudule.jpg": "a group of people standing next to each other", "07157-canal107.jpg": "a large building with people walking around it", "37584-portra_y.jpg": "a woman in a black shirt and black tie", "09621-venus_cu.jpg": "a man and a woman laying on the ground", "06097-madchild.jpg": "a woman in a pink dress is holding a baby", "30361-polypti5.jpg": "a picture of a woman in a dress", "15444-2ogniss1.jpg": "a group of people standing under an umbrella", "31961-04emmaus.jpg": "a group of people sitting around a table", "35844-deventer.jpg": "a sailboat on the shore of a lake", "26072-20young.jpg": "a man wearing a hat and a hat", "37792-2north2.jpg": "a group of people standing in front of a building", "33237-d_hume.jpg": "a man in a red shirt and a red tie", "14981-1paris02.jpg": "a man holding a stuffed animal in his hands", "19225-83slouch.jpg": "an old photo of a man wearing a hat", "33994-6cappell.jpg": "a painting of a man and a woman in a room", "21163-lamberg.jpg": "a picture of a man holding a baseball bat", "08065-strawbo1.jpg": "a woman dressed in a costume with a hat on", "34694-prede_c2.jpg": "a painting of a person sitting on a statue", "08655-071woman.jpg": "a man sitting in a room next to a woman", "31461-bufalini.jpg": "a large building with a painting on the wall", "39159-03valmar.jpg": "a large white building with a clock on it", "25046-fruit_st.jpg": "a painting of a vase with flowers on it", "41412-18chape2.jpg": "a painting of a woman standing next to a statue", "39280-5tomb.jpg": "a group of people sitting on top of a couch", "36952-models2.jpg": "a close up of a piece of <unk> in the ground", "41520-yfortune.jpg": "a statue of a shirtless man in a room", "40884-06khanen.jpg": "a clock with a picture of a woman on it", "44213-portalex.jpg": "a woman in a white dress is standing in the water", "08189-corvirgin.jpg": "a painting of a woman and a woman", "41462-josaphat.jpg": "a man sitting in a round round round round round mirror", "34309-maruce09.jpg": "a statue of a woman sitting on a bed", "24726-embrace.jpg": "a statue of a man standing next to a man", "42438-seasons1.jpg": "a group of people walking down a dirt road", "04816-david.jpg": "a painting of a man sitting next to a woman", "07264-canal714.jpg": "a large body of water with boats in it", "18809-madonna.jpg": "a group of people sitting on top of a couch", "07484-14basket.jpg": "a basket filled with lots of fruits and vegetables", "03184-mystic_m.jpg": "a group of people standing next to each other", "07890-crucifix.jpg": "a woman jumping up in the air with a dog", "43889-holyfam.jpg": "a couple of people sitting in a room", "32235-08baccha.jpg": "a group of people sitting on a beach", "38565-gallery2.jpg": "a bunch of pictures that are on a wall", "07144-marcellu.jpg": "a group of people standing next to each other", "04679-tobias.jpg": "a group of people in a room with a dog", "09643-grotesq2.jpg": "a painting of a vase filled with flowers", "30113-sacrific.jpg": "a couple of people that are laying on a bed", "22517-disputat.jpg": "a group of people standing next to each other", "42739-negotiat.jpg": "a group of people sitting on a beach", "14657-07baronc.jpg": "a large building with statues on it", "30311-maggiore.jpg": "a large building with a clock tower in the middle", "36892-s_louis2.jpg": "an old photo of a group of people", "21395-montmusa.jpg": "a large building with people sitting on it", "13592-promenad.jpg": "a group of people walking down a street", "21851-morning1.jpg": "a young girl sitting on a bed in a room", "33306-stillram.jpg": "a black and white photo of a table and a dog", "39153-17zianig.jpg": "a picture of a woman sitting on a painting", "28919-navagero.jpg": "a man in a suit and tie standing in front of a wall", "26139-36ursu09.jpg": "a picture of a painting on the wall", "14674-panel1.jpg": "a group of people standing next to a building", "08265-cecilia.jpg": "a woman standing in front of a black elephant", "21265-2youngma.jpg": "a man with a pair of scissors in his hands", "03387-stillmus.jpg": "a table with a statue and a horse on it", "05625-tondo.jpg": "a picture of a woman and a child", "06240-adorati1.jpg": "a group of people sitting on top of a wooden floor", "39038-2homer2.jpg": "a group of people standing next to each other", "17768-501goya.jpg": "a woman laying in a bed with a blanket", "24647-grabow4.jpg": "a couple of women sitting next to each other", "01085-st_rose.jpg": "a black and white photo of a woman and two children", "35170-adoratio.jpg": "a group of people standing next to each other", "17545-03portra.jpg": "a man wearing a hat and a tie", "44361-horseba.jpg": "a group of people riding horses on a dirt road", "36409-virgin_p.jpg": "a man in a blue shirt holding a tie", "40750-01icon33.jpg": "a painting of a woman in a dress", "13457-goldfinc.jpg": "a bird sitting on top of a wooden chair", "16735-hercules.jpg": "a group of women standing next to a statue", "41126-2bishop.jpg": "a painting of a woman in a dress", "10157-50religi.jpg": "a woman sitting in a chair holding a teddy bear", "38226-mechelen.jpg": "a large building with a clock on it", "41127-adorati.jpg": "a group of people standing next to each other", "39993-3redhea3.jpg": "a statue of a man sitting next to a painting", "18950-07poly.jpg": "a group of people standing next to each other", "13100-trictrac.jpg": "a woman standing next to a table with a laptop", "39350-06pillar.jpg": "a picture of a man and a woman", "16563-polyptyc.jpg": "a large ornate clock on the side of a building", "05809-5thefall.jpg": "a group of people that are in a room", "00737-rocco2.jpg": "a painting of a woman holding a book", "24594-st_anne4.jpg": "a dog sitting next to a man and a woman", "17018-nuenen38.jpg": "a black and white photo of a man and a man", "44070-2croy2.jpg": "a woman in a black jacket is holding a piece of paper", "20381-2morning.jpg": "a group of animals that are standing in the grass", "05199-11magici.jpg": "a group of people standing around a wooden table", "33240-portwife.jpg": "a young girl in a dress is standing next to a wall", "17253-auvers13.jpg": "a statue of a man standing next to a statue", "09852-courb114.jpg": "a group of people standing around a pile of food", "23077-4captur.jpg": "a group of people standing next to each other", "15446-3brozzi1.jpg": "a painting of a woman standing next to a statue", "09398-stillif2.jpg": "a group of vases sitting on top of a table", "20591-prodigal.jpg": "a group of people sitting around a table", "21174-roadruin.jpg": "a view of a field with a mountain in the background", "35356-stillif1.jpg": "a close up of a bunch of fruits and vegetables", "36414-bacchana.jpg": "a group of stuffed animals sitting on top of a shelf", "08721-shinneck.jpg": "a grassy field with a mountain in the background", "10008-vault2.jpg": "a large brown clock sitting on top of a wall", "04142-marketsq.jpg": "a group of people walking down a city street", "24427-0view.jpg": "a large building with a clock on it", "08274-st_john.jpg": "a man sitting in front of a mirror", "41394-12cruci.jpg": "a painting of a woman standing next to a clock", "43927-ladyhami.jpg": "a woman in a white dress holding a glass", "24558-madchild.jpg": "a statue of a man standing next to a clock", "34044-2renoi24.jpg": "a woman with a beard and a beard is holding a stick", "36883-cleopatr.jpg": "a statue of a woman standing next to a mirror", "42154-1view.jpg": "a building with a painting on the wall", "04589-temptati.jpg": "a group of people standing around a woman", "05284-02lastju.jpg": "a large group of people standing around a building", "37500-stillif1.jpg": "an orange and orange cat sitting on top of a table", "09699-05venus.jpg": "a group of people standing around a tree", "13625-02ferenc.jpg": "a couple of men standing next to a body of water", "09679-4marte1.jpg": "a room with a painting on the wall", "23406-seascape.jpg": "people sitting on a beach next to a boat", "14436-203fried.jpg": "a person standing next to a tree in the snow", "17216-copies08.jpg": "a statue of a statue and a statue of a statue", "00802-predel12.jpg": "a picture of a man standing in front of a fireplace", "41647-stjerome.jpg": "a man is holding a bird in his hand", "29415-henriett.jpg": "a woman sitting on a bed with an umbrella", "30225-4ducale5.jpg": "a statue of a man standing next to a statue", "20356-03ingres.jpg": "a man in a black jacket and a tie", "33442-06oldtet.jpg": "a man sitting on a bed with a dog", "44616-1cent3.jpg": "a statue of a man standing next to a statue", "40347-4green.jpg": "a painting of a man standing next to a stone wall", "38563-gallery.jpg": "a group of people standing in a room", "13789-margaret.jpg": "a woman sitting on the ground next to a body of water", "08280-holyfami.jpg": "a young boy and woman sitting on a couch", "12100-vill_str.jpg": "a group of people standing around a church", "12011-madonna.jpg": "a woman sitting in a chair next to a baby", "24988-crypt.jpg": "a painting of a man standing on top of a wall", "11196-1880s_16.jpg": "a group of people sitting on top of a wall", "09518-nymphs.jpg": "a group of people sitting on top of a wooden floor", "28446-landcott.jpg": "a mountain range with clouds in the background", "41381-08scene1.jpg": "a group of people standing in front of a building", "37147-prison.jpg": "a group of men standing next to each other", "05441-12judith.jpg": "a couple of women standing next to a statue of a horse", "42183-capitol2.jpg": "a group of people standing next to each other", "13468-felice.jpg": "a group of people laying on top of a bed", "40746-01icon2.jpg": "a statue of a man sitting next to a clock", "30842-saints2.jpg": "a woman in a dress holding a pair of scissors", "09807-virgchil.jpg": "a woman sitting in a chair holding a baby", "17439-awakenin.jpg": "a dog laying in a bed next to a dog", "05831-2erasmu2.jpg": "a man in a red hat with a dog", "19832-01amerba.jpg": "a man wearing a hat and a hat", "32157-port_man.jpg": "a close up of a person with a beard", "44510-ancient.jpg": "a statue sitting on top of a stone structure", "11118-early09.jpg": "a couple of men standing next to each other", "32334-02ignazi.jpg": "a large building with a bunch of statues on it", "00423-2crucif2.jpg": "a clock that is on top of a building", "22650-10panel2.jpg": "a black and white photo of three women sitting on a bench", "33009-10farnes.jpg": "a shirtless man standing in front of a large painting", "23824-2manet03.jpg": "a statue of a man wearing a suit and tie", "00739-10fieso1.jpg": "a group of people standing in front of a mirror", "00124-marketst.jpg": "a woman in a hat is sitting on a horse", "35569-16buckin.jpg": "a close up of a person wearing a leather jacket", "37303-8andrew.jpg": "a woman with a red tie standing next to a wall", "03000-family.jpg": "a group of people sitting on top of a couch", "10602-landhunt.jpg": "a group of people riding on the backs of horses", "03106-dolfin01.jpg": "a room filled with chairs and a chandelier", "37664-stillif1.jpg": "a table topped with lots of fruits and vegetables", "44246-intechur.jpg": "a dog is standing in front of a building", "31317-altar_p1.jpg": "a group of people in a small boat on the beach", "34302-maruce02.jpg": "a picture of some animals in a room", "42095-13elisha.jpg": "a group of people sitting around a table with food", "35588-06fourme.jpg": "a woman wearing a hat and a tie"}