{"35382-161relig.jpg": "a group of people sitting in a room", "40768-10icon.jpg": "a painting of a man and a woman on a wall", "14054-virgin_c.jpg": "a man laying in a chair holding a baby", "10286-02luthe2.jpg": "a man in a black shirt is looking at the camera", "42784-2wall1.jpg": "a group of people sitting around a building", "22606-9medici.jpg": "a woman in a dress holding a baby", "39550-henry4.jpg": "a close up of a person wearing a costume", "32947-05farne0.jpg": "a group of people that are in the water", "30872-1ceiling.jpg": "a clock on a wall in a room", "33549-72portra.jpg": "a woman sitting on a bed with a black umbrella", "28708-mad_chil.jpg": "a group of people standing on top of a stone wall", "16866-2west1.jpg": "a large building with statues and a clock", "21011-allegor.jpg": "a couple of women sitting on top of a bed", "39335-5prophet.jpg": "a man in a black jacket and a dog", "07408-pepoli.jpg": "a building with a checkered floor and a checkered floor", "13697-cecil_ma.jpg": "a woman standing next to a man holding a book", "05704-vulcan.jpg": "a group of people sitting on top of a bed", "42366-still3.jpg": "a table that has some food inside of it", "27117-colbert.jpg": "a close up of a person with a mask on", "24962-cassone3.jpg": "a group of people standing in front of a boat", "39788-13romano.jpg": "a man holding a piece of paper in his hand", "30407-mysticma.jpg": "an old photo of a woman and a baby", "31081-0view.jpg": "a large building with a clock on the wall", "29359-navalbat.jpg": "a black and white photo of a dog and a boat", "42601-21wjug.jpg": "a woman standing in a room next to a stove", "24320-bertin2.jpg": "a group of people standing in front of a building", "44736-1coral.jpg": "a group of people sitting on top of a beach", "26601-2ceil_ve.jpg": "a display case with a lot of pictures on it", "34160-mrjames.jpg": "a man sitting on a bench in a dark room", "15983-40allego.jpg": "a group of people standing next to a wall", "19177-54nopor2.jpg": "a woman in a hat is holding a white object", "03441-12jacob1.jpg": "a group of people standing around a pile of animals", "11292-314delac.jpg": "a group of people standing around a building", "06205-cosimo2.jpg": "a man is holding a dog in his lap", "44037-3columb.jpg": "a group of people standing next to each other", "31839-romecapr.jpg": "a group of people standing in front of a castle", "18533-februarz.jpg": "a group of people standing in a skate park", "03813-097dead.jpg": "a couple of men sitting next to each other", "40747-01icon3.jpg": "a couple of women standing next to each other", "43071-portrai2.jpg": "a black and white photo of a person wearing a hat", "41534-caterina.jpg": "a close up of a person wearing a tie", "26519-1donitop.jpg": "a group of people are sitting in a mirror", "00957-03prede2.jpg": "a group of people standing next to each other", "20755-daughtez.jpg": "a woman in a black jacket holding up her hand", "17490-6norfol7.jpg": "a bunch of signs that are on a wall", "29632-amarilli.jpg": "a woman sitting on a couch next to a group of sheep", "06256-00eleono.jpg": "a painting of a painting on the side of a building", "18097-7madonna.jpg": "a group of people sitting on a street", "06680-twelfth.jpg": "a group of people sitting around a building", "43396-f_virgi3.jpg": "a statue of a man standing next to a man", "13753-pitti.jpg": "a clock that is on top of a wall", "13909-lucius.jpg": "a group of people standing in front of a building", "36820-polyphem.jpg": "a man sitting on the ground holding a stick", "18365-1516grec.jpg": "a statue of a shirtless man in front of a wall", "31395-paolina4.jpg": "a group of people standing next to a elephant", "32996-5jacob.jpg": "a group of people sitting on top of a bed", "10017-bourbon.jpg": "a group of people sitting on top of a bed", "43422-fenelon.jpg": "a man wearing a blue shirt and tie", "04410-landscap.jpg": "a group of people standing next to a stone building", "26287-elegant.jpg": "a group of people sitting on top of a bed", "13559-2west1.jpg": "a group of people sitting in front of a building", "29274-207muril.jpg": "a black and white photo of a group of people", "11545-archer.jpg": "a group of people standing in front of a tree", "16172-chris23.jpg": "a large window with a painting on it", "25095-ursula.jpg": "a group of women standing next to each other", "07576-48palaf.jpg": "an old photo of a man and a child", "19111-17heythu.jpg": "a man is wearing a suit and tie", "04091-meeting.jpg": "a group of people standing in front of a building", "42111-01arezz1.jpg": "a stone building with a painting on the wall", "20982-doublepo.jpg": "a couple of women standing next to each other", "21714-p_family.jpg": "a group of people standing around a statue", "06805-scenes2.jpg": "a group of people standing in front of a building", "29582-altarpi1.jpg": "a gold and gold vase sitting on top of a table", "08968-stillife.jpg": "a plate of food on a table with a glass of wine", "11145-1870s_10.jpg": "a group of people standing around a building", "36422-noahsark.jpg": "a bunch of animals that are in a room", "00952-021annun.jpg": "a woman in a pink dress is holding a <unk>", "04073-praying.jpg": "a man sitting in a chair with a hat on", "09403-return.jpg": "a group of people standing next to each other", "41159-x_altar.jpg": "a painting on the side of a building", "08182-saints2.jpg": "a woman in a red dress holding a gun", "24959-burgwei2.jpg": "a group of women standing next to each other", "27067-port_ywo.jpg": "a close up of a person wearing a hat", "03790-057ferre.jpg": "a group of people standing next to a building", "19928-13anthon.jpg": "a close up of a person wearing a hat", "29771-roughsea.jpg": "a picture of a person in the water", "38194-panel2.jpg": "a group of people sitting on a bed", "34813-reveries.jpg": "a black and white photo of a person in the sand", "07178-canal222.jpg": "a group of people standing in front of a castle", "44509-deathque.jpg": "a living room filled with lots of furniture", "11367-5delaroc.jpg": "a group of people standing next to each other", "33646-05landsc.jpg": "a view of a mountain with a mountain in the background", "37471-f_basket.jpg": "a man sitting at a table filled with food", "04832-foxes.jpg": "a group of dogs and a dog and a horse", "39133-01zianig1.jpg": "a picture of a horse and a horse", "37575-cleopatr.jpg": "a woman in a red jacket holding an umbrella", "10506-camerino.jpg": "a vintage photo of a woman standing on a mantle", "21969-3leda.jpg": "a woman standing next to a large elephant", "06127-campovac.jpg": "a large group of people sitting in front of a building", "33414-37newtes.jpg": "a black and white photo of people sitting in a room", "18777-guard400.jpg": "a large building with people sitting on it", "09381-salisbu3.jpg": "a group of cows standing in front of a church", "13551-view1.jpg": "a group of people walking down a dirt road", "23229-humilit2.jpg": "a painting of a man standing next to a clock", "24370-franklin.jpg": "a woman sitting at a table with a table", "08526-4portra3.jpg": "a statue of a dog sitting on a bench", "33595-137portr.jpg": "a man wearing a hat and a hat", "39554-stthomas.jpg": "a group of people standing around a building", "43458-oude2.jpg": "a group of people standing outside of a building", "05552-09youngw.jpg": "a woman in a red dress with a tie", "32747-coronati.jpg": "a group of people standing around a painting", "04492-still_fi.jpg": "a pair of shoes sitting on top of a table", "08281-sacrifici.jpg": "a group of people sitting around a dog", "29692-avemaria.jpg": "a statue of a man standing next to a statue", "04152-notary.jpg": "a man in a black hat and a woman", "07692-rosso.jpg": "a large clock mounted to the side of a building", "20973-stil_lif.jpg": "a table that has some food on it", "01151-2portrai.jpg": "a man and woman sitting next to each other", "21797-winged_a.jpg": "a clock that is on top of a wall", "24774-1lady.jpg": "a close up of a person wearing a hat", "14167-023love.jpg": "a painting of a man holding a teddy bear", "07603-60alof.jpg": "a statue of a man wearing a costume", "32770-06diotal.jpg": "a woman holding a baby in a blue dress", "24185-selfwife.jpg": "a woman sitting on a table in a dress", "36080-1view1.jpg": "a large room with a painting on the wall", "16585-life_chr.jpg": "a painting of a building with people on it", "39236-5miracle.jpg": "a group of men sitting on top of a beach", "14399-holy_fam.jpg": "an old photo of a woman and a child", "07198-canal314.jpg": "a group of boats that are floating in the water", "26135-36ursu05.jpg": "a group of people standing under an umbrella", "14624-1south2.jpg": "a group of people standing next to a building", "36857-river_va.jpg": "a view of a city with a city in the background", "17551-09portra.jpg": "a young man wearing a hat and a hat", "24487-03bardi.jpg": "a statue of a man and a woman in a building", "36870-neythart.jpg": "a man in a black jacket holding a tie", "29754-portgent.jpg": "a woman is sitting on a table holding a <unk>", "07526-27ceras1.jpg": "a large clock mounted to the side of a building", "29653-duchess.jpg": "a little boy sitting in a red jacket", "12238-pre_v_8.jpg": "a painting of a man in front of a painting", "29664-family.jpg": "a group of people sitting around a christmas tree", "35073-p_yorke.jpg": "a man wearing a red jacket and a tie", "41444-11galati.jpg": "a painting of a man and a clock on a wall", "38678-gesina.jpg": "a close up of a person sitting down", "15343-poggio5.jpg": "a clock on the side of a building", "18911-10aurora.jpg": "an old photo of a woman sitting on top of a horse", "16910-diptych1.jpg": "a couple of people standing next to a tree", "28759-3marytud.jpg": "a man sitting on a couch wearing a hat", "13497-zodiac02.jpg": "a group of statues on display in a room", "34164-portlady.jpg": "a close up of a person wearing a white shirt", "31945-06cosimo.jpg": "a man in a red jacket holding a red jacket", "42352-garden_p.jpg": "a group of people standing around a table with food", "20738-offering.jpg": "a group of people standing next to each other", "40778-cardinal.jpg": "a man in a red hat sitting at a table", "13730-adam_eve.jpg": "a group of people standing around a bunch of cows", "26644-09_1pr6.jpg": "a group of people sitting on top of a wooden bench", "20043-05supper.jpg": "a group of people sitting around a table", "21050-lafont.jpg": "a woman sitting on a bed with a teddy bear", "31250-lapiths.jpg": "a large group of people standing next to each other", "18407-1907grec.jpg": "a painting of a man and a cat on a <unk>", "37635-massacre.jpg": "a crowd of people are riding on horses", "36392-4borgo5.jpg": "a group of people standing next to each other", "13799-medea.jpg": "a group of people standing on top of a beach", "42599-20balan.jpg": "a woman standing in front of a wooden table", "38360-birth.jpg": "a group of people sitting around a building", "39138-06zianig.jpg": "a painting of a man on a boat with two statues", "41687-01corona.jpg": "a group of people standing next to each other", "18538-2seasons.jpg": "a group of people standing around a house", "09873-courb211.jpg": "a close up of a person wearing a hat", "19549-scene.jpg": "a crowd of people standing in front of a building", "28363-1market.jpg": "a group of people standing around a table full of fruit", "06519-04portra.jpg": "a close up of a person with a cow", "04794-1christ.jpg": "a group of people sitting around a table", "03072-virgin_c.jpg": "a group of people standing around a tree", "07964-farnes08.jpg": "a group of people sitting on top of a beach", "03553-adoratio.jpg": "a group of people standing in a room", "20047-06christ.jpg": "a group of people standing around a table", "40891-031virgi.jpg": "a woman sitting on a bed with a book", "19262-foxcourt.jpg": "a group of birds sitting on top of a tree", "16022-franc04.jpg": "an old building with a statue and a statue", "21301-04jeromf.jpg": "a man is sitting on the floor holding a bag", "13949-ceiling.jpg": "a clock is displayed on the side of a building", "42712-seashore.jpg": "a group of people standing in a rocky area", "24742-crucifix.jpg": "a statue of a woman standing next to a clock", "18527-3autumn.jpg": "a group of people standing around a building", "39724-4dian_c.jpg": "a group of people that are sitting on the ground", "37652-3gesu.jpg": "a group of people standing around a fire place", "15941-threephi.jpg": "a group of people standing around a tree", "32264-16dance.jpg": "a group of people standing next to each other", "19921-07portra.jpg": "a man in a black jacket holding a baseball", "44575-portrai1.jpg": "a close up of a person wearing a hat", "25125-scene2.jpg": "a couple of women standing next to each other", "02761-landscap.jpg": "a group of people standing on top of a dirt road", "30091-zdiptic2.jpg": "a statue of a man in front of a wall", "12523-3portrai.jpg": "a man wearing a black hat and a black hat", "18771-guard311.jpg": "a large body of water filled with lots of boats", "43839-gamebird.jpg": "a group of animals that are sitting on the ground", "11539-stil_lif.jpg": "a table topped with bowls and bowls of food", "36117-quartesi.jpg": "a woman is sitting in a dark room", "03773-060agon.jpg": "a group of people sitting on top of an elephant", "35836-riverlan.jpg": "a body of water with a flag on it", "13761-davic.jpg": "a black and white photo of a woman and a bear", "21819-stilpark.jpg": "a bouquet of flowers sitting on a table", "05980-landsca1.jpg": "a herd of cattle laying on top of a stone surface", "19073-merrycom.jpg": "a group of people sitting on a couch", "42806-1gemini2.jpg": "a statue of a man in a red dress", "17965-05cintol.jpg": "a large painting of a painting on a wall", "10676-mad_enth.jpg": "a clock with a painting on the side of it", "41156-virginan.jpg": "a woman standing in front of a wooden table", "05264-1paradi2.jpg": "a painting of a man on a horse", "04612-furtrade.jpg": "a group of people in a boat on the water", "18710-1ospeda2.jpg": "a group of people sitting next to a dog", "42682-mameluk.jpg": "a statue of a man standing next to a horse", "38859-the_ark.jpg": "a bunch of animals that are in a field", "43714-son_dog.jpg": "a man standing next to a brown and white dog", "26762-09_61ms.jpg": "a close up of a person holding a <unk>", "21000-portgent.jpg": "a man in a suit and tie holding a hot dog", "08600-gent_boy.jpg": "a man and a woman standing next to each other", "37273-madonna.jpg": "a couple of women standing next to each other", "24300-04marko.jpg": "a group of people in a field with trees", "24909-francis4.jpg": "a painting of a painting on the side of a building", "04804-cremona2.jpg": "a woman standing next to a woman in a room", "25165-marymag2.jpg": "a woman in a bikini holding a red object", "30841-saints1.jpg": "a woman in a dress holding a parasol", "20912-forestsc.jpg": "a tree in the middle of a forest", "08284-mocking.jpg": "a group of people standing next to each other", "06485-01weddin.jpg": "a group of people standing around a table with food", "00453-arthaber.jpg": "a group of people sitting in a living room", "20548-virgin_m.jpg": "a picture of a woman in a dress", "10904-adoratio.jpg": "a group of people standing around a building", "38379-combat.jpg": "a man sitting on a couch with a dog", "44739-assembly.jpg": "a group of people riding on the back of a crowd", "19909-07howard.jpg": "a woman wearing a hat and a tie", "13214-altarpi2.jpg": "a building with a mirror and a black umbrella", "28384-allegorz.jpg": "a man in a black hat sitting in a chair", "08319-xpanel2.jpg": "a man in a dress holding a guitar", "25872-themarne.jpg": "a large body of water surrounded by trees", "41123-0altarpi.jpg": "a clock on the side of a wall", "20490-banquet.jpg": "a group of people sitting around a table", "10322-09elect3.jpg": "a close up of a person wearing a hat", "12213-pre_f_4x.jpg": "a close up of a person with a dog", "44050-6diptic.jpg": "a couple of people that are standing on a wall", "30217-3orio3.jpg": "a group of people standing next to each other", "38982-03labia.jpg": "a large building with a clock and statues in it", "12474-03coatar.jpg": "a painting of a woman wearing a hat", "36659-residenz.jpg": "a room with a painting on the wall", "24812-werl_l.jpg": "a couple of men standing next to each other", "36429-hunters2.jpg": "a group of people standing in a forest", "08671-03peeli.jpg": "a man in a dress sitting on a towel", "38444-12szinye.jpg": "a bunch of red flowers in a field", "39746-11venusa.jpg": "a group of people riding on the backs of dogs", "24821-triptyc1.jpg": "a group of women standing next to a statue", "29479-river_mo.jpg": "a black and white photo of a herd of horses in a field", "42441-wherethe.jpg": "a group of people standing in front of a building", "24465-pisa_pr2.jpg": "a group of people standing next to each other", "20188-imaginar.jpg": "a large cathedral with a clock on top of it", "20619-charlata.jpg": "a group of people that are sitting on a couch", "23059-42nichol.jpg": "a couple of people sitting on a wooden bench", "04741-emmaus.jpg": "a group of people sitting around a table", "05283-01lastju.jpg": "a picture of a woman standing next to a mirror", "37849-river_la.jpg": "a group of people standing next to a river", "04845-peasants.jpg": "a group of people that are sitting in the dirt", "11366-4delaroc.jpg": "a woman reading a book while sitting on a bench", "39972-12early.jpg": "a man is sitting on a rock with a dog", "11583-cecilia.jpg": "a woman sitting in front of a laptop computer", "17149-portra01.jpg": "a statue of a man sitting on a brick wall", "44595-4muses1.jpg": "a large statue of a statue in a room", "05878-campagna.jpg": "a wooded area with trees and trees in the background", "43140-jacob_jo.jpg": "a group of people standing around each other", "15972-00allego.jpg": "a clock hanging from the ceiling of a building", "15215-joseph.jpg": "a couple of women sitting on a couch", "35613-15landsc.jpg": "a group of people riding horses in a village", "20263-landscap.jpg": "a herd of sheep standing next to a tree", "44171-c_tromp.jpg": "a woman in a dress is holding a purse", "04765-campagna.jpg": "a group of people sitting in the water next to a river", "10915-crucifix.jpg": "a group of people standing next to each other", "38481-david.jpg": "a man with a beard and a black shirt", "43849-prodigal.jpg": "a group of people standing next to a building", "36816-organ4.jpg": "a black and white photo of a man in a dress", "00014-deerhunt.jpg": "a group of people standing next to each other", "30944-books.jpg": "a broken wooden object sitting on the ground", "41889-vendra12.jpg": "a painting of a man and woman sitting on a wall", "06637-stil_flo.jpg": "a vase filled with flowers sitting on top of a table", "26296-landgrav.jpg": "a woman is holding a pair of scissors", "41415-20davanz.jpg": "a painting of a man standing next to a statue", "34117-dianaend.jpg": "a group of people riding on the backs of elephants", "39583-00view.jpg": "a large building with a clock on top of it", "31938-03josep1.jpg": "a group of people standing next to each other", "34220-shepherd.jpg": "a group of people that are sitting down", "22761-ecstasy.jpg": "a group of people that are in a room", "04098-portrait.jpg": "a man sitting in front of a painting on a wall", "03574-08reale.jpg": "a group of people that are in a room", "15910-01holyfa.jpg": "a man and a woman sitting on a bench", "12219-pre_f_6.jpg": "a painting of a man sitting on top of a painting", "03996-bello304.jpg": "a view of a city in a city", "42184-capitol3.jpg": "a group of people riding on the backs of horses", "33375-maryburg.jpg": "a woman in a red dress holding a sandwich", "33421-64newtes.jpg": "a man is laying in the dark with a dog", "03584-01ventur.jpg": "a large clock mounted to the side of a wall", "13564-3east1.jpg": "a group of people standing next to each other", "40093-1gouach3.jpg": "a statue of a person sitting on a <unk>", "07649-roadcalv.jpg": "a group of people standing next to each other", "32490-annuncia.jpg": "a couple of women standing next to each other", "07466-08cardsh.jpg": "a group of men sitting down next to each other", "12452-skittle.jpg": "a group of people sitting in front of a house", "15156-02quarat.jpg": "an old fashioned clock and a statue", "03523-virgin_c.jpg": "a group of people that are sitting on a couch", "07959-farnes03.jpg": "a large stone building with statues on the wall", "37939-drinker.jpg": "a group of people sitting around a table", "09003-03cephal.jpg": "a group of people standing on top of a dirt road", "37903-doctor_v.jpg": "a group of people sitting in a room", "39645-3resurre.jpg": "a couple of men sitting on a couch with a dog", "30981-catherin.jpg": "a woman in a black dress is sitting on a chair", "12568-2empero2.jpg": "a statue of a man wearing a hat and tie", "06688-wedding1.jpg": "a large group of people sitting around a table", "23763-senators.jpg": "a group of people standing around in a room", "25224-karlstei.jpg": "a room with a painting on the wall", "09750-madonna.jpg": "a statue of a man and a man in a room", "17410-hercule1.jpg": "a man sitting on a bed with a dog", "20593-annuncia.jpg": "a woman standing next to a woman in a room", "26155-37nogr5.jpg": "a man standing next to a group of chickens", "03332-lamentat.jpg": "a group of people sitting on a bed", "10979-2041davi.jpg": "a man in a black jacket and a hat", "33645-04landsc.jpg": "a large tree with trees in the background", "16481-30stigma.jpg": "a statue of a man standing next to a statue", "10089-17altar.jpg": "a couple of women standing next to each other", "19484-3portrai.jpg": "a man in a hat and tie sitting at a table", "17822-806goya.jpg": "a man and a woman are sitting on a bed", "19358-severine.jpg": "a woman sitting in front of a pile of books", "13090-jeroboam.jpg": "a group of people standing around a building", "20532-predel5.jpg": "a group of people standing next to each other", "40387-3crucifi.jpg": "a group of women standing next to each other", "00195-5verospi.jpg": "a wall with a clock on top of it", "05600-130nativi.jpg": "a painting of a group of people and statues", "12383-party_ch.jpg": "a group of people standing around a group of horses", "14309-port_man.jpg": "a close up of a person wearing a hat", "13380-2closed.jpg": "a picture of a man and a statue", "11706-bihari.jpg": "a man wearing a brown jacket and a brown purse", "19737-lyttelto.jpg": "a man in a suit and tie wearing a hat", "00321-riverla1.jpg": "a couple of people standing next to a river", "29404-psyche.jpg": "a group of people sitting in a room", "21272-chariot.jpg": "a picture of a man and a statue", "15270-104gerid.jpg": "a man is wearing a suit and tie", "30733-jb_oudry.jpg": "a man in a military uniform holding a knife", "04009-golden2.jpg": "a large building with a painting on it", "39343-02moses.jpg": "a group of people sitting on top of a table", "33593-135portr.jpg": "a man wearing a hat and a hat", "19469-stillobs.jpg": "a bunch of fruit sitting on top of a table", "12010-jupiter1.jpg": "a man sitting next to a man on a couch", "10125-16jerome.jpg": "a living room with a dog sitting on the floor", "14425-101fried.jpg": "a group of people on boats in a body of water", "29603-triptyc3.jpg": "a woman in a yellow dress is wearing a costume", "23621-joseph.jpg": "an old building with a large wooden ceiling", "16733-oratory1.jpg": "a group of people standing next to each other", "39791-15varchi.jpg": "a man in a black shirt is holding a bottle", "32276-05landsc.jpg": "a woman standing next to a river with a dog", "25372-shadow.jpg": "a couple of women standing next to each other", "07633-87crowni.jpg": "a group of people that are sitting on a couch", "28383-allegory.jpg": "a black and white photo of a person laying on a bed", "33535-46portra.jpg": "an image of a woman holding a piece of hair", "23622-monks1.jpg": "a black and white photo of a man and woman", "43546-nativity.jpg": "a group of people standing around a building", "41878-vendra01.jpg": "a room with a chandelier and a chandelier", "44275-6rome.jpg": "a group of people standing next to a stone building", "43683-vuilla01.jpg": "a dog laying on top of a cement wall", "17804-708goya.jpg": "a group of people standing next to a statue", "07644-vision.jpg": "an old photo of a man and a man", "25934-foundati.jpg": "a group of people standing next to a building", "16526-annuncia.jpg": "a picture of a man and a mirror", "12472-01mother.jpg": "a man wearing a hat and holding a cell phone", "37001-theford.jpg": "a group of people riding on the backs of horses", "16150-chris15.jpg": "a group of people standing next to each other", "37416-portlady.jpg": "a woman sitting on a ledge holding a flower", "16535-standar1.jpg": "a statue of a woman standing in front of a building", "39497-14cornar.jpg": "a man standing in front of a dark wall", "44521-josiah.jpg": "a man laying on a couch next to a man", "34912-04catala.jpg": "a clock with a picture of a man on it", "38044-nanette.jpg": "a woman wearing a dress and a bow tie", "30789-galitzip.jpg": "a man jumping in the air next to a man", "06041-village.jpg": "a group of people riding horses down a dirt road", "43741-horse_dr.jpg": "a horse that is standing in the dirt", "29538-maximili.jpg": "a man in a hat is eating a hot dog", "33003-04farnes.jpg": "a large group of people in a room", "42977-2music2.jpg": "a group of people sitting on a table", "23584-port_wox.jpg": "a man sitting in a bed holding a remote", "20122-50hooch.jpg": "a woman sitting on a chair with a dog", "07991-annuncia.jpg": "a woman standing next to a woman in a room", "31458-adorati.jpg": "a group of people standing next to a building", "41388-10colom3.jpg": "a group of people standing next to each other", "03116-triumph1.jpg": "a group of people sitting on top of a body of water", "30581-stil_lix.jpg": "a couple of animals sitting on top of a table", "19913-01berck.jpg": "a man wearing a hat and a hat", "20230-hylas.jpg": "a couple of women standing next to each other", "33562-091portr.jpg": "a man wearing a hat holding a baseball bat", "07266-canal716.jpg": "a group of people in boats on a river", "43544-lukepain.jpg": "a group of people sitting on a wooden bench", "36715-colonna.jpg": "a large building with a clock on top of it", "12493-08lotdau.jpg": "a group of people standing next to each other", "18921-21pardon.jpg": "a group of people standing around a statue", "04039-transfig.jpg": "a group of people sitting on top of horses", "38435-03szinye.jpg": "a person sitting on the ground with a stuffed animal", "12525-01veneti.jpg": "a woman is posing for a picture with her purse", "30570-estuary.jpg": "a large body of water with a boat in the background", "08673-04racket.jpg": "a woman sitting on a chair holding a flower", "00608-6tomyri.jpg": "a statue of a statue of a bear statue", "21205-solano.jpg": "a group of people standing around each other", "29473-landscap.jpg": "a person standing next to a body of water", "08447-stillife.jpg": "a close up of a plate of food on a table", "41540-sleeping.jpg": "a close up of a person with a stuffed animal", "16508-20stefan.jpg": "a clock with a picture on it", "44494-stillif5.jpg": "a bowl of fruit sitting on top of a table", "35566-14mariem.jpg": "a black and white photo of a woman in a suit", "10414-17father.jpg": "a man wearing a black jacket holding a cell phone", "20489-madonna.jpg": "a painting of a man and a statue", "26152-37nogr2.jpg": "a group of people standing around a building", "03623-children.jpg": "a little girl standing next to a dog", "34132-banker_w.jpg": "a couple of people that are sitting down", "20518-2l2_up2.jpg": "a group of people standing next to each other", "42241-0309vela.jpg": "a man and a dog sitting next to a tree", "12576-2virgin.jpg": "a man wearing an orange shirt and tie", "19881-2erasmus.jpg": "a man wearing a hat and a tie", "06628-allegory.jpg": "a group of animals that are on the ground", "07277-canal806.jpg": "a group of people standing around a building", "23579-po_woman.jpg": "a young man sitting down holding a cell phone", "04948-querini.jpg": "a man in a red jacket and a red tie", "08659-09h_card.jpg": "a man sitting on a table reading a book", "40233-saints_1.jpg": "a man standing next to a statue of a statue", "16393-chris21.jpg": "a painting of a woman in a room", "43666-drovers.jpg": "a herd of animals standing next to a river", "21664-magdalen.jpg": "a woman sitting on the ground next to a pile of clothes", "09324-pitti1.jpg": "a large ornate building with statues on it", "37881-annunci2.jpg": "a woman sitting on a ledge with a cell phone", "00069-chapel.jpg": "a living room filled with lots of furniture", "08683-08waterj.jpg": "a black and white photo of a bird on the ground", "04941-virgchil.jpg": "a woman sitting on a couch next to a baby", "12039-woman.jpg": "a woman sitting in front of a fire hydrant", "29850-madonna.jpg": "a statue of a man holding a baby", "25986-02last.jpg": "a group of people are standing in a room", "07245-canal614.jpg": "a large group of people standing next to each other", "32137-horses_f.jpg": "a couple of horses standing next to each other", "22204-4cardpla.jpg": "a group of people sitting on a couch", "41018-14outdoo.jpg": "a group of people standing around a building", "35665-deesis2.jpg": "a statue of a person wearing a costume", "14710-06wilkin.jpg": "a man holding a cane while standing next to a tree", "18122-praxedes.jpg": "a couple of women sitting next to each other", "16977-1etten1.jpg": "a close up of a cake on a table", "22965-32huntar.jpg": "a group of people standing next to each other", "04183-dogana.jpg": "a woman standing next to a boat in front of a building", "15436-virgin_e.jpg": "a couple of women standing next to a statue", "30906-annuncia.jpg": "a couple of women standing next to each other", "38921-04apollo.jpg": "a group of people standing next to each other", "42425-al-arm.jpg": "a statue of a man sitting on a horse", "35122-view_sal.jpg": "a body of water with a boat in the background", "09844-courb107.jpg": "a man sitting on a couch next to a clock", "13800-miriam.jpg": "a woman holding a skateboard in front of a wall", "21093-chinese.jpg": "a man in a suit and tie standing in a dark room", "42944-2ceilin2.jpg": "a couple of people standing next to each other", "18463-complain.jpg": "a young girl is sitting on a bed", "11685-3saints.jpg": "a group of people standing next to each other", "38261-lawrence.jpg": "a group of people standing next to each other", "11991-allegor.jpg": "a woman in a yellow dress sitting on a horse", "03170-sultana.jpg": "a black and white photo of a woman in a costume", "42315-1006vela.jpg": "a little girl sitting on top of a bed", "12138-nude1.jpg": "a woman in a yellow dress is holding a banana", "39561-01rustic.jpg": "a woman standing next to a woman on a beach", "39162-04valma1.jpg": "a group of women standing in front of a building", "25010-triptych.jpg": "a picture of a painting on a wall", "15119-lairesse.jpg": "a black and white photo of a woman in the dark", "29883-emmaus.jpg": "a group of people sitting at a table with food", "40189-hunting.jpg": "a group of people sitting around a table", "11257-104delac.jpg": "a close up of a person in a dark room", "19761-watemil2.jpg": "a house with a wooden fence and a house", "23347-09nicho.jpg": "a group of people sitting on a beach", "35144-madonna.jpg": "a picture of a woman and a woman", "02936-carrying.jpg": "a group of people in costumes on horses", "37533-scene01.jpg": "a group of horses that are in a building", "07881-2camerin.jpg": "a group of people standing in front of a building", "39674-12lawren.jpg": "a group of people riding on top of elephants", "06217-m_medici.jpg": "a woman is holding her arm up to her face", "03503-giacinta.jpg": "a woman sitting on a bed with a book", "23806-3early1.jpg": "a group of people standing next to each other", "38069-samson.jpg": "a couple of people sitting on a couch", "12571-5cleric.jpg": "a man wearing a hat with a hat on", "08134-birds5.jpg": "a group of birds that are standing on the ground", "03464-1interio.jpg": "a large cathedral with a large cathedral in it", "11270-204delac.jpg": "a group of animals that are in a room", "43848-portgent.jpg": "a woman standing next to a group of people", "24178-holyfami.jpg": "a group of people sitting on a couch", "44202-viewtham.jpg": "a group of people sitting on a beach next to a lake", "08128-pitti1.jpg": "a large room with many tables and chairs", "35470-08mythol.jpg": "a group of people standing next to each other", "28420-violinis.jpg": "a man in a red hat sitting in front of a wall", "13710-saronno.jpg": "a clock that is on top of a table", "20794-portrai0.jpg": "a close up of a person wearing a tie", "09241-dominic.jpg": "a statue of a man standing next to a statue", "05987-stillife.jpg": "a statue of a clock on top of a table", "20328-flowers3.jpg": "a bouquet of flowers sitting on top of a table", "16929-death_v0.jpg": "a group of people sitting on a bed", "40317-206turne.jpg": "a cow drinking water from a body of water", "14529-pantalon.jpg": "a group of people riding on top of horses"}